LAST_STEP_ORIGIN_ID,SHP_TYPOLOGY,DIC_SERVICE_ID,DT_PREVISTA_COLETA,CTD_SHIPMENT_ID
1183248519,GM,Loggi,Tue Jul 21 2026 04:00:00 GMT-0300 (Brasilia Standard Time),1
1246927119,GM,J&T Nodos,Fri Aug 21 2026 04:00:00 GMT-0300 (Brasilia Standard Time),1
1246927119,LARGE,Dominalog,Tue Jul 28 2026 04:00:00 GMT-0300 (Brasilia Standard Time),1
1246927119,LARGE,Dominalog,Fri Aug 07 2026 04:00:00 GMT-0300 (Brasilia Standard Time),1
1246927119,LARGE,Dominalog,Wed Aug 12 2026 04:00:00 GMT-0300 (Brasilia Standard Time),1
1246927831,LARGE,Carvalima,Mon Aug 17 2026 04:00:00 GMT-0300 (Brasilia Standard Time),1
1246927831,LARGE,Dominalog,Tue Aug 18 2026 04:00:00 GMT-0300 (Brasilia Standard Time),1
1246933423,LARGE,Jad,Wed Aug 12 2026 04:00:00 GMT-0300 (Brasilia Standard Time),1
1246934035,LARGE,Jad,Tue Aug 04 2026 04:00:00 GMT-0300 (Brasilia Standard Time),1
1246934183,LARGE,Jad,Wed Aug 19 2026 04:00:00 GMT-0300 (Brasilia Standard Time),1
1246935563,GM,J&T Nodos,Mon Aug 17 2026 04:00:00 GMT-0300 (Brasilia Standard Time),1
1246936177,LARGE,Jad,Fri Aug 07 2026 04:00:00 GMT-0300 (Brasilia Standard Time),1
1246938652,GM,J&T Nodos,Sat Aug 15 2026 04:00:00 GMT-0300 (Brasilia Standard Time),1
1246939206,GM,Carvalima,Sat Aug 15 2026 04:00:00 GMT-0300 (Brasilia Standard Time),1
1246939206,LARGE,Dominalog,Wed Aug 19 2026 04:00:00 GMT-0300 (Brasilia Standard Time),1
1246939206,OVERSIZE,Dominalog,Fri Aug 14 2026 04:00:00 GMT-0300 (Brasilia Standard Time),1
1246939949,LARGE,Loggi,Sat Aug 08 2026 04:00:00 GMT-0300 (Brasilia Standard Time),1
1246940285,GM,J&T Nodos,Fri Aug 21 2026 04:00:00 GMT-0300 (Brasilia Standard Time),1
1246942037,GM,Jad,Sat Aug 01 2026 04:00:00 GMT-0300 (Brasilia Standard Time),1
1246943002,OVERSIZE,Dominalog,Tue Aug 11 2026 04:00:00 GMT-0300 (Brasilia Standard Time),1
1247463754,GM,J&T Nodos,Fri Aug 14 2026 04:00:00 GMT-0300 (Brasilia Standard Time),1
1247494847,GM,Loggi,Tue Aug 18 2026 04:00:00 GMT-0300 (Brasilia Standard Time),2
1247497855,LARGE,Dominalog,Mon Aug 17 2026 04:00:00 GMT-0300 (Brasilia Standard Time),1
1247501209,LARGE,Dominalog,Mon Aug 17 2026 04:00:00 GMT-0300 (Brasilia Standard Time),1
1251810934,LARGE,Dominalog,Tue Aug 11 2026 04:00:00 GMT-0300 (Brasilia Standard Time),1
1294699153,GM,Loggi,Wed Aug 12 2026 04:00:00 GMT-0300 (Brasilia Standard Time),1
1306249086,LARGE,Loggi,Fri Aug 07 2026 04:00:00 GMT-0300 (Brasilia Standard Time),1
1351653893,LARGE,Dominalog,Fri Aug 14 2026 04:00:00 GMT-0300 (Brasilia Standard Time),1
1351653893,LARGE,Dominalog,Wed Aug 19 2026 04:00:00 GMT-0300 (Brasilia Standard Time),1
1351653893,OVERSIZE,Dominalog,Sat Aug 15 2026 04:00:00 GMT-0300 (Brasilia Standard Time),1
1351654725,GM,Jad,Thu Aug 06 2026 04:00:00 GMT-0300 (Brasilia Standard Time),1
1351656915,GM,Loggi,Mon Aug 17 2026 04:00:00 GMT-0300 (Brasilia Standard Time),1
1351663333,LARGE,Jad,Tue Aug 18 2026 04:00:00 GMT-0300 (Brasilia Standard Time),1
1351666855,LARGE,Jad,Sat Jul 25 2026 04:00:00 GMT-0300 (Brasilia Standard Time),1
1352415517,LARGE,Dominalog,Mon Aug 17 2026 04:00:00 GMT-0300 (Brasilia Standard Time),1
1352416371,OVERSIZE,Jad,Sat Jul 25 2026 04:00:00 GMT-0300 (Brasilia Standard Time),3
1352922222,GM,Loggi,Tue Aug 04 2026 04:00:00 GMT-0300 (Brasilia Standard Time),1
1352925816,LARGE,Jad,Tue Aug 18 2026 04:00:00 GMT-0300 (Brasilia Standard Time),1
1352927698,LARGE,Jad,Mon Aug 10 2026 04:00:00 GMT-0300 (Brasilia Standard Time),1
1352935238,LARGE,Dominalog,Mon Aug 10 2026 04:00:00 GMT-0300 (Brasilia Standard Time),1
1352937938,LARGE,Loggi,Fri Aug 07 2026 04:00:00 GMT-0300 (Brasilia Standard Time),1
1381873829,LARGE,Dominalog,Mon Aug 17 2026 04:00:00 GMT-0300 (Brasilia Standard Time),1
1399139803,OVERSIZE,Dominalog,Tue Aug 18 2026 04:00:00 GMT-0300 (Brasilia Standard Time),2
1404481380,LARGE,Dominalog,Sat Aug 15 2026 04:00:00 GMT-0300 (Brasilia Standard Time),2
1404481380,LARGE,Dominalog,Mon Aug 17 2026 04:00:00 GMT-0300 (Brasilia Standard Time),7
1406271231,GM,J&T Nodos,Thu Aug 13 2026 04:00:00 GMT-0300 (Brasilia Standard Time),2
1407366791,LARGE,Dominalog,Thu Aug 13 2026 04:00:00 GMT-0300 (Brasilia Standard Time),1
1496413486,GM,Loggi,Fri Aug 14 2026 04:00:00 GMT-0300 (Brasilia Standard Time),1
1503572074,LARGE,Loggi,Thu Aug 13 2026 04:00:00 GMT-0300 (Brasilia Standard Time),1
1515332972,GM,Loggi,Sat Aug 15 2026 04:00:00 GMT-0300 (Brasilia Standard Time),1
1521964538,GM,J&T Nodos,Mon Aug 17 2026 04:00:00 GMT-0300 (Brasilia Standard Time),1
1531175247,GM,J&T Nodos,Tue Aug 18 2026 04:00:00 GMT-0300 (Brasilia Standard Time),1
1531177739,GM,Loggi,Tue Aug 18 2026 04:00:00 GMT-0300 (Brasilia Standard Time),1
1531913777,LARGE,Dominalog,Fri Jul 31 2026 04:00:00 GMT-0300 (Brasilia Standard Time),2
1538402352,LARGE,Dominalog,Fri Aug 14 2026 04:00:00 GMT-0300 (Brasilia Standard Time),1
1559756041,OVERSIZE,Jad,Wed Aug 12 2026 04:00:00 GMT-0300 (Brasilia Standard Time),2
1582045447,GM,J&T Nodos,Fri Aug 21 2026 04:00:00 GMT-0300 (Brasilia Standard Time),1
1582450657,GM,Carvalima,Fri Aug 14 2026 04:00:00 GMT-0300 (Brasilia Standard Time),1
1582452309,GM,J&T Nodos,Fri Aug 21 2026 04:00:00 GMT-0300 (Brasilia Standard Time),1
1582452459,GM,J&T Nodos,Thu Aug 20 2026 04:00:00 GMT-0300 (Brasilia Standard Time),1
1582452485,OVERSIZE,Jad,Tue Aug 18 2026 04:00:00 GMT-0300 (Brasilia Standard Time),1
1582452485,OVERSIZE,Jad,Wed Aug 19 2026 04:00:00 GMT-0300 (Brasilia Standard Time),1
1582454369,GM,Loggi,Fri Aug 07 2026 04:00:00 GMT-0300 (Brasilia Standard Time),1
1582454479,GM,Loggi,Tue Aug 18 2026 04:00:00 GMT-0300 (Brasilia Standard Time),1
1582454589,GM,J&T Nodos,Thu Aug 20 2026 04:00:00 GMT-0300 (Brasilia Standard Time),1
1582465197,GM,J&T Nodos,Thu Aug 20 2026 04:00:00 GMT-0300 (Brasilia Standard Time),1
1582565151,GM,Loggi,Wed Aug 12 2026 04:00:00 GMT-0300 (Brasilia Standard Time),1
1585909027,GM,J&T Nodos,Thu Aug 20 2026 04:00:00 GMT-0300 (Brasilia Standard Time),1
1596182678,LARGE,Jad,Tue Aug 11 2026 04:00:00 GMT-0300 (Brasilia Standard Time),1
1596203030,GM,Carvalima,Mon Aug 17 2026 04:00:00 GMT-0300 (Brasilia Standard Time),1
1596213350,LARGE,Loggi,Tue Aug 18 2026 04:00:00 GMT-0300 (Brasilia Standard Time),1
1596214708,GM,Dominalog,Mon Aug 17 2026 04:00:00 GMT-0300 (Brasilia Standard Time),1
1596217922,LARGE,Loggi,Tue Aug 18 2026 04:00:00 GMT-0300 (Brasilia Standard Time),1
1596318814,GM,Loggi,Tue Aug 18 2026 04:00:00 GMT-0300 (Brasilia Standard Time),1
1596324746,OVERSIZE,Jad,Fri Aug 14 2026 04:00:00 GMT-0300 (Brasilia Standard Time),3
1596324746,OVERSIZE,Jad,Sat Aug 15 2026 04:00:00 GMT-0300 (Brasilia Standard Time),1
1603372001,LARGE,Jad,Wed Aug 19 2026 04:00:00 GMT-0300 (Brasilia Standard Time),1
1603656089,LARGE,Loggi,Tue Aug 18 2026 04:00:00 GMT-0300 (Brasilia Standard Time),1
1621465921,LARGE,Loggi,Tue Aug 11 2026 04:00:00 GMT-0300 (Brasilia Standard Time),1
1622201239,LARGE,Jad,Wed Aug 19 2026 04:00:00 GMT-0300 (Brasilia Standard Time),30
1622243773,LARGE,Jad,Thu Aug 06 2026 04:00:00 GMT-0300 (Brasilia Standard Time),2
1624155779,LARGE,Dominalog,Mon Aug 17 2026 04:00:00 GMT-0300 (Brasilia Standard Time),1
1626440853,LARGE,Dominalog,Mon Aug 17 2026 04:00:00 GMT-0300 (Brasilia Standard Time),1
1630399691,GM,J&T Nodos,Fri Aug 21 2026 04:00:00 GMT-0300 (Brasilia Standard Time),1
1635976232,LARGE,Dominalog,Sat Aug 08 2026 04:00:00 GMT-0300 (Brasilia Standard Time),1
1642205148,GM,Jad,Sat Aug 15 2026 04:00:00 GMT-0300 (Brasilia Standard Time),1
1642627942,GM,J&T Nodos,Fri Aug 21 2026 04:00:00 GMT-0300 (Brasilia Standard Time),1
1644230532,OVERSIZE,Dominalog,Fri Aug 14 2026 04:00:00 GMT-0300 (Brasilia Standard Time),1
1644230532,OVERSIZE,Dominalog,Sat Aug 15 2026 04:00:00 GMT-0300 (Brasilia Standard Time),2
1644230532,OVERSIZE,Dominalog,Mon Aug 17 2026 04:00:00 GMT-0300 (Brasilia Standard Time),1
1650957220,GM,J&T Nodos,Thu Aug 20 2026 04:00:00 GMT-0300 (Brasilia Standard Time),1
1650961644,GM,J&T Nodos,Thu Aug 20 2026 04:00:00 GMT-0300 (Brasilia Standard Time),1
1651066128,GM,Loggi,Tue Aug 18 2026 04:00:00 GMT-0300 (Brasilia Standard Time),1
169574117,GM,J&T Nodos,Fri Aug 21 2026 04:00:00 GMT-0300 (Brasilia Standard Time),1
849817033_105305212,LARGE,Dominalog,Tue Aug 11 2026 04:00:00 GMT-0300 (Brasilia Standard Time),1
849817033_107132252,LARGE,Jad,Wed Aug 19 2026 04:00:00 GMT-0300 (Brasilia Standard Time),1
849817033_107132252,LARGE,Jad,Thu Aug 20 2026 04:00:00 GMT-0300 (Brasilia Standard Time),1
849817033_107132252,OVERSIZE,Jad,Wed Aug 19 2026 04:00:00 GMT-0300 (Brasilia Standard Time),4
849817033_11129658,LARGE,Jad,Mon Aug 17 2026 04:00:00 GMT-0300 (Brasilia Standard Time),1
849817033_114543101,LARGE,Jad,Thu Aug 20 2026 04:00:00 GMT-0300 (Brasilia Standard Time),1
849817033_12228,LARGE,Dominalog,Sat Jul 25 2026 04:00:00 GMT-0300 (Brasilia Standard Time),1
849817033_12454,LARGE,Dominalog,Sat Jul 25 2026 04:00:00 GMT-0300 (Brasilia Standard Time),2
849817033_125993531,LARGE,Jad,Tue Aug 11 2026 04:00:00 GMT-0300 (Brasilia Standard Time),1
849817033_126241403,LARGE,Dominalog,Mon Aug 10 2026 04:00:00 GMT-0300 (Brasilia Standard Time),1
849817033_129529964,GM,J&T Nodos,Sat Aug 15 2026 04:00:00 GMT-0300 (Brasilia Standard Time),1
849817033_14103,LARGE,Loggi,Tue Aug 11 2026 04:00:00 GMT-0300 (Brasilia Standard Time),1
849817033_14272,OVERSIZE,Jad,Tue Aug 18 2026 04:00:00 GMT-0300 (Brasilia Standard Time),1
849817033_14303,LARGE,Loggi,Tue Aug 18 2026 04:00:00 GMT-0300 (Brasilia Standard Time),1
849817033_144769874,LARGE,Jad,Thu Jul 23 2026 04:00:00 GMT-0300 (Brasilia Standard Time),1
849817033_146719916,LARGE,Dominalog,Thu Aug 13 2026 04:00:00 GMT-0300 (Brasilia Standard Time),1
849817033_14779,LARGE,Dominalog,Thu Aug 06 2026 04:00:00 GMT-0300 (Brasilia Standard Time),1
849817033_14779,LARGE,Dominalog,Tue Aug 18 2026 04:00:00 GMT-0300 (Brasilia Standard Time),3
849817033_15530,LARGE,Loggi,Sat Aug 15 2026 04:00:00 GMT-0300 (Brasilia Standard Time),1
849817033_15565,GM,J&T Nodos,Mon Aug 10 2026 04:00:00 GMT-0300 (Brasilia Standard Time),1
849817033_15828,LARGE,Jad,Wed Aug 05 2026 04:00:00 GMT-0300 (Brasilia Standard Time),1
849817033_158798,LARGE,Jad,Mon Aug 03 2026 04:00:00 GMT-0300 (Brasilia Standard Time),1
849817033_158798,LARGE,Jad,Sat Aug 15 2026 04:00:00 GMT-0300 (Brasilia Standard Time),9
849817033_158798,LARGE,Jad,Wed Aug 19 2026 04:00:00 GMT-0300 (Brasilia Standard Time),3
849817033_16035,GM,Loggi,Tue Aug 25 2026 04:00:00 GMT-0300 (Brasilia Standard Time),1
849817033_162454481,LARGE,Dominalog,Fri Aug 14 2026 04:00:00 GMT-0300 (Brasilia Standard Time),1
849817033_162697019,LARGE,Jad,Wed Aug 05 2026 04:00:00 GMT-0300 (Brasilia Standard Time),16
849817033_162697019,LARGE,Jad,Thu Aug 06 2026 04:00:00 GMT-0300 (Brasilia Standard Time),12
849817033_162697019,LARGE,Jad,Fri Aug 07 2026 04:00:00 GMT-0300 (Brasilia Standard Time),9
849817033_162697019,LARGE,Jad,Sat Aug 08 2026 04:00:00 GMT-0300 (Brasilia Standard Time),5
849817033_162697019,LARGE,Jad,Mon Aug 10 2026 04:00:00 GMT-0300 (Brasilia Standard Time),34
849817033_162697019,LARGE,Jad,Tue Aug 11 2026 04:00:00 GMT-0300 (Brasilia Standard Time),64
849817033_162697019,LARGE,Jad,Wed Aug 12 2026 04:00:00 GMT-0300 (Brasilia Standard Time),1
849817033_162697019,LARGE,Jad,Thu Aug 13 2026 04:00:00 GMT-0300 (Brasilia Standard Time),35
849817033_162697019,LARGE,Jad,Sat Aug 15 2026 04:00:00 GMT-0300 (Brasilia Standard Time),10
849817033_162697019,LARGE,Jad,Mon Aug 17 2026 04:00:00 GMT-0300 (Brasilia Standard Time),2
849817033_162697019,LARGE,Jad,Tue Aug 18 2026 04:00:00 GMT-0300 (Brasilia Standard Time),1
849817033_162697019,LARGE,Jad,Sat Aug 22 2026 04:00:00 GMT-0300 (Brasilia Standard Time),1
849817033_162697019,LARGE,Loggi,Tue Aug 11 2026 04:00:00 GMT-0300 (Brasilia Standard Time),14
849817033_162697019,LARGE,Loggi,Wed Aug 12 2026 04:00:00 GMT-0300 (Brasilia Standard Time),3
849817033_162697019,LARGE,Loggi,Fri Aug 14 2026 04:00:00 GMT-0300 (Brasilia Standard Time),3
849817033_165398,OVERSIZE,Dominalog,Mon Aug 17 2026 04:00:00 GMT-0300 (Brasilia Standard Time),1
849817033_16821,LARGE,Dominalog,Tue Aug 11 2026 04:00:00 GMT-0300 (Brasilia Standard Time),1
849817033_170773643,LARGE,Dominalog,Thu Jul 30 2026 04:00:00 GMT-0300 (Brasilia Standard Time),1
849817033_171539,LARGE,Loggi,Sat Aug 15 2026 04:00:00 GMT-0300 (Brasilia Standard Time),1
849817033_172091,LARGE,Dominalog,Fri Jul 31 2026 04:00:00 GMT-0300 (Brasilia Standard Time),1
849817033_17229,LARGE,Dominalog,Sat Aug 15 2026 04:00:00 GMT-0300 (Brasilia Standard Time),1
849817033_184980,LARGE,Dominalog,Wed Aug 12 2026 04:00:00 GMT-0300 (Brasilia Standard Time),1
849817033_184980,OVERSIZE,Dominalog,Fri Aug 14 2026 04:00:00 GMT-0300 (Brasilia Standard Time),1
849817033_190250179,GM,J&T Nodos,Wed Aug 19 2026 04:00:00 GMT-0300 (Brasilia Standard Time),1
849817033_190277806,LARGE,Jad,Wed Aug 19 2026 04:00:00 GMT-0300 (Brasilia Standard Time),1
849817033_190277806,LARGE,Jad,Fri Aug 21 2026 04:00:00 GMT-0300 (Brasilia Standard Time),1
849817033_199452334,LARGE,Jad,Tue Aug 18 2026 04:00:00 GMT-0300 (Brasilia Standard Time),1
849817033_216648028,GM,Loggi,Tue Aug 11 2026 04:00:00 GMT-0300 (Brasilia Standard Time),1
849817033_22346,GM,J&T Nodos,Mon Aug 17 2026 04:00:00 GMT-0300 (Brasilia Standard Time),1
849817033_22460,LARGE,Jad,Fri Aug 07 2026 04:00:00 GMT-0300 (Brasilia Standard Time),1
849817033_22461,OVERSIZE,Dominalog,Sat Aug 15 2026 04:00:00 GMT-0300 (Brasilia Standard Time),1
849817033_227849434,LARGE,Dominalog,Fri Aug 14 2026 04:00:00 GMT-0300 (Brasilia Standard Time),3
849817033_228674761,LARGE,Jad,Tue Aug 04 2026 04:00:00 GMT-0300 (Brasilia Standard Time),1
849817033_230536291,LARGE,Jad,Tue Aug 11 2026 04:00:00 GMT-0300 (Brasilia Standard Time),1
849817033_23169,GM,Jad,Fri Aug 07 2026 04:00:00 GMT-0300 (Brasilia Standard Time),1
849817033_23211,GM,J&T Nodos,Wed Aug 19 2026 04:00:00 GMT-0300 (Brasilia Standard Time),1
849817033_23279,LARGE,Jad,Fri Aug 14 2026 04:00:00 GMT-0300 (Brasilia Standard Time),1
849817033_23320,LARGE,Dominalog,Tue Aug 04 2026 04:00:00 GMT-0300 (Brasilia Standard Time),2
849817033_234656977,OVERSIZE,Dominalog,Fri Aug 14 2026 04:00:00 GMT-0300 (Brasilia Standard Time),1
849817033_2349981,LARGE,Dominalog,Fri Jul 31 2026 04:00:00 GMT-0300 (Brasilia Standard Time),1
849817033_23516,GM,Loggi,Wed Aug 12 2026 04:00:00 GMT-0300 (Brasilia Standard Time),1
849817033_23531,LARGE,Dominalog,Thu Aug 06 2026 04:00:00 GMT-0300 (Brasilia Standard Time),1
849817033_23602,OVERSIZE,Jad,Wed Aug 19 2026 04:00:00 GMT-0300 (Brasilia Standard Time),3
849817033_23857,LARGE,Loggi,Mon Aug 17 2026 04:00:00 GMT-0300 (Brasilia Standard Time),1
849817033_24060,LARGE,Dominalog,Tue Aug 18 2026 04:00:00 GMT-0300 (Brasilia Standard Time),1
849817033_24460,GM,J&T Nodos,Fri Aug 14 2026 04:00:00 GMT-0300 (Brasilia Standard Time),1
849817033_250002337,LARGE,Loggi,Wed Aug 12 2026 04:00:00 GMT-0300 (Brasilia Standard Time),1
849817033_250717,LARGE,Dominalog,Sat Aug 15 2026 04:00:00 GMT-0300 (Brasilia Standard Time),1
849817033_25144,LARGE,Dominalog,Fri Aug 07 2026 04:00:00 GMT-0300 (Brasilia Standard Time),1
849817033_252529447,LARGE,Loggi,Wed Aug 12 2026 04:00:00 GMT-0300 (Brasilia Standard Time),1
849817033_25374,GM,J&T Nodos,Thu Aug 13 2026 04:00:00 GMT-0300 (Brasilia Standard Time),1
849817033_25374,LARGE,Dominalog,Thu Aug 13 2026 04:00:00 GMT-0300 (Brasilia Standard Time),1
849817033_2608670,GM,J&T Nodos,Mon Aug 03 2026 04:00:00 GMT-0300 (Brasilia Standard Time),1
849817033_261576700,LARGE,Dominalog,Tue Aug 04 2026 04:00:00 GMT-0300 (Brasilia Standard Time),1
849817033_261838057,GM,J&T Nodos,Thu Aug 20 2026 04:00:00 GMT-0300 (Brasilia Standard Time),1
849817033_262100266,GM,Jad,Fri Aug 07 2026 04:00:00 GMT-0300 (Brasilia Standard Time),1
849817033_27115,LARGE,Dominalog,Sat Aug 08 2026 04:00:00 GMT-0300 (Brasilia Standard Time),1
849817033_29015,LARGE,Jad,Mon Aug 03 2026 04:00:00 GMT-0300 (Brasilia Standard Time),1
849817033_29677972,GM,Loggi,Fri Aug 07 2026 04:00:00 GMT-0300 (Brasilia Standard Time),1
849817033_31084,GM,J&T Nodos,Mon Aug 10 2026 04:00:00 GMT-0300 (Brasilia Standard Time),1
849817033_31814,LARGE,Jad,Fri Jul 31 2026 04:00:00 GMT-0300 (Brasilia Standard Time),1
849817033_31814,LARGE,Jad,Sat Aug 01 2026 04:00:00 GMT-0300 (Brasilia Standard Time),1
849817033_33888202,LARGE,Dominalog,Mon Aug 17 2026 04:00:00 GMT-0300 (Brasilia Standard Time),1
849817033_33888202,OVERSIZE,Dominalog,Mon Aug 17 2026 04:00:00 GMT-0300 (Brasilia Standard Time),1
849817033_34613,LARGE,Jad,Wed Aug 19 2026 04:00:00 GMT-0300 (Brasilia Standard Time),1
849817033_36215809,GM,J&T Nodos,Mon Aug 10 2026 04:00:00 GMT-0300 (Brasilia Standard Time),1
849817033_375170,LARGE,Dominalog,Thu Aug 13 2026 04:00:00 GMT-0300 (Brasilia Standard Time),1
849817033_375916,LARGE,Jad,Thu Aug 13 2026 04:00:00 GMT-0300 (Brasilia Standard Time),1
849817033_38549821,LARGE,Jad,Tue Aug 18 2026 04:00:00 GMT-0300 (Brasilia Standard Time),1
849817033_387830,LARGE,Jad,Fri Aug 14 2026 04:00:00 GMT-0300 (Brasilia Standard Time),1
849817033_403739,OVERSIZE,Jad,Wed Aug 05 2026 04:00:00 GMT-0300 (Brasilia Standard Time),1
849817033_403739,OVERSIZE,Jad,Sat Aug 08 2026 04:00:00 GMT-0300 (Brasilia Standard Time),1
849817033_405408,GM,Jad,Wed Jul 29 2026 04:00:00 GMT-0300 (Brasilia Standard Time),1
849817033_405408,LARGE,Jad,Thu Aug 13 2026 04:00:00 GMT-0300 (Brasilia Standard Time),13
849817033_405408,LARGE,Jad,Fri Aug 14 2026 04:00:00 GMT-0300 (Brasilia Standard Time),1
849817033_405408,LARGE,Jad,Sat Aug 15 2026 04:00:00 GMT-0300 (Brasilia Standard Time),5
849817033_405408,OVERSIZE,Jad,Wed Jul 29 2026 04:00:00 GMT-0300 (Brasilia Standard Time),1
849817033_40596343,LARGE,Dominalog,Sat Aug 15 2026 04:00:00 GMT-0300 (Brasilia Standard Time),4
849817033_40617,LARGE,Jad,Sat Jul 25 2026 04:00:00 GMT-0300 (Brasilia Standard Time),1
849817033_43241,LARGE,Dominalog,Tue Aug 18 2026 04:00:00 GMT-0300 (Brasilia Standard Time),1
849817033_4360964,LARGE,Loggi,Thu Aug 13 2026 04:00:00 GMT-0300 (Brasilia Standard Time),1
849817033_44549,LARGE,Jad,Fri Aug 14 2026 04:00:00 GMT-0300 (Brasilia Standard Time),1
849817033_46093309,GM,Loggi,Tue Jul 21 2026 04:00:00 GMT-0300 (Brasilia Standard Time),1
849817033_461080,LARGE,Dominalog,Thu Aug 06 2026 04:00:00 GMT-0300 (Brasilia Standard Time),2
849817033_46627,GM,Loggi,Fri Aug 14 2026 04:00:00 GMT-0300 (Brasilia Standard Time),1
849817033_502507,LARGE,Jad,Tue Aug 18 2026 04:00:00 GMT-0300 (Brasilia Standard Time),1
849817033_515886,OVERSIZE,Dominalog,Mon Aug 10 2026 04:00:00 GMT-0300 (Brasilia Standard Time),9
849817033_52390,LARGE,Dominalog,Tue Aug 18 2026 04:00:00 GMT-0300 (Brasilia Standard Time),1
849817033_53242,LARGE,Dominalog,Sat Aug 08 2026 04:00:00 GMT-0300 (Brasilia Standard Time),1
849817033_66802,LARGE,Dominalog,Fri Aug 07 2026 04:00:00 GMT-0300 (Brasilia Standard Time),1
849817033_75287509,LARGE,Jad,Fri Aug 21 2026 04:00:00 GMT-0300 (Brasilia Standard Time),3
849817033_912229,OVERSIZE,Dominalog,Wed Aug 12 2026 04:00:00 GMT-0300 (Brasilia Standard Time),2
849817033_93645007,LARGE,Jad,Mon Aug 10 2026 04:00:00 GMT-0300 (Brasilia Standard Time),1
849817033_93973822,LARGE,Jad,Fri Aug 14 2026 04:00:00 GMT-0300 (Brasilia Standard Time),1
849817033_9828976,GM,J&T Nodos,Sat Aug 15 2026 04:00:00 GMT-0300 (Brasilia Standard Time),1
849817033_9908,OVERSIZE,Dominalog,Tue Aug 11 2026 04:00:00 GMT-0300 (Brasilia Standard Time),1
849817033_9939,LARGE,Jad,Tue Aug 04 2026 04:00:00 GMT-0300 (Brasilia Standard Time),1
ARENA,GM,Carvalima,Fri Jul 24 2026 04:00:00 GMT-0300 (Brasilia Standard Time),4
ARENA,GM,Carvalima,Sat Jul 25 2026 04:00:00 GMT-0300 (Brasilia Standard Time),2
ARENA,GM,Carvalima,Tue Jul 28 2026 04:00:00 GMT-0300 (Brasilia Standard Time),1
ARENA,GM,Carvalima,Wed Jul 29 2026 04:00:00 GMT-0300 (Brasilia Standard Time),3
ARENA,GM,Carvalima,Thu Jul 30 2026 04:00:00 GMT-0300 (Brasilia Standard Time),3
ARENA,GM,Carvalima,Fri Jul 31 2026 04:00:00 GMT-0300 (Brasilia Standard Time),1
ARENA,GM,Carvalima,Tue Aug 04 2026 04:00:00 GMT-0300 (Brasilia Standard Time),1
ARENA,GM,Carvalima,Wed Aug 05 2026 04:00:00 GMT-0300 (Brasilia Standard Time),1
ARENA,GM,Imile Fast,Fri Jul 24 2026 04:00:00 GMT-0300 (Brasilia Standard Time),1
ARENA,GM,Imile Fast,Sat Jul 25 2026 04:00:00 GMT-0300 (Brasilia Standard Time),2
ARENA,GM,Imile Fast,Fri Jul 31 2026 04:00:00 GMT-0300 (Brasilia Standard Time),2
ARENA,GM,J&T Fast,Tue Jul 21 2026 04:00:00 GMT-0300 (Brasilia Standard Time),1181
ARENA,GM,J&T Fast,Wed Jul 22 2026 04:00:00 GMT-0300 (Brasilia Standard Time),1088
ARENA,GM,J&T Fast,Thu Jul 23 2026 04:00:00 GMT-0300 (Brasilia Standard Time),655
ARENA,GM,J&T Fast,Fri Jul 24 2026 04:00:00 GMT-0300 (Brasilia Standard Time),727
ARENA,GM,J&T Fast,Sat Jul 25 2026 04:00:00 GMT-0300 (Brasilia Standard Time),596
ARENA,GM,J&T Fast,Tue Jul 28 2026 04:00:00 GMT-0300 (Brasilia Standard Time),890
ARENA,GM,J&T Fast,Wed Jul 29 2026 04:00:00 GMT-0300 (Brasilia Standard Time),795
ARENA,GM,J&T Fast,Thu Jul 30 2026 04:00:00 GMT-0300 (Brasilia Standard Time),580
ARENA,GM,J&T Fast,Fri Jul 31 2026 04:00:00 GMT-0300 (Brasilia Standard Time),559
ARENA,GM,J&T Fast,Sat Aug 01 2026 04:00:00 GMT-0300 (Brasilia Standard Time),459
ARENA,GM,J&T Fast,Tue Aug 04 2026 04:00:00 GMT-0300 (Brasilia Standard Time),942
ARENA,GM,J&T Fast,Wed Aug 05 2026 04:00:00 GMT-0300 (Brasilia Standard Time),767
ARENA,GM,J&T Fast,Thu Aug 06 2026 04:00:00 GMT-0300 (Brasilia Standard Time),565
ARENA,GM,J&T Fast,Fri Aug 07 2026 04:00:00 GMT-0300 (Brasilia Standard Time),600
ARENA,GM,J&T Fast,Sat Aug 08 2026 04:00:00 GMT-0300 (Brasilia Standard Time),537
ARENA,GM,J&T Fast,Tue Aug 11 2026 04:00:00 GMT-0300 (Brasilia Standard Time),887
ARENA,GM,J&T Fast,Wed Aug 12 2026 04:00:00 GMT-0300 (Brasilia Standard Time),901
ARENA,GM,J&T Fast,Thu Aug 13 2026 04:00:00 GMT-0300 (Brasilia Standard Time),591
ARENA,GM,J&T Fast,Fri Aug 14 2026 04:00:00 GMT-0300 (Brasilia Standard Time),584
ARENA,GM,J&T Fast,Sat Aug 15 2026 04:00:00 GMT-0300 (Brasilia Standard Time),467
ARENA,GM,J&T Fast,Tue Aug 18 2026 04:00:00 GMT-0300 (Brasilia Standard Time),662
ARENA,GM,J&T Fast,Wed Aug 19 2026 04:00:00 GMT-0300 (Brasilia Standard Time),140
ARENA,GM,J&T Fast,Thu Aug 20 2026 04:00:00 GMT-0300 (Brasilia Standard Time),37
ARENA,GM,J&T Fast,Fri Aug 21 2026 04:00:00 GMT-0300 (Brasilia Standard Time),39
ARENA,GM,J&T Fast,Sat Aug 22 2026 04:00:00 GMT-0300 (Brasilia Standard Time),24
ARENA,GM,J&T Fast,Tue Aug 25 2026 04:00:00 GMT-0300 (Brasilia Standard Time),14
ARENA,GM,J&T Fast,Wed Aug 26 2026 04:00:00 GMT-0300 (Brasilia Standard Time),5
ARENA,GM,J&T Fast,Thu Aug 27 2026 04:00:00 GMT-0300 (Brasilia Standard Time),11
ARENA,GM,J&T Fast,Fri Aug 28 2026 04:00:00 GMT-0300 (Brasilia Standard Time),8
ARENA,GM,J&T Fast,Sat Aug 29 2026 04:00:00 GMT-0300 (Brasilia Standard Time),1
ARENA,GM,J&T Fast,Tue Sep 01 2026 04:00:00 GMT-0300 (Brasilia Standard Time),2
ARENA,GM,J&T Nodos,Tue Jul 21 2026 04:00:00 GMT-0300 (Brasilia Standard Time),1
ARENA,GM,J&T Nodos,Wed Jul 22 2026 04:00:00 GMT-0300 (Brasilia Standard Time),2
ARENA,GM,J&T Nodos,Thu Jul 23 2026 04:00:00 GMT-0300 (Brasilia Standard Time),213
ARENA,GM,J&T Nodos,Fri Jul 24 2026 04:00:00 GMT-0300 (Brasilia Standard Time),1305
ARENA,GM,J&T Nodos,Sat Jul 25 2026 04:00:00 GMT-0300 (Brasilia Standard Time),774
ARENA,GM,J&T Nodos,Mon Jul 27 2026 04:00:00 GMT-0300 (Brasilia Standard Time),616
ARENA,GM,J&T Nodos,Tue Jul 28 2026 04:00:00 GMT-0300 (Brasilia Standard Time),17
ARENA,GM,J&T Nodos,Wed Jul 29 2026 04:00:00 GMT-0300 (Brasilia Standard Time),6
ARENA,GM,J&T Nodos,Thu Jul 30 2026 04:00:00 GMT-0300 (Brasilia Standard Time),93
ARENA,GM,J&T Nodos,Fri Jul 31 2026 04:00:00 GMT-0300 (Brasilia Standard Time),838
ARENA,GM,J&T Nodos,Sat Aug 01 2026 04:00:00 GMT-0300 (Brasilia Standard Time),674
ARENA,GM,J&T Nodos,Mon Aug 03 2026 04:00:00 GMT-0300 (Brasilia Standard Time),706
ARENA,GM,J&T Nodos,Tue Aug 04 2026 04:00:00 GMT-0300 (Brasilia Standard Time),4
ARENA,GM,J&T Nodos,Wed Aug 05 2026 04:00:00 GMT-0300 (Brasilia Standard Time),17
ARENA,GM,J&T Nodos,Thu Aug 06 2026 04:00:00 GMT-0300 (Brasilia Standard Time),143
ARENA,GM,J&T Nodos,Fri Aug 07 2026 04:00:00 GMT-0300 (Brasilia Standard Time),1067
ARENA,GM,J&T Nodos,Sat Aug 08 2026 04:00:00 GMT-0300 (Brasilia Standard Time),624
ARENA,GM,J&T Nodos,Mon Aug 10 2026 04:00:00 GMT-0300 (Brasilia Standard Time),1233
ARENA,GM,J&T Nodos,Wed Aug 12 2026 04:00:00 GMT-0300 (Brasilia Standard Time),58
ARENA,GM,J&T Nodos,Thu Aug 13 2026 04:00:00 GMT-0300 (Brasilia Standard Time),332
ARENA,GM,J&T Nodos,Fri Aug 14 2026 04:00:00 GMT-0300 (Brasilia Standard Time),1717
ARENA,GM,J&T Nodos,Sat Aug 15 2026 04:00:00 GMT-0300 (Brasilia Standard Time),1057
ARENA,GM,J&T Nodos,Mon Aug 17 2026 04:00:00 GMT-0300 (Brasilia Standard Time),574
ARENA,GM,J&T Nodos,Tue Aug 18 2026 04:00:00 GMT-0300 (Brasilia Standard Time),3
ARENA,GM,J&T Nodos,Wed Aug 19 2026 04:00:00 GMT-0300 (Brasilia Standard Time),15
ARENA,GM,J&T Nodos,Thu Aug 20 2026 04:00:00 GMT-0300 (Brasilia Standard Time),36
ARENA,GM,J&T Nodos,Fri Aug 21 2026 04:00:00 GMT-0300 (Brasilia Standard Time),850
ARENA,GM,J&T Nodos,Sat Aug 22 2026 04:00:00 GMT-0300 (Brasilia Standard Time),302
ARENA,GM,J&T Nodos,Mon Aug 24 2026 04:00:00 GMT-0300 (Brasilia Standard Time),221
ARENA,GM,J&T Nodos,Thu Aug 27 2026 04:00:00 GMT-0300 (Brasilia Standard Time),1
ARENA,GM,J&T Nodos,Fri Aug 28 2026 04:00:00 GMT-0300 (Brasilia Standard Time),44
ARENA,GM,J&T Nodos,Sat Aug 29 2026 04:00:00 GMT-0300 (Brasilia Standard Time),2
ARENA,GM,J&T Nodos,Mon Aug 31 2026 04:00:00 GMT-0300 (Brasilia Standard Time),11
ARENA,GM,J&T Slow,Tue Jul 21 2026 04:00:00 GMT-0300 (Brasilia Standard Time),17462
ARENA,GM,J&T Slow,Wed Jul 22 2026 04:00:00 GMT-0300 (Brasilia Standard Time),61462
ARENA,GM,J&T Slow,Thu Jul 23 2026 04:00:00 GMT-0300 (Brasilia Standard Time),60583
ARENA,GM,J&T Slow,Fri Jul 24 2026 04:00:00 GMT-0300 (Brasilia Standard Time),37761
ARENA,GM,J&T Slow,Sat Jul 25 2026 04:00:00 GMT-0300 (Brasilia Standard Time),63259
ARENA,GM,J&T Slow,Tue Jul 28 2026 04:00:00 GMT-0300 (Brasilia Standard Time),25846
ARENA,GM,J&T Slow,Wed Jul 29 2026 04:00:00 GMT-0300 (Brasilia Standard Time),69090
ARENA,GM,J&T Slow,Thu Jul 30 2026 04:00:00 GMT-0300 (Brasilia Standard Time),49026
ARENA,GM,J&T Slow,Fri Jul 31 2026 04:00:00 GMT-0300 (Brasilia Standard Time),47922
ARENA,GM,J&T Slow,Sat Aug 01 2026 04:00:00 GMT-0300 (Brasilia Standard Time),63868
ARENA,GM,J&T Slow,Tue Aug 04 2026 04:00:00 GMT-0300 (Brasilia Standard Time),32389
ARENA,GM,J&T Slow,Wed Aug 05 2026 04:00:00 GMT-0300 (Brasilia Standard Time),47418
ARENA,GM,J&T Slow,Thu Aug 06 2026 04:00:00 GMT-0300 (Brasilia Standard Time),49207
ARENA,GM,J&T Slow,Fri Aug 07 2026 04:00:00 GMT-0300 (Brasilia Standard Time),40115
ARENA,GM,J&T Slow,Sat Aug 08 2026 04:00:00 GMT-0300 (Brasilia Standard Time),68762
ARENA,GM,J&T Slow,Tue Aug 11 2026 04:00:00 GMT-0300 (Brasilia Standard Time),34279
ARENA,GM,J&T Slow,Wed Aug 12 2026 04:00:00 GMT-0300 (Brasilia Standard Time),47015
ARENA,GM,J&T Slow,Thu Aug 13 2026 04:00:00 GMT-0300 (Brasilia Standard Time),36024
ARENA,GM,J&T Slow,Fri Aug 14 2026 04:00:00 GMT-0300 (Brasilia Standard Time),21751
ARENA,GM,J&T Slow,Sat Aug 15 2026 04:00:00 GMT-0300 (Brasilia Standard Time),46235
ARENA,GM,J&T Slow,Tue Aug 18 2026 04:00:00 GMT-0300 (Brasilia Standard Time),4595
ARENA,GM,J&T Slow,Wed Aug 19 2026 04:00:00 GMT-0300 (Brasilia Standard Time),24430
ARENA,GM,J&T Slow,Thu Aug 20 2026 04:00:00 GMT-0300 (Brasilia Standard Time),10475
ARENA,GM,J&T Slow,Fri Aug 21 2026 04:00:00 GMT-0300 (Brasilia Standard Time),2805
ARENA,GM,J&T Slow,Sat Aug 22 2026 04:00:00 GMT-0300 (Brasilia Standard Time),2057
ARENA,GM,J&T Slow,Tue Aug 25 2026 04:00:00 GMT-0300 (Brasilia Standard Time),82
ARENA,GM,J&T Slow,Wed Aug 26 2026 04:00:00 GMT-0300 (Brasilia Standard Time),671
ARENA,GM,J&T Slow,Thu Aug 27 2026 04:00:00 GMT-0300 (Brasilia Standard Time),206
ARENA,GM,J&T Slow,Fri Aug 28 2026 04:00:00 GMT-0300 (Brasilia Standard Time),182
ARENA,GM,J&T Slow,Sat Aug 29 2026 04:00:00 GMT-0300 (Brasilia Standard Time),127
ARENA,GM,J&T Slow,Tue Sep 01 2026 04:00:00 GMT-0300 (Brasilia Standard Time),12
ARENA,GM,Jad,Tue Jul 21 2026 04:00:00 GMT-0300 (Brasilia Standard Time),188
ARENA,GM,Jad,Wed Jul 22 2026 04:00:00 GMT-0300 (Brasilia Standard Time),164
ARENA,GM,Jad,Thu Jul 23 2026 04:00:00 GMT-0300 (Brasilia Standard Time),123
ARENA,GM,Jad,Fri Jul 24 2026 04:00:00 GMT-0300 (Brasilia Standard Time),136
ARENA,GM,Jad,Sat Jul 25 2026 04:00:00 GMT-0300 (Brasilia Standard Time),109
ARENA,GM,Jad,Mon Jul 27 2026 04:00:00 GMT-0300 (Brasilia Standard Time),1
ARENA,GM,Jad,Tue Jul 28 2026 04:00:00 GMT-0300 (Brasilia Standard Time),174
ARENA,GM,Jad,Wed Jul 29 2026 04:00:00 GMT-0300 (Brasilia Standard Time),129
ARENA,GM,Jad,Thu Jul 30 2026 04:00:00 GMT-0300 (Brasilia Standard Time),115
ARENA,GM,Jad,Fri Jul 31 2026 04:00:00 GMT-0300 (Brasilia Standard Time),117
ARENA,GM,Jad,Sat Aug 01 2026 04:00:00 GMT-0300 (Brasilia Standard Time),112
ARENA,GM,Jad,Tue Aug 04 2026 04:00:00 GMT-0300 (Brasilia Standard Time),232
ARENA,GM,Jad,Wed Aug 05 2026 04:00:00 GMT-0300 (Brasilia Standard Time),174
ARENA,GM,Jad,Thu Aug 06 2026 04:00:00 GMT-0300 (Brasilia Standard Time),203
ARENA,GM,Jad,Fri Aug 07 2026 04:00:00 GMT-0300 (Brasilia Standard Time),161
ARENA,GM,Jad,Sat Aug 08 2026 04:00:00 GMT-0300 (Brasilia Standard Time),146
ARENA,GM,Jad,Tue Aug 11 2026 04:00:00 GMT-0300 (Brasilia Standard Time),309
ARENA,GM,Jad,Wed Aug 12 2026 04:00:00 GMT-0300 (Brasilia Standard Time),242
ARENA,GM,Jad,Thu Aug 13 2026 04:00:00 GMT-0300 (Brasilia Standard Time),83
ARENA,GM,Jad,Fri Aug 14 2026 04:00:00 GMT-0300 (Brasilia Standard Time),116
ARENA,GM,Jad,Sat Aug 15 2026 04:00:00 GMT-0300 (Brasilia Standard Time),106
ARENA,GM,Jad,Tue Aug 18 2026 04:00:00 GMT-0300 (Brasilia Standard Time),147
ARENA,GM,Jad,Wed Aug 19 2026 04:00:00 GMT-0300 (Brasilia Standard Time),28
ARENA,GM,Jad,Thu Aug 20 2026 04:00:00 GMT-0300 (Brasilia Standard Time),13
ARENA,GM,Jad,Fri Aug 21 2026 04:00:00 GMT-0300 (Brasilia Standard Time),7
ARENA,GM,Jad,Sat Aug 22 2026 04:00:00 GMT-0300 (Brasilia Standard Time),1
ARENA,GM,Jad,Tue Aug 25 2026 04:00:00 GMT-0300 (Brasilia Standard Time),1
ARENA,GM,Jad,Wed Aug 26 2026 04:00:00 GMT-0300 (Brasilia Standard Time),1
ARENA,GM,Jad,Thu Aug 27 2026 04:00:00 GMT-0300 (Brasilia Standard Time),1
ARENA,GM,Jad,Fri Aug 28 2026 04:00:00 GMT-0300 (Brasilia Standard Time),2
ARENA,GM,Loggi,Tue Jul 21 2026 04:00:00 GMT-0300 (Brasilia Standard Time),997
ARENA,GM,Loggi,Wed Jul 22 2026 04:00:00 GMT-0300 (Brasilia Standard Time),1034
ARENA,GM,Loggi,Thu Jul 23 2026 04:00:00 GMT-0300 (Brasilia Standard Time),944
ARENA,GM,Loggi,Fri Jul 24 2026 04:00:00 GMT-0300 (Brasilia Standard Time),1002
ARENA,GM,Loggi,Sat Jul 25 2026 04:00:00 GMT-0300 (Brasilia Standard Time),558
ARENA,GM,Loggi,Tue Jul 28 2026 04:00:00 GMT-0300 (Brasilia Standard Time),1053
ARENA,GM,Loggi,Wed Jul 29 2026 04:00:00 GMT-0300 (Brasilia Standard Time),986
ARENA,GM,Loggi,Thu Jul 30 2026 04:00:00 GMT-0300 (Brasilia Standard Time),747
ARENA,GM,Loggi,Fri Jul 31 2026 04:00:00 GMT-0300 (Brasilia Standard Time),734
ARENA,GM,Loggi,Sat Aug 01 2026 04:00:00 GMT-0300 (Brasilia Standard Time),694
ARENA,GM,Loggi,Tue Aug 04 2026 04:00:00 GMT-0300 (Brasilia Standard Time),1095
ARENA,GM,Loggi,Wed Aug 05 2026 04:00:00 GMT-0300 (Brasilia Standard Time),1201
ARENA,GM,Loggi,Thu Aug 06 2026 04:00:00 GMT-0300 (Brasilia Standard Time),384
ARENA,GM,Loggi,Fri Aug 07 2026 04:00:00 GMT-0300 (Brasilia Standard Time),1677
ARENA,GM,Loggi,Sat Aug 08 2026 04:00:00 GMT-0300 (Brasilia Standard Time),651
ARENA,GM,Loggi,Tue Aug 11 2026 04:00:00 GMT-0300 (Brasilia Standard Time),963
ARENA,GM,Loggi,Wed Aug 12 2026 04:00:00 GMT-0300 (Brasilia Standard Time),769
ARENA,GM,Loggi,Thu Aug 13 2026 04:00:00 GMT-0300 (Brasilia Standard Time),780
ARENA,GM,Loggi,Fri Aug 14 2026 04:00:00 GMT-0300 (Brasilia Standard Time),942
ARENA,GM,Loggi,Sat Aug 15 2026 04:00:00 GMT-0300 (Brasilia Standard Time),614
ARENA,GM,Loggi,Tue Aug 18 2026 04:00:00 GMT-0300 (Brasilia Standard Time),665
ARENA,GM,Loggi,Wed Aug 19 2026 04:00:00 GMT-0300 (Brasilia Standard Time),134
ARENA,GM,Loggi,Thu Aug 20 2026 04:00:00 GMT-0300 (Brasilia Standard Time),68
ARENA,GM,Loggi,Fri Aug 21 2026 04:00:00 GMT-0300 (Brasilia Standard Time),24
ARENA,GM,Loggi,Sat Aug 22 2026 04:00:00 GMT-0300 (Brasilia Standard Time),8
ARENA,GM,Loggi,Tue Aug 25 2026 04:00:00 GMT-0300 (Brasilia Standard Time),6
ARENA,GM,Loggi,Wed Aug 26 2026 04:00:00 GMT-0300 (Brasilia Standard Time),1
ARENA,GM,Loggi,Sat Aug 29 2026 04:00:00 GMT-0300 (Brasilia Standard Time),1
ARENA,GM,Loggi,Tue Sep 01 2026 04:00:00 GMT-0300 (Brasilia Standard Time),2
ARENA,LARGE,Carvalima,Sat Aug 01 2026 04:00:00 GMT-0300 (Brasilia Standard Time),1
ARENA,LARGE,Carvalima,Tue Aug 04 2026 04:00:00 GMT-0300 (Brasilia Standard Time),1
ARENA,LARGE,J&T Fast,Tue Jul 21 2026 04:00:00 GMT-0300 (Brasilia Standard Time),1
ARENA,LARGE,J&T Fast,Wed Jul 22 2026 04:00:00 GMT-0300 (Brasilia Standard Time),3
ARENA,LARGE,J&T Fast,Tue Jul 28 2026 04:00:00 GMT-0300 (Brasilia Standard Time),3
ARENA,LARGE,J&T Fast,Wed Jul 29 2026 04:00:00 GMT-0300 (Brasilia Standard Time),1
ARENA,LARGE,J&T Fast,Fri Jul 31 2026 04:00:00 GMT-0300 (Brasilia Standard Time),1
ARENA,LARGE,J&T Fast,Sat Aug 01 2026 04:00:00 GMT-0300 (Brasilia Standard Time),3
ARENA,LARGE,J&T Fast,Wed Aug 05 2026 04:00:00 GMT-0300 (Brasilia Standard Time),2
ARENA,LARGE,J&T Fast,Fri Aug 07 2026 04:00:00 GMT-0300 (Brasilia Standard Time),1
ARENA,LARGE,J&T Fast,Sat Aug 08 2026 04:00:00 GMT-0300 (Brasilia Standard Time),4
ARENA,LARGE,J&T Fast,Tue Aug 11 2026 04:00:00 GMT-0300 (Brasilia Standard Time),1
ARENA,LARGE,J&T Fast,Wed Aug 12 2026 04:00:00 GMT-0300 (Brasilia Standard Time),2
ARENA,LARGE,J&T Fast,Thu Aug 13 2026 04:00:00 GMT-0300 (Brasilia Standard Time),3
ARENA,LARGE,J&T Fast,Fri Aug 14 2026 04:00:00 GMT-0300 (Brasilia Standard Time),3
ARENA,LARGE,J&T Fast,Sat Aug 15 2026 04:00:00 GMT-0300 (Brasilia Standard Time),2
ARENA,LARGE,J&T Fast,Tue Aug 18 2026 04:00:00 GMT-0300 (Brasilia Standard Time),5
ARENA,LARGE,J&T Fast,Thu Aug 20 2026 04:00:00 GMT-0300 (Brasilia Standard Time),1
ARENA,LARGE,J&T Fast,Wed Aug 26 2026 04:00:00 GMT-0300 (Brasilia Standard Time),1
ARENA,LARGE,J&T Fast,Fri Aug 28 2026 04:00:00 GMT-0300 (Brasilia Standard Time),1
ARENA,LARGE,J&T Fast,Tue Sep 01 2026 04:00:00 GMT-0300 (Brasilia Standard Time),1
ARENA,LARGE,J&T Nodos,Thu Jul 23 2026 04:00:00 GMT-0300 (Brasilia Standard Time),1
ARENA,LARGE,J&T Nodos,Sat Jul 25 2026 04:00:00 GMT-0300 (Brasilia Standard Time),1
ARENA,LARGE,J&T Nodos,Mon Jul 27 2026 04:00:00 GMT-0300 (Brasilia Standard Time),3
ARENA,LARGE,J&T Nodos,Thu Jul 30 2026 04:00:00 GMT-0300 (Brasilia Standard Time),1
ARENA,LARGE,J&T Nodos,Fri Jul 31 2026 04:00:00 GMT-0300 (Brasilia Standard Time),1
ARENA,LARGE,J&T Nodos,Sat Aug 01 2026 04:00:00 GMT-0300 (Brasilia Standard Time),1
ARENA,LARGE,J&T Nodos,Mon Aug 03 2026 04:00:00 GMT-0300 (Brasilia Standard Time),1
ARENA,LARGE,J&T Nodos,Sat Aug 08 2026 04:00:00 GMT-0300 (Brasilia Standard Time),1
ARENA,LARGE,J&T Nodos,Mon Aug 10 2026 04:00:00 GMT-0300 (Brasilia Standard Time),2
ARENA,LARGE,J&T Nodos,Sat Aug 15 2026 04:00:00 GMT-0300 (Brasilia Standard Time),4
ARENA,LARGE,J&T Nodos,Thu Aug 20 2026 04:00:00 GMT-0300 (Brasilia Standard Time),1
ARENA,LARGE,J&T Nodos,Fri Aug 21 2026 04:00:00 GMT-0300 (Brasilia Standard Time),1
ARENA,LARGE,J&T Slow,Tue Jul 21 2026 04:00:00 GMT-0300 (Brasilia Standard Time),51
ARENA,LARGE,J&T Slow,Wed Jul 22 2026 04:00:00 GMT-0300 (Brasilia Standard Time),103
ARENA,LARGE,J&T Slow,Thu Jul 23 2026 04:00:00 GMT-0300 (Brasilia Standard Time),86
ARENA,LARGE,J&T Slow,Fri Jul 24 2026 04:00:00 GMT-0300 (Brasilia Standard Time),71
ARENA,LARGE,J&T Slow,Sat Jul 25 2026 04:00:00 GMT-0300 (Brasilia Standard Time),95
ARENA,LARGE,J&T Slow,Tue Jul 28 2026 04:00:00 GMT-0300 (Brasilia Standard Time),57
ARENA,LARGE,J&T Slow,Wed Jul 29 2026 04:00:00 GMT-0300 (Brasilia Standard Time),120
ARENA,LARGE,J&T Slow,Thu Jul 30 2026 04:00:00 GMT-0300 (Brasilia Standard Time),86
ARENA,LARGE,J&T Slow,Fri Jul 31 2026 04:00:00 GMT-0300 (Brasilia Standard Time),66
ARENA,LARGE,J&T Slow,Sat Aug 01 2026 04:00:00 GMT-0300 (Brasilia Standard Time),111
ARENA,LARGE,J&T Slow,Tue Aug 04 2026 04:00:00 GMT-0300 (Brasilia Standard Time),56
ARENA,LARGE,J&T Slow,Wed Aug 05 2026 04:00:00 GMT-0300 (Brasilia Standard Time),106
ARENA,LARGE,J&T Slow,Thu Aug 06 2026 04:00:00 GMT-0300 (Brasilia Standard Time),81
ARENA,LARGE,J&T Slow,Fri Aug 07 2026 04:00:00 GMT-0300 (Brasilia Standard Time),57
ARENA,LARGE,J&T Slow,Sat Aug 08 2026 04:00:00 GMT-0300 (Brasilia Standard Time),105
ARENA,LARGE,J&T Slow,Tue Aug 11 2026 04:00:00 GMT-0300 (Brasilia Standard Time),56
ARENA,LARGE,J&T Slow,Wed Aug 12 2026 04:00:00 GMT-0300 (Brasilia Standard Time),91
ARENA,LARGE,J&T Slow,Thu Aug 13 2026 04:00:00 GMT-0300 (Brasilia Standard Time),60
ARENA,LARGE,J&T Slow,Fri Aug 14 2026 04:00:00 GMT-0300 (Brasilia Standard Time),39
ARENA,LARGE,J&T Slow,Sat Aug 15 2026 04:00:00 GMT-0300 (Brasilia Standard Time),95
ARENA,LARGE,J&T Slow,Tue Aug 18 2026 04:00:00 GMT-0300 (Brasilia Standard Time),29
ARENA,LARGE,J&T Slow,Wed Aug 19 2026 04:00:00 GMT-0300 (Brasilia Standard Time),37
ARENA,LARGE,J&T Slow,Thu Aug 20 2026 04:00:00 GMT-0300 (Brasilia Standard Time),4
ARENA,LARGE,J&T Slow,Fri Aug 21 2026 04:00:00 GMT-0300 (Brasilia Standard Time),4
ARENA,LARGE,J&T Slow,Wed Aug 26 2026 04:00:00 GMT-0300 (Brasilia Standard Time),1
ARENA,LARGE,Jad,Tue Jul 21 2026 04:00:00 GMT-0300 (Brasilia Standard Time),819
ARENA,LARGE,Jad,Wed Jul 22 2026 04:00:00 GMT-0300 (Brasilia Standard Time),661
ARENA,LARGE,Jad,Thu Jul 23 2026 04:00:00 GMT-0300 (Brasilia Standard Time),397
ARENA,LARGE,Jad,Fri Jul 24 2026 04:00:00 GMT-0300 (Brasilia Standard Time),634
ARENA,LARGE,Jad,Sat Jul 25 2026 04:00:00 GMT-0300 (Brasilia Standard Time),418
ARENA,LARGE,Jad,Mon Jul 27 2026 04:00:00 GMT-0300 (Brasilia Standard Time),1
ARENA,LARGE,Jad,Tue Jul 28 2026 04:00:00 GMT-0300 (Brasilia Standard Time),771
ARENA,LARGE,Jad,Wed Jul 29 2026 04:00:00 GMT-0300 (Brasilia Standard Time),650
ARENA,LARGE,Jad,Thu Jul 30 2026 04:00:00 GMT-0300 (Brasilia Standard Time),637
ARENA,LARGE,Jad,Fri Jul 31 2026 04:00:00 GMT-0300 (Brasilia Standard Time),557
ARENA,LARGE,Jad,Sat Aug 01 2026 04:00:00 GMT-0300 (Brasilia Standard Time),419
ARENA,LARGE,Jad,Mon Aug 03 2026 04:00:00 GMT-0300 (Brasilia Standard Time),1
ARENA,LARGE,Jad,Tue Aug 04 2026 04:00:00 GMT-0300 (Brasilia Standard Time),833
ARENA,LARGE,Jad,Wed Aug 05 2026 04:00:00 GMT-0300 (Brasilia Standard Time),695
ARENA,LARGE,Jad,Thu Aug 06 2026 04:00:00 GMT-0300 (Brasilia Standard Time),710
ARENA,LARGE,Jad,Fri Aug 07 2026 04:00:00 GMT-0300 (Brasilia Standard Time),615
ARENA,LARGE,Jad,Sat Aug 08 2026 04:00:00 GMT-0300 (Brasilia Standard Time),558
ARENA,LARGE,Jad,Tue Aug 11 2026 04:00:00 GMT-0300 (Brasilia Standard Time),812
ARENA,LARGE,Jad,Wed Aug 12 2026 04:00:00 GMT-0300 (Brasilia Standard Time),773
ARENA,LARGE,Jad,Thu Aug 13 2026 04:00:00 GMT-0300 (Brasilia Standard Time),544
ARENA,LARGE,Jad,Fri Aug 14 2026 04:00:00 GMT-0300 (Brasilia Standard Time),508
ARENA,LARGE,Jad,Sat Aug 15 2026 04:00:00 GMT-0300 (Brasilia Standard Time),439
ARENA,LARGE,Jad,Tue Aug 18 2026 04:00:00 GMT-0300 (Brasilia Standard Time),878
ARENA,LARGE,Jad,Wed Aug 19 2026 04:00:00 GMT-0300 (Brasilia Standard Time),230
ARENA,LARGE,Jad,Thu Aug 20 2026 04:00:00 GMT-0300 (Brasilia Standard Time),23
ARENA,LARGE,Jad,Fri Aug 21 2026 04:00:00 GMT-0300 (Brasilia Standard Time),7
ARENA,LARGE,Jad,Sat Aug 22 2026 04:00:00 GMT-0300 (Brasilia Standard Time),5
ARENA,LARGE,Jad,Tue Aug 25 2026 04:00:00 GMT-0300 (Brasilia Standard Time),11
ARENA,LARGE,Jad,Wed Aug 26 2026 04:00:00 GMT-0300 (Brasilia Standard Time),7
ARENA,LARGE,Jad,Thu Aug 27 2026 04:00:00 GMT-0300 (Brasilia Standard Time),3
ARENA,LARGE,Jad,Sat Aug 29 2026 04:00:00 GMT-0300 (Brasilia Standard Time),4
ARENA,LARGE,Jad,Tue Sep 01 2026 04:00:00 GMT-0300 (Brasilia Standard Time),6
ARENA,LARGE,Loggi,Tue Jul 21 2026 04:00:00 GMT-0300 (Brasilia Standard Time),277
ARENA,LARGE,Loggi,Wed Jul 22 2026 04:00:00 GMT-0300 (Brasilia Standard Time),212
ARENA,LARGE,Loggi,Thu Jul 23 2026 04:00:00 GMT-0300 (Brasilia Standard Time),163
ARENA,LARGE,Loggi,Fri Jul 24 2026 04:00:00 GMT-0300 (Brasilia Standard Time),250
ARENA,LARGE,Loggi,Sat Jul 25 2026 04:00:00 GMT-0300 (Brasilia Standard Time),161
ARENA,LARGE,Loggi,Tue Jul 28 2026 04:00:00 GMT-0300 (Brasilia Standard Time),276
ARENA,LARGE,Loggi,Wed Jul 29 2026 04:00:00 GMT-0300 (Brasilia Standard Time),231
ARENA,LARGE,Loggi,Thu Jul 30 2026 04:00:00 GMT-0300 (Brasilia Standard Time),160
ARENA,LARGE,Loggi,Fri Jul 31 2026 04:00:00 GMT-0300 (Brasilia Standard Time),372
ARENA,LARGE,Loggi,Sat Aug 01 2026 04:00:00 GMT-0300 (Brasilia Standard Time),220
ARENA,LARGE,Loggi,Tue Aug 04 2026 04:00:00 GMT-0300 (Brasilia Standard Time),1851
ARENA,LARGE,Loggi,Wed Aug 05 2026 04:00:00 GMT-0300 (Brasilia Standard Time),1234
ARENA,LARGE,Loggi,Thu Aug 06 2026 04:00:00 GMT-0300 (Brasilia Standard Time),620
ARENA,LARGE,Loggi,Fri Aug 07 2026 04:00:00 GMT-0300 (Brasilia Standard Time),1274
ARENA,LARGE,Loggi,Sat Aug 08 2026 04:00:00 GMT-0300 (Brasilia Standard Time),847
ARENA,LARGE,Loggi,Tue Aug 11 2026 04:00:00 GMT-0300 (Brasilia Standard Time),1204
ARENA,LARGE,Loggi,Wed Aug 12 2026 04:00:00 GMT-0300 (Brasilia Standard Time),1177
ARENA,LARGE,Loggi,Thu Aug 13 2026 04:00:00 GMT-0300 (Brasilia Standard Time),510
ARENA,LARGE,Loggi,Fri Aug 14 2026 04:00:00 GMT-0300 (Brasilia Standard Time),84
ARENA,LARGE,Loggi,Sat Aug 15 2026 04:00:00 GMT-0300 (Brasilia Standard Time),73
ARENA,LARGE,Loggi,Tue Aug 18 2026 04:00:00 GMT-0300 (Brasilia Standard Time),263
ARENA,LARGE,Loggi,Wed Aug 19 2026 04:00:00 GMT-0300 (Brasilia Standard Time),106
ARENA,LARGE,Loggi,Thu Aug 20 2026 04:00:00 GMT-0300 (Brasilia Standard Time),149
ARENA,LARGE,Loggi,Fri Aug 21 2026 04:00:00 GMT-0300 (Brasilia Standard Time),129
ARENA,LARGE,Loggi,Sat Aug 22 2026 04:00:00 GMT-0300 (Brasilia Standard Time),139
ARENA,LARGE,Loggi,Tue Aug 25 2026 04:00:00 GMT-0300 (Brasilia Standard Time),265
ARENA,LARGE,Loggi,Wed Aug 26 2026 04:00:00 GMT-0300 (Brasilia Standard Time),14
ARENA,LARGE,Loggi,Thu Aug 27 2026 04:00:00 GMT-0300 (Brasilia Standard Time),4
ARENA,LARGE,Loggi,Fri Aug 28 2026 04:00:00 GMT-0300 (Brasilia Standard Time),9
ARENA,NA,J&T Fast,Sat Aug 01 2026 04:00:00 GMT-0300 (Brasilia Standard Time),1
ARENA,NA,J&T Fast,Wed Aug 05 2026 04:00:00 GMT-0300 (Brasilia Standard Time),1
ARENA,NA,J&T Fast,Tue Aug 18 2026 04:00:00 GMT-0300 (Brasilia Standard Time),20
ARENA,NA,J&T Fast,Wed Aug 19 2026 04:00:00 GMT-0300 (Brasilia Standard Time),8
ARENA,NA,J&T Fast,Fri Aug 21 2026 04:00:00 GMT-0300 (Brasilia Standard Time),3
ARENA,NA,J&T Fast,Tue Aug 25 2026 04:00:00 GMT-0300 (Brasilia Standard Time),1
ARENA,NA,J&T Nodos,Wed Aug 19 2026 04:00:00 GMT-0300 (Brasilia Standard Time),1
ARENA,NA,J&T Nodos,Fri Aug 21 2026 04:00:00 GMT-0300 (Brasilia Standard Time),4
ARENA,NA,J&T Nodos,Sat Aug 22 2026 04:00:00 GMT-0300 (Brasilia Standard Time),1
ARENA,NA,J&T Nodos,Fri Aug 28 2026 04:00:00 GMT-0300 (Brasilia Standard Time),5
ARENA,NA,J&T Nodos,Mon Aug 31 2026 04:00:00 GMT-0300 (Brasilia Standard Time),2
ARENA,NA,J&T Slow,Tue Aug 18 2026 04:00:00 GMT-0300 (Brasilia Standard Time),39
ARENA,NA,J&T Slow,Wed Aug 19 2026 04:00:00 GMT-0300 (Brasilia Standard Time),495
ARENA,NA,J&T Slow,Thu Aug 20 2026 04:00:00 GMT-0300 (Brasilia Standard Time),630
ARENA,NA,J&T Slow,Fri Aug 21 2026 04:00:00 GMT-0300 (Brasilia Standard Time),203
ARENA,NA,J&T Slow,Sat Aug 22 2026 04:00:00 GMT-0300 (Brasilia Standard Time),80
ARENA,NA,J&T Slow,Tue Aug 25 2026 04:00:00 GMT-0300 (Brasilia Standard Time),2
ARENA,NA,J&T Slow,Wed Aug 26 2026 04:00:00 GMT-0300 (Brasilia Standard Time),16
ARENA,NA,J&T Slow,Thu Aug 27 2026 04:00:00 GMT-0300 (Brasilia Standard Time),13
ARENA,NA,J&T Slow,Fri Aug 28 2026 04:00:00 GMT-0300 (Brasilia Standard Time),11
ARENA,NA,J&T Slow,Sat Aug 29 2026 04:00:00 GMT-0300 (Brasilia Standard Time),8
ARENA,NA,Jad,Tue Aug 18 2026 04:00:00 GMT-0300 (Brasilia Standard Time),33
ARENA,NA,Jad,Wed Aug 19 2026 04:00:00 GMT-0300 (Brasilia Standard Time),14
ARENA,NA,Jad,Thu Aug 20 2026 04:00:00 GMT-0300 (Brasilia Standard Time),3
ARENA,NA,Loggi,Tue Jul 28 2026 04:00:00 GMT-0300 (Brasilia Standard Time),1
ARENA,NA,Loggi,Tue Aug 04 2026 04:00:00 GMT-0300 (Brasilia Standard Time),4
ARENA,NA,Loggi,Tue Aug 11 2026 04:00:00 GMT-0300 (Brasilia Standard Time),8
ARENA,NA,Loggi,Tue Aug 18 2026 04:00:00 GMT-0300 (Brasilia Standard Time),32
ARENA,NA,Loggi,Wed Aug 19 2026 04:00:00 GMT-0300 (Brasilia Standard Time),7
ARENA,NA,Loggi,Thu Aug 20 2026 04:00:00 GMT-0300 (Brasilia Standard Time),7
ARENA,NA,Loggi,Fri Aug 21 2026 04:00:00 GMT-0300 (Brasilia Standard Time),4
ARENA,NA,Loggi,Tue Aug 25 2026 04:00:00 GMT-0300 (Brasilia Standard Time),14
ARENA,OVERSIZE,J&T Slow,Tue Jul 21 2026 04:00:00 GMT-0300 (Brasilia Standard Time),1
ARENA,OVERSIZE,J&T Slow,Wed Jul 22 2026 04:00:00 GMT-0300 (Brasilia Standard Time),3
ARENA,OVERSIZE,J&T Slow,Thu Jul 23 2026 04:00:00 GMT-0300 (Brasilia Standard Time),2
ARENA,OVERSIZE,J&T Slow,Fri Jul 24 2026 04:00:00 GMT-0300 (Brasilia Standard Time),1
ARENA,OVERSIZE,J&T Slow,Sat Jul 25 2026 04:00:00 GMT-0300 (Brasilia Standard Time),2
ARENA,OVERSIZE,J&T Slow,Tue Jul 28 2026 04:00:00 GMT-0300 (Brasilia Standard Time),2
ARENA,OVERSIZE,J&T Slow,Wed Jul 29 2026 04:00:00 GMT-0300 (Brasilia Standard Time),5
ARENA,OVERSIZE,J&T Slow,Thu Jul 30 2026 04:00:00 GMT-0300 (Brasilia Standard Time),1
ARENA,OVERSIZE,J&T Slow,Fri Jul 31 2026 04:00:00 GMT-0300 (Brasilia Standard Time),2
ARENA,OVERSIZE,J&T Slow,Sat Aug 01 2026 04:00:00 GMT-0300 (Brasilia Standard Time),2
ARENA,OVERSIZE,J&T Slow,Tue Aug 04 2026 04:00:00 GMT-0300 (Brasilia Standard Time),3
ARENA,OVERSIZE,J&T Slow,Thu Aug 06 2026 04:00:00 GMT-0300 (Brasilia Standard Time),1
ARENA,OVERSIZE,J&T Slow,Fri Aug 07 2026 04:00:00 GMT-0300 (Brasilia Standard Time),2
ARENA,OVERSIZE,J&T Slow,Sat Aug 08 2026 04:00:00 GMT-0300 (Brasilia Standard Time),1
ARENA,OVERSIZE,J&T Slow,Tue Aug 11 2026 04:00:00 GMT-0300 (Brasilia Standard Time),6
ARENA,OVERSIZE,J&T Slow,Wed Aug 12 2026 04:00:00 GMT-0300 (Brasilia Standard Time),3
ARENA,OVERSIZE,J&T Slow,Thu Aug 13 2026 04:00:00 GMT-0300 (Brasilia Standard Time),1
ARENA,OVERSIZE,J&T Slow,Sat Aug 15 2026 04:00:00 GMT-0300 (Brasilia Standard Time),1
ARENA,OVERSIZE,J&T Slow,Tue Aug 18 2026 04:00:00 GMT-0300 (Brasilia Standard Time),1
ARENA,OVERSIZE,J&T Slow,Wed Aug 19 2026 04:00:00 GMT-0300 (Brasilia Standard Time),2
ARENA,OVERSIZE,J&T Slow,Sat Aug 22 2026 04:00:00 GMT-0300 (Brasilia Standard Time),1
ARENA,OVERSIZE,Jad,Tue Jul 21 2026 04:00:00 GMT-0300 (Brasilia Standard Time),57
ARENA,OVERSIZE,Jad,Wed Jul 22 2026 04:00:00 GMT-0300 (Brasilia Standard Time),144
ARENA,OVERSIZE,Jad,Thu Jul 23 2026 04:00:00 GMT-0300 (Brasilia Standard Time),73
ARENA,OVERSIZE,Jad,Fri Jul 24 2026 04:00:00 GMT-0300 (Brasilia Standard Time),89
ARENA,OVERSIZE,Jad,Sat Jul 25 2026 04:00:00 GMT-0300 (Brasilia Standard Time),84
ARENA,OVERSIZE,Jad,Tue Jul 28 2026 04:00:00 GMT-0300 (Brasilia Standard Time),51
ARENA,OVERSIZE,Jad,Wed Jul 29 2026 04:00:00 GMT-0300 (Brasilia Standard Time),75
ARENA,OVERSIZE,Jad,Thu Jul 30 2026 04:00:00 GMT-0300 (Brasilia Standard Time),82
ARENA,OVERSIZE,Jad,Fri Jul 31 2026 04:00:00 GMT-0300 (Brasilia Standard Time),80
ARENA,OVERSIZE,Jad,Sat Aug 01 2026 04:00:00 GMT-0300 (Brasilia Standard Time),71
ARENA,OVERSIZE,Jad,Mon Aug 03 2026 04:00:00 GMT-0300 (Brasilia Standard Time),1
ARENA,OVERSIZE,Jad,Tue Aug 04 2026 04:00:00 GMT-0300 (Brasilia Standard Time),72
ARENA,OVERSIZE,Jad,Wed Aug 05 2026 04:00:00 GMT-0300 (Brasilia Standard Time),106
ARENA,OVERSIZE,Jad,Thu Aug 06 2026 04:00:00 GMT-0300 (Brasilia Standard Time),78
ARENA,OVERSIZE,Jad,Fri Aug 07 2026 04:00:00 GMT-0300 (Brasilia Standard Time),73
ARENA,OVERSIZE,Jad,Sat Aug 08 2026 04:00:00 GMT-0300 (Brasilia Standard Time),55
ARENA,OVERSIZE,Jad,Tue Aug 11 2026 04:00:00 GMT-0300 (Brasilia Standard Time),74
ARENA,OVERSIZE,Jad,Wed Aug 12 2026 04:00:00 GMT-0300 (Brasilia Standard Time),128
ARENA,OVERSIZE,Jad,Thu Aug 13 2026 04:00:00 GMT-0300 (Brasilia Standard Time),92
ARENA,OVERSIZE,Jad,Fri Aug 14 2026 04:00:00 GMT-0300 (Brasilia Standard Time),94
ARENA,OVERSIZE,Jad,Sat Aug 15 2026 04:00:00 GMT-0300 (Brasilia Standard Time),129
ARENA,OVERSIZE,Jad,Tue Aug 18 2026 04:00:00 GMT-0300 (Brasilia Standard Time),43
ARENA,OVERSIZE,Jad,Wed Aug 19 2026 04:00:00 GMT-0300 (Brasilia Standard Time),118
ARENA,OVERSIZE,Jad,Thu Aug 20 2026 04:00:00 GMT-0300 (Brasilia Standard Time),4
ARENA,OVERSIZE,Jad,Sat Aug 22 2026 04:00:00 GMT-0300 (Brasilia Standard Time),5
ARENA,OVERSIZE,Jad,Tue Aug 25 2026 04:00:00 GMT-0300 (Brasilia Standard Time),3
ARENA,OVERSIZE,Jad,Fri Aug 28 2026 04:00:00 GMT-0300 (Brasilia Standard Time),2
ARENA,OVERSIZE,Jad,Tue Sep 01 2026 04:00:00 GMT-0300 (Brasilia Standard Time),1
ARENA,OVERSIZE,Loggi,Tue Jul 21 2026 04:00:00 GMT-0300 (Brasilia Standard Time),23
ARENA,OVERSIZE,Loggi,Wed Jul 22 2026 04:00:00 GMT-0300 (Brasilia Standard Time),62
ARENA,OVERSIZE,Loggi,Thu Jul 23 2026 04:00:00 GMT-0300 (Brasilia Standard Time),39
ARENA,OVERSIZE,Loggi,Fri Jul 24 2026 04:00:00 GMT-0300 (Brasilia Standard Time),42
ARENA,OVERSIZE,Loggi,Sat Jul 25 2026 04:00:00 GMT-0300 (Brasilia Standard Time),27
ARENA,OVERSIZE,Loggi,Tue Jul 28 2026 04:00:00 GMT-0300 (Brasilia Standard Time),28
ARENA,OVERSIZE,Loggi,Wed Jul 29 2026 04:00:00 GMT-0300 (Brasilia Standard Time),68
ARENA,OVERSIZE,Loggi,Thu Jul 30 2026 04:00:00 GMT-0300 (Brasilia Standard Time),63
ARENA,OVERSIZE,Loggi,Fri Jul 31 2026 04:00:00 GMT-0300 (Brasilia Standard Time),63
ARENA,OVERSIZE,Loggi,Sat Aug 01 2026 04:00:00 GMT-0300 (Brasilia Standard Time),17
ARENA,OVERSIZE,Loggi,Tue Aug 04 2026 04:00:00 GMT-0300 (Brasilia Standard Time),40
ARENA,OVERSIZE,Loggi,Wed Aug 05 2026 04:00:00 GMT-0300 (Brasilia Standard Time),51
ARENA,OVERSIZE,Loggi,Thu Aug 06 2026 04:00:00 GMT-0300 (Brasilia Standard Time),21
ARENA,OVERSIZE,Loggi,Fri Aug 07 2026 04:00:00 GMT-0300 (Brasilia Standard Time),58
ARENA,OVERSIZE,Loggi,Sat Aug 08 2026 04:00:00 GMT-0300 (Brasilia Standard Time),17
ARENA,OVERSIZE,Loggi,Tue Aug 11 2026 04:00:00 GMT-0300 (Brasilia Standard Time),23
ARENA,OVERSIZE,Loggi,Wed Aug 12 2026 04:00:00 GMT-0300 (Brasilia Standard Time),48
ARENA,OVERSIZE,Loggi,Thu Aug 13 2026 04:00:00 GMT-0300 (Brasilia Standard Time),67
ARENA,OVERSIZE,Loggi,Fri Aug 14 2026 04:00:00 GMT-0300 (Brasilia Standard Time),29
ARENA,OVERSIZE,Loggi,Sat Aug 15 2026 04:00:00 GMT-0300 (Brasilia Standard Time),66
ARENA,OVERSIZE,Loggi,Tue Aug 18 2026 04:00:00 GMT-0300 (Brasilia Standard Time),41
ARENA,OVERSIZE,Loggi,Wed Aug 19 2026 04:00:00 GMT-0300 (Brasilia Standard Time),70
ARENA,OVERSIZE,Loggi,Thu Aug 20 2026 04:00:00 GMT-0300 (Brasilia Standard Time),20
ARENA,OVERSIZE,Loggi,Fri Aug 21 2026 04:00:00 GMT-0300 (Brasilia Standard Time),2
ARENA,OVERSIZE,Loggi,Sat Aug 22 2026 04:00:00 GMT-0300 (Brasilia Standard Time),1
BRAAL1,GM,Jad,Fri Jul 24 2026 04:00:00 GMT-0300 (Brasilia Standard Time),1
BRAAL1,GM,Jad,Sat Jul 25 2026 04:00:00 GMT-0300 (Brasilia Standard Time),7
BRAAL1,GM,Jad,Mon Jul 27 2026 04:00:00 GMT-0300 (Brasilia Standard Time),2
BRAAL1,GM,Jad,Tue Jul 28 2026 04:00:00 GMT-0300 (Brasilia Standard Time),4
BRAAL1,GM,Jad,Wed Jul 29 2026 04:00:00 GMT-0300 (Brasilia Standard Time),3
BRAAL1,GM,Jad,Thu Jul 30 2026 04:00:00 GMT-0300 (Brasilia Standard Time),5
BRAAL1,GM,Jad,Fri Jul 31 2026 04:00:00 GMT-0300 (Brasilia Standard Time),5
BRAAL1,GM,Jad,Sat Aug 01 2026 04:00:00 GMT-0300 (Brasilia Standard Time),1
BRAAL1,GM,Jad,Mon Aug 03 2026 04:00:00 GMT-0300 (Brasilia Standard Time),2
BRAAL1,GM,Jad,Wed Aug 05 2026 04:00:00 GMT-0300 (Brasilia Standard Time),4
BRAAL1,GM,Jad,Thu Aug 06 2026 04:00:00 GMT-0300 (Brasilia Standard Time),1
BRAAL1,GM,Loggi,Sat Aug 01 2026 04:00:00 GMT-0300 (Brasilia Standard Time),1
BRAAL1,LARGE,Jad,Fri Jul 24 2026 04:00:00 GMT-0300 (Brasilia Standard Time),2
BRAAL1,LARGE,Jad,Sat Jul 25 2026 04:00:00 GMT-0300 (Brasilia Standard Time),3
BRAAL1,LARGE,Jad,Mon Jul 27 2026 04:00:00 GMT-0300 (Brasilia Standard Time),4
BRAAL1,LARGE,Jad,Wed Jul 29 2026 04:00:00 GMT-0300 (Brasilia Standard Time),2
BRAAL1,LARGE,Jad,Thu Jul 30 2026 04:00:00 GMT-0300 (Brasilia Standard Time),6
BRAAL1,LARGE,Jad,Fri Jul 31 2026 04:00:00 GMT-0300 (Brasilia Standard Time),1
BRAAL1,LARGE,Jad,Sat Aug 01 2026 04:00:00 GMT-0300 (Brasilia Standard Time),1
BRAAL1,LARGE,Jad,Mon Aug 03 2026 04:00:00 GMT-0300 (Brasilia Standard Time),3
BRAAL1,LARGE,Jad,Thu Aug 06 2026 04:00:00 GMT-0300 (Brasilia Standard Time),3
BRAAL1,LARGE,Loggi,Tue Jul 28 2026 04:00:00 GMT-0300 (Brasilia Standard Time),1
BRAAL1,OVERSIZE,Jad,Sat Jul 25 2026 04:00:00 GMT-0300 (Brasilia Standard Time),3
BRAAL1,OVERSIZE,Jad,Mon Jul 27 2026 04:00:00 GMT-0300 (Brasilia Standard Time),2
BRAAL1,OVERSIZE,Jad,Wed Jul 29 2026 04:00:00 GMT-0300 (Brasilia Standard Time),7
BRAAL1,OVERSIZE,Jad,Thu Jul 30 2026 04:00:00 GMT-0300 (Brasilia Standard Time),3
BRAAL1,OVERSIZE,Jad,Fri Jul 31 2026 04:00:00 GMT-0300 (Brasilia Standard Time),2
BRAAL1,OVERSIZE,Jad,Sat Aug 01 2026 04:00:00 GMT-0300 (Brasilia Standard Time),1
BRAAL1,OVERSIZE,Jad,Mon Aug 03 2026 04:00:00 GMT-0300 (Brasilia Standard Time),3
BRAAL1,OVERSIZE,Jad,Tue Aug 04 2026 04:00:00 GMT-0300 (Brasilia Standard Time),2
BRAAL1,OVERSIZE,Jad,Wed Aug 05 2026 04:00:00 GMT-0300 (Brasilia Standard Time),5
BRAAL1,OVERSIZE,Jad,Thu Aug 06 2026 04:00:00 GMT-0300 (Brasilia Standard Time),1
BRAAM1,GM,Carvalima,Fri Jul 24 2026 04:00:00 GMT-0300 (Brasilia Standard Time),13
BRAAM1,GM,Carvalima,Sat Jul 25 2026 04:00:00 GMT-0300 (Brasilia Standard Time),16
BRAAM1,GM,Carvalima,Mon Jul 27 2026 04:00:00 GMT-0300 (Brasilia Standard Time),9
BRAAM1,GM,Carvalima,Tue Jul 28 2026 04:00:00 GMT-0300 (Brasilia Standard Time),19
BRAAM1,GM,Carvalima,Wed Jul 29 2026 04:00:00 GMT-0300 (Brasilia Standard Time),19
BRAAM1,GM,Carvalima,Thu Jul 30 2026 04:00:00 GMT-0300 (Brasilia Standard Time),11
BRAAM1,GM,Carvalima,Fri Jul 31 2026 04:00:00 GMT-0300 (Brasilia Standard Time),12
BRAAM1,GM,Carvalima,Sat Aug 01 2026 04:00:00 GMT-0300 (Brasilia Standard Time),10
BRAAM1,GM,Carvalima,Mon Aug 03 2026 04:00:00 GMT-0300 (Brasilia Standard Time),6
BRAAM1,GM,Carvalima,Tue Aug 04 2026 04:00:00 GMT-0300 (Brasilia Standard Time),19
BRAAM1,GM,Carvalima,Wed Aug 05 2026 04:00:00 GMT-0300 (Brasilia Standard Time),20
BRAAM1,GM,Carvalima,Thu Aug 06 2026 04:00:00 GMT-0300 (Brasilia Standard Time),3
BRAAM1,GM,Carvalima,Fri Aug 07 2026 04:00:00 GMT-0300 (Brasilia Standard Time),1
BRAAM1,GM,Carvalima,Sat Aug 08 2026 04:00:00 GMT-0300 (Brasilia Standard Time),1
BRAAM1,GM,Carvalima,Mon Aug 10 2026 04:00:00 GMT-0300 (Brasilia Standard Time),1
BRAAM1,GM,J&T Fast,Tue Jul 28 2026 04:00:00 GMT-0300 (Brasilia Standard Time),1
BRAAM1,GM,Jad,Fri Jul 24 2026 04:00:00 GMT-0300 (Brasilia Standard Time),1
BRAAM1,GM,Jad,Sat Jul 25 2026 04:00:00 GMT-0300 (Brasilia Standard Time),8
BRAAM1,GM,Jad,Mon Jul 27 2026 04:00:00 GMT-0300 (Brasilia Standard Time),7
BRAAM1,GM,Jad,Tue Jul 28 2026 04:00:00 GMT-0300 (Brasilia Standard Time),4
BRAAM1,GM,Jad,Wed Jul 29 2026 04:00:00 GMT-0300 (Brasilia Standard Time),7
BRAAM1,GM,Jad,Thu Jul 30 2026 04:00:00 GMT-0300 (Brasilia Standard Time),2
BRAAM1,GM,Jad,Fri Jul 31 2026 04:00:00 GMT-0300 (Brasilia Standard Time),7
BRAAM1,GM,Jad,Sat Aug 01 2026 04:00:00 GMT-0300 (Brasilia Standard Time),2
BRAAM1,GM,Jad,Mon Aug 03 2026 04:00:00 GMT-0300 (Brasilia Standard Time),1
BRAAM1,GM,Jad,Tue Aug 04 2026 04:00:00 GMT-0300 (Brasilia Standard Time),1
BRAAM1,GM,Jad,Wed Aug 05 2026 04:00:00 GMT-0300 (Brasilia Standard Time),5
BRAAM1,GM,Jad,Thu Aug 06 2026 04:00:00 GMT-0300 (Brasilia Standard Time),1
BRAAM1,GM,Jad,Fri Aug 07 2026 04:00:00 GMT-0300 (Brasilia Standard Time),2
BRAAM1,GM,Jad,Sat Aug 08 2026 04:00:00 GMT-0300 (Brasilia Standard Time),1
BRAAM1,GM,Jad,Mon Aug 10 2026 04:00:00 GMT-0300 (Brasilia Standard Time),1
BRAAM1,GM,Loggi,Fri Jul 24 2026 04:00:00 GMT-0300 (Brasilia Standard Time),7
BRAAM1,GM,Loggi,Sat Jul 25 2026 04:00:00 GMT-0300 (Brasilia Standard Time),9
BRAAM1,GM,Loggi,Mon Jul 27 2026 04:00:00 GMT-0300 (Brasilia Standard Time),12
BRAAM1,GM,Loggi,Tue Jul 28 2026 04:00:00 GMT-0300 (Brasilia Standard Time),14
BRAAM1,GM,Loggi,Wed Jul 29 2026 04:00:00 GMT-0300 (Brasilia Standard Time),19
BRAAM1,GM,Loggi,Thu Jul 30 2026 04:00:00 GMT-0300 (Brasilia Standard Time),5
BRAAM1,GM,Loggi,Fri Jul 31 2026 04:00:00 GMT-0300 (Brasilia Standard Time),9
BRAAM1,GM,Loggi,Sat Aug 01 2026 04:00:00 GMT-0300 (Brasilia Standard Time),12
BRAAM1,GM,Loggi,Mon Aug 03 2026 04:00:00 GMT-0300 (Brasilia Standard Time),7
BRAAM1,GM,Loggi,Tue Aug 04 2026 04:00:00 GMT-0300 (Brasilia Standard Time),8
BRAAM1,GM,Loggi,Wed Aug 05 2026 04:00:00 GMT-0300 (Brasilia Standard Time),23
BRAAM1,GM,Loggi,Thu Aug 06 2026 04:00:00 GMT-0300 (Brasilia Standard Time),6
BRAAM1,GM,Loggi,Fri Aug 07 2026 04:00:00 GMT-0300 (Brasilia Standard Time),8
BRAAM1,GM,Loggi,Sat Aug 08 2026 04:00:00 GMT-0300 (Brasilia Standard Time),2
BRAAM1,LARGE,Carvalima,Fri Jul 24 2026 04:00:00 GMT-0300 (Brasilia Standard Time),4
BRAAM1,LARGE,Carvalima,Sat Jul 25 2026 04:00:00 GMT-0300 (Brasilia Standard Time),4
BRAAM1,LARGE,Carvalima,Mon Jul 27 2026 04:00:00 GMT-0300 (Brasilia Standard Time),6
BRAAM1,LARGE,Carvalima,Tue Jul 28 2026 04:00:00 GMT-0300 (Brasilia Standard Time),1
BRAAM1,LARGE,Carvalima,Fri Jul 31 2026 04:00:00 GMT-0300 (Brasilia Standard Time),1
BRAAM1,LARGE,Carvalima,Sat Aug 01 2026 04:00:00 GMT-0300 (Brasilia Standard Time),1
BRAAM1,LARGE,Carvalima,Mon Aug 03 2026 04:00:00 GMT-0300 (Brasilia Standard Time),1
BRAAM1,LARGE,Carvalima,Tue Aug 04 2026 04:00:00 GMT-0300 (Brasilia Standard Time),3
BRAAM1,LARGE,Carvalima,Wed Aug 05 2026 04:00:00 GMT-0300 (Brasilia Standard Time),3
BRAAM1,LARGE,Jad,Fri Jul 24 2026 04:00:00 GMT-0300 (Brasilia Standard Time),1
BRAAM1,LARGE,Jad,Sat Jul 25 2026 04:00:00 GMT-0300 (Brasilia Standard Time),1
BRAAM1,LARGE,Jad,Mon Jul 27 2026 04:00:00 GMT-0300 (Brasilia Standard Time),3
BRAAM1,LARGE,Jad,Tue Jul 28 2026 04:00:00 GMT-0300 (Brasilia Standard Time),3
BRAAM1,LARGE,Jad,Wed Jul 29 2026 04:00:00 GMT-0300 (Brasilia Standard Time),4
BRAAM1,LARGE,Jad,Thu Jul 30 2026 04:00:00 GMT-0300 (Brasilia Standard Time),2
BRAAM1,LARGE,Jad,Mon Aug 03 2026 04:00:00 GMT-0300 (Brasilia Standard Time),3
BRAAM1,LARGE,Jad,Tue Aug 04 2026 04:00:00 GMT-0300 (Brasilia Standard Time),1
BRAAM1,LARGE,Jad,Wed Aug 05 2026 04:00:00 GMT-0300 (Brasilia Standard Time),3
BRAAM1,LARGE,Jad,Thu Aug 06 2026 04:00:00 GMT-0300 (Brasilia Standard Time),1
BRAAM1,LARGE,Jad,Fri Aug 07 2026 04:00:00 GMT-0300 (Brasilia Standard Time),2
BRAAM1,LARGE,Loggi,Tue Jul 28 2026 04:00:00 GMT-0300 (Brasilia Standard Time),1
BRAAM1,LARGE,Loggi,Thu Jul 30 2026 04:00:00 GMT-0300 (Brasilia Standard Time),2
BRAAM1,LARGE,Loggi,Fri Jul 31 2026 04:00:00 GMT-0300 (Brasilia Standard Time),2
BRAAM1,LARGE,Loggi,Mon Aug 03 2026 04:00:00 GMT-0300 (Brasilia Standard Time),1
BRAAM1,LARGE,Loggi,Thu Aug 06 2026 04:00:00 GMT-0300 (Brasilia Standard Time),1
BRAAM1,OVERSIZE,Carvalima,Mon Jul 27 2026 04:00:00 GMT-0300 (Brasilia Standard Time),1
BRAAM1,OVERSIZE,Carvalima,Tue Jul 28 2026 04:00:00 GMT-0300 (Brasilia Standard Time),1
BRAAM1,OVERSIZE,Carvalima,Wed Jul 29 2026 04:00:00 GMT-0300 (Brasilia Standard Time),1
BRAAM1,OVERSIZE,Carvalima,Fri Jul 31 2026 04:00:00 GMT-0300 (Brasilia Standard Time),1
BRAAM1,OVERSIZE,Carvalima,Sat Aug 01 2026 04:00:00 GMT-0300 (Brasilia Standard Time),1
BRAAM1,OVERSIZE,Carvalima,Tue Aug 04 2026 04:00:00 GMT-0300 (Brasilia Standard Time),5
BRAAM1,OVERSIZE,Carvalima,Wed Aug 05 2026 04:00:00 GMT-0300 (Brasilia Standard Time),1
BRAAM1,OVERSIZE,Carvalima,Thu Aug 06 2026 04:00:00 GMT-0300 (Brasilia Standard Time),1
BRAAM1,OVERSIZE,Imile Fast,Tue Jul 28 2026 04:00:00 GMT-0300 (Brasilia Standard Time),1
BRAAM1,OVERSIZE,Jad,Fri Jul 24 2026 04:00:00 GMT-0300 (Brasilia Standard Time),1
BRAAM1,OVERSIZE,Jad,Sat Jul 25 2026 04:00:00 GMT-0300 (Brasilia Standard Time),1
BRAAM1,OVERSIZE,Jad,Mon Jul 27 2026 04:00:00 GMT-0300 (Brasilia Standard Time),3
BRAAM1,OVERSIZE,Jad,Tue Jul 28 2026 04:00:00 GMT-0300 (Brasilia Standard Time),1
BRAAM1,OVERSIZE,Jad,Wed Jul 29 2026 04:00:00 GMT-0300 (Brasilia Standard Time),2
BRAAM1,OVERSIZE,Jad,Thu Jul 30 2026 04:00:00 GMT-0300 (Brasilia Standard Time),3
BRAAM1,OVERSIZE,Jad,Fri Jul 31 2026 04:00:00 GMT-0300 (Brasilia Standard Time),1
BRAAM1,OVERSIZE,Jad,Sat Aug 01 2026 04:00:00 GMT-0300 (Brasilia Standard Time),2
BRAAM1,OVERSIZE,Jad,Mon Aug 03 2026 04:00:00 GMT-0300 (Brasilia Standard Time),1
BRAAM1,OVERSIZE,Jad,Tue Aug 04 2026 04:00:00 GMT-0300 (Brasilia Standard Time),2
BRAAM1,OVERSIZE,Jad,Wed Aug 05 2026 04:00:00 GMT-0300 (Brasilia Standard Time),2
BRAAM1,OVERSIZE,Jad,Fri Aug 07 2026 04:00:00 GMT-0300 (Brasilia Standard Time),1
BRABA1,GM,Jad,Fri Jul 24 2026 04:00:00 GMT-0300 (Brasilia Standard Time),5
BRABA1,GM,Jad,Sat Jul 25 2026 04:00:00 GMT-0300 (Brasilia Standard Time),3
BRABA1,GM,Jad,Mon Jul 27 2026 04:00:00 GMT-0300 (Brasilia Standard Time),2
BRABA1,GM,Jad,Tue Jul 28 2026 04:00:00 GMT-0300 (Brasilia Standard Time),2
BRABA1,GM,Jad,Wed Jul 29 2026 04:00:00 GMT-0300 (Brasilia Standard Time),2
BRABA1,GM,Jad,Thu Jul 30 2026 04:00:00 GMT-0300 (Brasilia Standard Time),2
BRABA1,GM,Jad,Fri Jul 31 2026 04:00:00 GMT-0300 (Brasilia Standard Time),2
BRABA1,GM,Jad,Sat Aug 01 2026 04:00:00 GMT-0300 (Brasilia Standard Time),2
BRABA1,GM,Jad,Tue Aug 04 2026 04:00:00 GMT-0300 (Brasilia Standard Time),1
BRABA1,GM,Jad,Wed Aug 05 2026 04:00:00 GMT-0300 (Brasilia Standard Time),1
BRABA1,GM,Jad,Thu Aug 06 2026 04:00:00 GMT-0300 (Brasilia Standard Time),2
BRABA1,GM,Loggi,Fri Jul 24 2026 04:00:00 GMT-0300 (Brasilia Standard Time),1
BRABA1,GM,Loggi,Mon Jul 27 2026 04:00:00 GMT-0300 (Brasilia Standard Time),1
BRABA1,GM,Loggi,Fri Jul 31 2026 04:00:00 GMT-0300 (Brasilia Standard Time),1
BRABA1,GM,Loggi,Sat Aug 01 2026 04:00:00 GMT-0300 (Brasilia Standard Time),1
BRABA1,LARGE,Jad,Fri Jul 24 2026 04:00:00 GMT-0300 (Brasilia Standard Time),1
BRABA1,LARGE,Jad,Tue Jul 28 2026 04:00:00 GMT-0300 (Brasilia Standard Time),3
BRABA1,LARGE,Jad,Thu Jul 30 2026 04:00:00 GMT-0300 (Brasilia Standard Time),3
BRABA1,LARGE,Jad,Fri Jul 31 2026 04:00:00 GMT-0300 (Brasilia Standard Time),1
BRABA1,LARGE,Jad,Thu Aug 06 2026 04:00:00 GMT-0300 (Brasilia Standard Time),1
BRABA1,OVERSIZE,Jad,Tue Jul 28 2026 04:00:00 GMT-0300 (Brasilia Standard Time),1
BRABA1,OVERSIZE,Jad,Wed Jul 29 2026 04:00:00 GMT-0300 (Brasilia Standard Time),1
BRABA1,OVERSIZE,Jad,Thu Jul 30 2026 04:00:00 GMT-0300 (Brasilia Standard Time),2
BRABA1,OVERSIZE,Jad,Fri Jul 31 2026 04:00:00 GMT-0300 (Brasilia Standard Time),1
BRABA1,OVERSIZE,Jad,Mon Aug 03 2026 04:00:00 GMT-0300 (Brasilia Standard Time),1
BRACE1,GM,Dominalog,Fri Jul 24 2026 04:00:00 GMT-0300 (Brasilia Standard Time),1
BRACE1,GM,Jad,Fri Jul 24 2026 04:00:00 GMT-0300 (Brasilia Standard Time),6
BRACE1,GM,Jad,Sat Jul 25 2026 04:00:00 GMT-0300 (Brasilia Standard Time),2
BRACE1,GM,Jad,Mon Jul 27 2026 04:00:00 GMT-0300 (Brasilia Standard Time),1
BRACE1,GM,Jad,Tue Jul 28 2026 04:00:00 GMT-0300 (Brasilia Standard Time),1
BRACE1,GM,Jad,Wed Jul 29 2026 04:00:00 GMT-0300 (Brasilia Standard Time),3
BRACE1,GM,Jad,Thu Jul 30 2026 04:00:00 GMT-0300 (Brasilia Standard Time),3
BRACE1,GM,Jad,Sat Aug 01 2026 04:00:00 GMT-0300 (Brasilia Standard Time),1
BRACE1,GM,Jad,Tue Aug 04 2026 04:00:00 GMT-0300 (Brasilia Standard Time),1
BRACE1,GM,Jad,Wed Aug 05 2026 04:00:00 GMT-0300 (Brasilia Standard Time),5
BRACE1,GM,Jad,Thu Aug 06 2026 04:00:00 GMT-0300 (Brasilia Standard Time),1
BRACE1,GM,Loggi,Fri Jul 24 2026 04:00:00 GMT-0300 (Brasilia Standard Time),2
BRACE1,GM,Loggi,Sat Jul 25 2026 04:00:00 GMT-0300 (Brasilia Standard Time),5
BRACE1,LARGE,Jad,Sat Jul 25 2026 04:00:00 GMT-0300 (Brasilia Standard Time),1
BRACE1,LARGE,Jad,Tue Jul 28 2026 04:00:00 GMT-0300 (Brasilia Standard Time),2
BRACE1,LARGE,Jad,Wed Jul 29 2026 04:00:00 GMT-0300 (Brasilia Standard Time),1
BRACE1,LARGE,Jad,Thu Jul 30 2026 04:00:00 GMT-0300 (Brasilia Standard Time),2
BRACE1,LARGE,Jad,Wed Aug 05 2026 04:00:00 GMT-0300 (Brasilia Standard Time),1
BRACE1,LARGE,Jad,Thu Aug 06 2026 04:00:00 GMT-0300 (Brasilia Standard Time),1
BRACE1,OVERSIZE,Jad,Fri Jul 24 2026 04:00:00 GMT-0300 (Brasilia Standard Time),1
BRACE1,OVERSIZE,Jad,Sat Jul 25 2026 04:00:00 GMT-0300 (Brasilia Standard Time),3
BRACE1,OVERSIZE,Jad,Mon Jul 27 2026 04:00:00 GMT-0300 (Brasilia Standard Time),3
BRACE1,OVERSIZE,Jad,Wed Jul 29 2026 04:00:00 GMT-0300 (Brasilia Standard Time),1
BRACE1,OVERSIZE,Jad,Thu Jul 30 2026 04:00:00 GMT-0300 (Brasilia Standard Time),2
BRACE1,OVERSIZE,Jad,Fri Jul 31 2026 04:00:00 GMT-0300 (Brasilia Standard Time),3
BRACE1,OVERSIZE,Jad,Sat Aug 01 2026 04:00:00 GMT-0300 (Brasilia Standard Time),2
BRACE1,OVERSIZE,Jad,Tue Aug 04 2026 04:00:00 GMT-0300 (Brasilia Standard Time),1
BRACE1,OVERSIZE,Jad,Wed Aug 05 2026 04:00:00 GMT-0300 (Brasilia Standard Time),4
BRACE1,OVERSIZE,Jad,Thu Aug 06 2026 04:00:00 GMT-0300 (Brasilia Standard Time),2
BRADF1,GM,Jad,Sat Jul 25 2026 04:00:00 GMT-0300 (Brasilia Standard Time),1
BRADF1,GM,Jad,Thu Jul 30 2026 04:00:00 GMT-0300 (Brasilia Standard Time),2
BRADF1,GM,Jad,Wed Aug 05 2026 04:00:00 GMT-0300 (Brasilia Standard Time),1
BRADF1,GM,Loggi,Sat Jul 25 2026 04:00:00 GMT-0300 (Brasilia Standard Time),1
BRADF1,LARGE,Jad,Fri Jul 24 2026 04:00:00 GMT-0300 (Brasilia Standard Time),1
BRADF1,LARGE,Jad,Wed Jul 29 2026 04:00:00 GMT-0300 (Brasilia Standard Time),1
BRADF1,LARGE,Jad,Thu Jul 30 2026 04:00:00 GMT-0300 (Brasilia Standard Time),1
BRADF1,LARGE,Jad,Fri Jul 31 2026 04:00:00 GMT-0300 (Brasilia Standard Time),1
BRAES1,GM,Carvalima,Wed Jul 29 2026 04:00:00 GMT-0300 (Brasilia Standard Time),1
BRAES1,GM,Dominalog,Wed Aug 05 2026 04:00:00 GMT-0300 (Brasilia Standard Time),1
BRAES1,GM,Jad,Mon Jul 27 2026 04:00:00 GMT-0300 (Brasilia Standard Time),1
BRAES1,GM,Jad,Tue Jul 28 2026 04:00:00 GMT-0300 (Brasilia Standard Time),1
BRAES1,GM,Jad,Thu Jul 30 2026 04:00:00 GMT-0300 (Brasilia Standard Time),1
BRAES1,GM,Jad,Wed Aug 05 2026 04:00:00 GMT-0300 (Brasilia Standard Time),1
BRAES1,GM,Jad,Thu Aug 06 2026 04:00:00 GMT-0300 (Brasilia Standard Time),1
BRAES1,GM,Loggi,Sat Jul 25 2026 04:00:00 GMT-0300 (Brasilia Standard Time),3
BRAES1,GM,Loggi,Tue Jul 28 2026 04:00:00 GMT-0300 (Brasilia Standard Time),6
BRAES1,GM,Loggi,Wed Jul 29 2026 04:00:00 GMT-0300 (Brasilia Standard Time),7
BRAES1,GM,Loggi,Thu Jul 30 2026 04:00:00 GMT-0300 (Brasilia Standard Time),1
BRAES1,GM,Loggi,Fri Jul 31 2026 04:00:00 GMT-0300 (Brasilia Standard Time),2
BRAES1,GM,Loggi,Sat Aug 01 2026 04:00:00 GMT-0300 (Brasilia Standard Time),6
BRAES1,GM,Loggi,Tue Aug 04 2026 04:00:00 GMT-0300 (Brasilia Standard Time),5
BRAES1,GM,Loggi,Thu Aug 06 2026 04:00:00 GMT-0300 (Brasilia Standard Time),1
BRAES1,LARGE,Dominalog,Mon Jul 27 2026 04:00:00 GMT-0300 (Brasilia Standard Time),1
BRAES1,LARGE,Jad,Fri Jul 24 2026 04:00:00 GMT-0300 (Brasilia Standard Time),2
BRAES1,LARGE,Jad,Thu Jul 30 2026 04:00:00 GMT-0300 (Brasilia Standard Time),1
BRAES1,LARGE,Loggi,Thu Jul 30 2026 04:00:00 GMT-0300 (Brasilia Standard Time),1
BRAES1,LARGE,Loggi,Wed Aug 05 2026 04:00:00 GMT-0300 (Brasilia Standard Time),1
BRAES1,OVERSIZE,Jad,Mon Jul 27 2026 04:00:00 GMT-0300 (Brasilia Standard Time),1
BRAES1,OVERSIZE,Jad,Mon Aug 03 2026 04:00:00 GMT-0300 (Brasilia Standard Time),1
BRAES1,OVERSIZE,Loggi,Mon Jul 27 2026 04:00:00 GMT-0300 (Brasilia Standard Time),1
BRAGO1,GM,Jad,Sat Jul 25 2026 04:00:00 GMT-0300 (Brasilia Standard Time),1
BRAGO1,GM,Jad,Mon Jul 27 2026 04:00:00 GMT-0300 (Brasilia Standard Time),1
BRAGO1,GM,Jad,Tue Jul 28 2026 04:00:00 GMT-0300 (Brasilia Standard Time),1
BRAGO1,GM,Jad,Thu Jul 30 2026 04:00:00 GMT-0300 (Brasilia Standard Time),3
BRAGO1,GM,Jad,Fri Jul 31 2026 04:00:00 GMT-0300 (Brasilia Standard Time),1
BRAGO1,GM,Jad,Wed Aug 05 2026 04:00:00 GMT-0300 (Brasilia Standard Time),4
BRAGO1,GM,Jad,Thu Aug 06 2026 04:00:00 GMT-0300 (Brasilia Standard Time),1
BRAGO1,GM,Loggi,Fri Jul 24 2026 04:00:00 GMT-0300 (Brasilia Standard Time),3
BRAGO1,GM,Loggi,Sat Jul 25 2026 04:00:00 GMT-0300 (Brasilia Standard Time),4
BRAGO1,GM,Loggi,Mon Jul 27 2026 04:00:00 GMT-0300 (Brasilia Standard Time),1
BRAGO1,GM,Loggi,Tue Jul 28 2026 04:00:00 GMT-0300 (Brasilia Standard Time),12
BRAGO1,GM,Loggi,Wed Jul 29 2026 04:00:00 GMT-0300 (Brasilia Standard Time),6
BRAGO1,GM,Loggi,Thu Jul 30 2026 04:00:00 GMT-0300 (Brasilia Standard Time),5
BRAGO1,GM,Loggi,Fri Jul 31 2026 04:00:00 GMT-0300 (Brasilia Standard Time),1
BRAGO1,GM,Loggi,Sat Aug 01 2026 04:00:00 GMT-0300 (Brasilia Standard Time),1
BRAGO1,GM,Loggi,Mon Aug 03 2026 04:00:00 GMT-0300 (Brasilia Standard Time),2
BRAGO1,GM,Loggi,Tue Aug 04 2026 04:00:00 GMT-0300 (Brasilia Standard Time),8
BRAGO1,GM,Loggi,Wed Aug 05 2026 04:00:00 GMT-0300 (Brasilia Standard Time),13
BRAGO1,LARGE,Carvalima,Mon Jul 27 2026 04:00:00 GMT-0300 (Brasilia Standard Time),1
BRAGO1,LARGE,Jad,Tue Jul 28 2026 04:00:00 GMT-0300 (Brasilia Standard Time),7
BRAGO1,LARGE,Jad,Mon Aug 03 2026 04:00:00 GMT-0300 (Brasilia Standard Time),1
BRAGO1,LARGE,Loggi,Sat Jul 25 2026 04:00:00 GMT-0300 (Brasilia Standard Time),1
BRAGO1,LARGE,Loggi,Mon Jul 27 2026 04:00:00 GMT-0300 (Brasilia Standard Time),2
BRAGO1,LARGE,Loggi,Fri Jul 31 2026 04:00:00 GMT-0300 (Brasilia Standard Time),1
BRAGO1,LARGE,Loggi,Thu Aug 06 2026 04:00:00 GMT-0300 (Brasilia Standard Time),1
BRAGO1,OVERSIZE,Jad,Fri Jul 31 2026 04:00:00 GMT-0300 (Brasilia Standard Time),1
BRAJP1,GM,Jad,Fri Jul 24 2026 04:00:00 GMT-0300 (Brasilia Standard Time),4
BRAJP1,GM,Jad,Sat Jul 25 2026 04:00:00 GMT-0300 (Brasilia Standard Time),2
BRAJP1,GM,Jad,Tue Jul 28 2026 04:00:00 GMT-0300 (Brasilia Standard Time),3
BRAJP1,GM,Jad,Wed Jul 29 2026 04:00:00 GMT-0300 (Brasilia Standard Time),3
BRAJP1,GM,Jad,Thu Jul 30 2026 04:00:00 GMT-0300 (Brasilia Standard Time),4
BRAJP1,GM,Jad,Fri Jul 31 2026 04:00:00 GMT-0300 (Brasilia Standard Time),1
BRAJP1,GM,Jad,Sat Aug 01 2026 04:00:00 GMT-0300 (Brasilia Standard Time),1
BRAJP1,GM,Jad,Mon Aug 03 2026 04:00:00 GMT-0300 (Brasilia Standard Time),2
BRAJP1,GM,Jad,Tue Aug 04 2026 04:00:00 GMT-0300 (Brasilia Standard Time),2
BRAJP1,GM,Jad,Wed Aug 05 2026 04:00:00 GMT-0300 (Brasilia Standard Time),2
BRAJP1,GM,Jad,Thu Aug 06 2026 04:00:00 GMT-0300 (Brasilia Standard Time),4
BRAJP1,GM,Loggi,Fri Jul 24 2026 04:00:00 GMT-0300 (Brasilia Standard Time),5
BRAJP1,GM,Loggi,Sat Jul 25 2026 04:00:00 GMT-0300 (Brasilia Standard Time),4
BRAJP1,GM,Loggi,Mon Jul 27 2026 04:00:00 GMT-0300 (Brasilia Standard Time),2
BRAJP1,GM,Loggi,Fri Jul 31 2026 04:00:00 GMT-0300 (Brasilia Standard Time),3
BRAJP1,GM,Loggi,Sat Aug 01 2026 04:00:00 GMT-0300 (Brasilia Standard Time),1
BRAJP1,GM,Loggi,Mon Aug 03 2026 04:00:00 GMT-0300 (Brasilia Standard Time),1
BRAJP1,LARGE,Dominalog,Fri Jul 24 2026 04:00:00 GMT-0300 (Brasilia Standard Time),1
BRAJP1,LARGE,Jad,Fri Jul 24 2026 04:00:00 GMT-0300 (Brasilia Standard Time),2
BRAJP1,LARGE,Jad,Sat Jul 25 2026 04:00:00 GMT-0300 (Brasilia Standard Time),4
BRAJP1,LARGE,Jad,Tue Jul 28 2026 04:00:00 GMT-0300 (Brasilia Standard Time),2
BRAJP1,LARGE,Jad,Wed Jul 29 2026 04:00:00 GMT-0300 (Brasilia Standard Time),2
BRAJP1,LARGE,Jad,Thu Jul 30 2026 04:00:00 GMT-0300 (Brasilia Standard Time),3
BRAJP1,LARGE,Jad,Sat Aug 01 2026 04:00:00 GMT-0300 (Brasilia Standard Time),1
BRAJP1,LARGE,Jad,Mon Aug 03 2026 04:00:00 GMT-0300 (Brasilia Standard Time),1
BRAJP1,LARGE,Jad,Wed Aug 05 2026 04:00:00 GMT-0300 (Brasilia Standard Time),1
BRAJP1,LARGE,Loggi,Sat Jul 25 2026 04:00:00 GMT-0300 (Brasilia Standard Time),2
BRAJP1,LARGE,Loggi,Wed Jul 29 2026 04:00:00 GMT-0300 (Brasilia Standard Time),1
BRAJP1,LARGE,Loggi,Thu Jul 30 2026 04:00:00 GMT-0300 (Brasilia Standard Time),1
BRAJP1,OVERSIZE,Jad,Fri Jul 24 2026 04:00:00 GMT-0300 (Brasilia Standard Time),4
BRAJP1,OVERSIZE,Jad,Sat Jul 25 2026 04:00:00 GMT-0300 (Brasilia Standard Time),4
BRAJP1,OVERSIZE,Jad,Mon Jul 27 2026 04:00:00 GMT-0300 (Brasilia Standard Time),4
BRAJP1,OVERSIZE,Jad,Wed Jul 29 2026 04:00:00 GMT-0300 (Brasilia Standard Time),5
BRAJP1,OVERSIZE,Jad,Thu Jul 30 2026 04:00:00 GMT-0300 (Brasilia Standard Time),2
BRAJP1,OVERSIZE,Jad,Fri Jul 31 2026 04:00:00 GMT-0300 (Brasilia Standard Time),3
BRAJP1,OVERSIZE,Jad,Sat Aug 01 2026 04:00:00 GMT-0300 (Brasilia Standard Time),1
BRAJP1,OVERSIZE,Jad,Mon Aug 03 2026 04:00:00 GMT-0300 (Brasilia Standard Time),1
BRAJP1,OVERSIZE,Jad,Thu Aug 06 2026 04:00:00 GMT-0300 (Brasilia Standard Time),2
BRAMA1,GM,Jad,Sat Jul 25 2026 04:00:00 GMT-0300 (Brasilia Standard Time),1
BRAMA1,GM,Jad,Tue Jul 28 2026 04:00:00 GMT-0300 (Brasilia Standard Time),2
BRAMA1,GM,Jad,Thu Jul 30 2026 04:00:00 GMT-0300 (Brasilia Standard Time),1
BRAMA1,GM,Jad,Fri Jul 31 2026 04:00:00 GMT-0300 (Brasilia Standard Time),3
BRAMA1,GM,Jad,Sat Aug 01 2026 04:00:00 GMT-0300 (Brasilia Standard Time),1
BRAMA1,GM,Jad,Wed Aug 05 2026 04:00:00 GMT-0300 (Brasilia Standard Time),2
BRAMA1,LARGE,Jad,Sat Jul 25 2026 04:00:00 GMT-0300 (Brasilia Standard Time),1
BRAMA1,LARGE,Jad,Fri Jul 31 2026 04:00:00 GMT-0300 (Brasilia Standard Time),1
BRAMA1,OVERSIZE,Jad,Sat Jul 25 2026 04:00:00 GMT-0300 (Brasilia Standard Time),2
BRAMA1,OVERSIZE,Jad,Fri Jul 31 2026 04:00:00 GMT-0300 (Brasilia Standard Time),1
BRAMA1,OVERSIZE,Jad,Wed Aug 05 2026 04:00:00 GMT-0300 (Brasilia Standard Time),1
BRAMA1,OVERSIZE,Jad,Thu Aug 06 2026 04:00:00 GMT-0300 (Brasilia Standard Time),1
BRAMT1,GM,Carvalima,Fri Jul 24 2026 04:00:00 GMT-0300 (Brasilia Standard Time),8
BRAMT1,GM,Carvalima,Sat Jul 25 2026 04:00:00 GMT-0300 (Brasilia Standard Time),3
BRAMT1,GM,Carvalima,Mon Jul 27 2026 04:00:00 GMT-0300 (Brasilia Standard Time),1
BRAMT1,GM,Carvalima,Tue Jul 28 2026 04:00:00 GMT-0300 (Brasilia Standard Time),16
BRAMT1,GM,Carvalima,Wed Jul 29 2026 04:00:00 GMT-0300 (Brasilia Standard Time),9
BRAMT1,GM,Carvalima,Thu Jul 30 2026 04:00:00 GMT-0300 (Brasilia Standard Time),8
BRAMT1,GM,Carvalima,Fri Jul 31 2026 04:00:00 GMT-0300 (Brasilia Standard Time),6
BRAMT1,GM,Carvalima,Sat Aug 01 2026 04:00:00 GMT-0300 (Brasilia Standard Time),3
BRAMT1,GM,Carvalima,Mon Aug 03 2026 04:00:00 GMT-0300 (Brasilia Standard Time),2
BRAMT1,GM,Carvalima,Tue Aug 04 2026 04:00:00 GMT-0300 (Brasilia Standard Time),30
BRAMT1,GM,Carvalima,Wed Aug 05 2026 04:00:00 GMT-0300 (Brasilia Standard Time),16
BRAMT1,GM,Carvalima,Thu Aug 06 2026 04:00:00 GMT-0300 (Brasilia Standard Time),2
BRAMT1,GM,Loggi,Fri Jul 24 2026 04:00:00 GMT-0300 (Brasilia Standard Time),1
BRAMT1,LARGE,Carvalima,Fri Jul 24 2026 04:00:00 GMT-0300 (Brasilia Standard Time),5
BRAMT1,LARGE,Carvalima,Sat Jul 25 2026 04:00:00 GMT-0300 (Brasilia Standard Time),1
BRAMT1,LARGE,Carvalima,Tue Jul 28 2026 04:00:00 GMT-0300 (Brasilia Standard Time),2
BRAMT1,LARGE,Carvalima,Wed Jul 29 2026 04:00:00 GMT-0300 (Brasilia Standard Time),5
BRAMT1,LARGE,Carvalima,Thu Jul 30 2026 04:00:00 GMT-0300 (Brasilia Standard Time),5
BRAMT1,LARGE,Carvalima,Wed Aug 05 2026 04:00:00 GMT-0300 (Brasilia Standard Time),3
BRAMT1,OVERSIZE,Carvalima,Tue Jul 28 2026 04:00:00 GMT-0300 (Brasilia Standard Time),1
BRAMT1,OVERSIZE,Carvalima,Wed Jul 29 2026 04:00:00 GMT-0300 (Brasilia Standard Time),2
BRAMT1,OVERSIZE,Carvalima,Fri Jul 31 2026 04:00:00 GMT-0300 (Brasilia Standard Time),1
BRAMT1,OVERSIZE,Carvalima,Tue Aug 04 2026 04:00:00 GMT-0300 (Brasilia Standard Time),2
BRAMT1,OVERSIZE,Carvalima,Wed Aug 05 2026 04:00:00 GMT-0300 (Brasilia Standard Time),2
BRAPA1,GM,Carvalima,Fri Jul 24 2026 04:00:00 GMT-0300 (Brasilia Standard Time),4
BRAPA1,GM,Carvalima,Tue Jul 28 2026 04:00:00 GMT-0300 (Brasilia Standard Time),2
BRAPA1,GM,Carvalima,Wed Jul 29 2026 04:00:00 GMT-0300 (Brasilia Standard Time),1
BRAPA1,GM,Carvalima,Thu Jul 30 2026 04:00:00 GMT-0300 (Brasilia Standard Time),2
BRAPA1,GM,Carvalima,Sat Aug 01 2026 04:00:00 GMT-0300 (Brasilia Standard Time),2
BRAPA1,GM,Carvalima,Tue Aug 04 2026 04:00:00 GMT-0300 (Brasilia Standard Time),1
BRAPA1,GM,Carvalima,Wed Aug 05 2026 04:00:00 GMT-0300 (Brasilia Standard Time),2
BRAPA1,GM,Jad,Tue Jul 28 2026 04:00:00 GMT-0300 (Brasilia Standard Time),2
BRAPA1,GM,Jad,Wed Jul 29 2026 04:00:00 GMT-0300 (Brasilia Standard Time),1
BRAPA1,GM,Jad,Fri Jul 31 2026 04:00:00 GMT-0300 (Brasilia Standard Time),1
BRAPA1,GM,Jad,Wed Aug 05 2026 04:00:00 GMT-0300 (Brasilia Standard Time),2
BRAPA1,GM,Loggi,Sat Jul 25 2026 04:00:00 GMT-0300 (Brasilia Standard Time),1
BRAPA1,GM,Loggi,Mon Aug 03 2026 04:00:00 GMT-0300 (Brasilia Standard Time),1
BRAPA1,LARGE,Carvalima,Fri Jul 24 2026 04:00:00 GMT-0300 (Brasilia Standard Time),3
BRAPA1,LARGE,Carvalima,Sat Jul 25 2026 04:00:00 GMT-0300 (Brasilia Standard Time),1
BRAPA1,LARGE,Carvalima,Tue Jul 28 2026 04:00:00 GMT-0300 (Brasilia Standard Time),2
BRAPA1,LARGE,Carvalima,Wed Jul 29 2026 04:00:00 GMT-0300 (Brasilia Standard Time),3
BRAPA1,LARGE,Jad,Sat Jul 25 2026 04:00:00 GMT-0300 (Brasilia Standard Time),1
BRAPA1,LARGE,Jad,Tue Jul 28 2026 04:00:00 GMT-0300 (Brasilia Standard Time),2
BRAPA1,LARGE,Jad,Wed Jul 29 2026 04:00:00 GMT-0300 (Brasilia Standard Time),1
BRAPA1,LARGE,Jad,Thu Jul 30 2026 04:00:00 GMT-0300 (Brasilia Standard Time),1
BRAPA1,LARGE,Jad,Fri Jul 31 2026 04:00:00 GMT-0300 (Brasilia Standard Time),2
BRAPA1,OVERSIZE,Carvalima,Fri Jul 24 2026 04:00:00 GMT-0300 (Brasilia Standard Time),1
BRAPA1,OVERSIZE,Carvalima,Sat Jul 25 2026 04:00:00 GMT-0300 (Brasilia Standard Time),1
BRAPA1,OVERSIZE,Carvalima,Wed Jul 29 2026 04:00:00 GMT-0300 (Brasilia Standard Time),1
BRAPA1,OVERSIZE,Carvalima,Tue Aug 04 2026 04:00:00 GMT-0300 (Brasilia Standard Time),1
BRAPA1,OVERSIZE,Jad,Sat Jul 25 2026 04:00:00 GMT-0300 (Brasilia Standard Time),1
BRAPA1,OVERSIZE,Jad,Mon Jul 27 2026 04:00:00 GMT-0300 (Brasilia Standard Time),2
BRAPA1,OVERSIZE,Jad,Fri Jul 31 2026 04:00:00 GMT-0300 (Brasilia Standard Time),1
BRAPE1,GM,Carvalima,Sat Jul 25 2026 04:00:00 GMT-0300 (Brasilia Standard Time),3
BRAPE1,GM,Dominalog,Sat Jul 25 2026 04:00:00 GMT-0300 (Brasilia Standard Time),1
BRAPE1,GM,Jad,Fri Jul 24 2026 04:00:00 GMT-0300 (Brasilia Standard Time),2
BRAPE1,GM,Jad,Sat Jul 25 2026 04:00:00 GMT-0300 (Brasilia Standard Time),3
BRAPE1,GM,Jad,Tue Jul 28 2026 04:00:00 GMT-0300 (Brasilia Standard Time),3
BRAPE1,GM,Jad,Wed Jul 29 2026 04:00:00 GMT-0300 (Brasilia Standard Time),2
BRAPE1,GM,Jad,Fri Jul 31 2026 04:00:00 GMT-0300 (Brasilia Standard Time),3
BRAPE1,GM,Jad,Mon Aug 03 2026 04:00:00 GMT-0300 (Brasilia Standard Time),1
BRAPE1,GM,Jad,Wed Aug 05 2026 04:00:00 GMT-0300 (Brasilia Standard Time),1
BRAPE1,GM,Jad,Thu Aug 06 2026 04:00:00 GMT-0300 (Brasilia Standard Time),1
BRAPE1,GM,Loggi,Sat Jul 25 2026 04:00:00 GMT-0300 (Brasilia Standard Time),1
BRAPE1,LARGE,Jad,Tue Jul 28 2026 04:00:00 GMT-0300 (Brasilia Standard Time),2
BRAPE1,OVERSIZE,Jad,Mon Jul 27 2026 04:00:00 GMT-0300 (Brasilia Standard Time),1
BRAPE1,OVERSIZE,Jad,Thu Jul 30 2026 04:00:00 GMT-0300 (Brasilia Standard Time),2
BRAPE1,OVERSIZE,Jad,Wed Aug 05 2026 04:00:00 GMT-0300 (Brasilia Standard Time),2
BRAPE1,OVERSIZE,Jad,Thu Aug 06 2026 04:00:00 GMT-0300 (Brasilia Standard Time),1
BRAPI1,GM,Jad,Tue Aug 04 2026 04:00:00 GMT-0300 (Brasilia Standard Time),1
BRAPI1,GM,Jad,Thu Aug 06 2026 04:00:00 GMT-0300 (Brasilia Standard Time),1
BRAPI1,LARGE,Jad,Fri Jul 24 2026 04:00:00 GMT-0300 (Brasilia Standard Time),1
BRAPI1,LARGE,Jad,Sat Jul 25 2026 04:00:00 GMT-0300 (Brasilia Standard Time),1
BRAPI1,LARGE,Jad,Mon Jul 27 2026 04:00:00 GMT-0300 (Brasilia Standard Time),1
BRAPI1,LARGE,Jad,Tue Jul 28 2026 04:00:00 GMT-0300 (Brasilia Standard Time),1
BRAPI1,LARGE,Jad,Sat Aug 01 2026 04:00:00 GMT-0300 (Brasilia Standard Time),1
BRAPI1,OVERSIZE,Jad,Sat Jul 25 2026 04:00:00 GMT-0300 (Brasilia Standard Time),1
BRAPI1,OVERSIZE,Jad,Wed Jul 29 2026 04:00:00 GMT-0300 (Brasilia Standard Time),2
BRAPI1,OVERSIZE,Jad,Mon Aug 03 2026 04:00:00 GMT-0300 (Brasilia Standard Time),1
BRARS1,GM,Jad,Fri Jul 24 2026 04:00:00 GMT-0300 (Brasilia Standard Time),1
BRARS1,GM,Jad,Sat Jul 25 2026 04:00:00 GMT-0300 (Brasilia Standard Time),1
BRARS1,GM,Jad,Fri Jul 31 2026 04:00:00 GMT-0300 (Brasilia Standard Time),1
BRARS1,GM,Jad,Tue Aug 04 2026 04:00:00 GMT-0300 (Brasilia Standard Time),1
BRARS1,GM,Loggi,Fri Jul 24 2026 04:00:00 GMT-0300 (Brasilia Standard Time),6
BRARS1,GM,Loggi,Sat Jul 25 2026 04:00:00 GMT-0300 (Brasilia Standard Time),8
BRARS1,GM,Loggi,Tue Jul 28 2026 04:00:00 GMT-0300 (Brasilia Standard Time),3
BRARS1,GM,Loggi,Wed Jul 29 2026 04:00:00 GMT-0300 (Brasilia Standard Time),2
BRARS1,GM,Loggi,Thu Jul 30 2026 04:00:00 GMT-0300 (Brasilia Standard Time),2
BRARS1,GM,Loggi,Sat Aug 01 2026 04:00:00 GMT-0300 (Brasilia Standard Time),1
BRARS1,GM,Loggi,Tue Aug 04 2026 04:00:00 GMT-0300 (Brasilia Standard Time),5
BRARS1,GM,Loggi,Thu Aug 06 2026 04:00:00 GMT-0300 (Brasilia Standard Time),2
BRARS1,LARGE,Dominalog,Tue Jul 28 2026 04:00:00 GMT-0300 (Brasilia Standard Time),1
BRARS1,LARGE,Dominalog,Sat Aug 08 2026 04:00:00 GMT-0300 (Brasilia Standard Time),1
BRARS1,LARGE,Jad,Wed Jul 29 2026 04:00:00 GMT-0300 (Brasilia Standard Time),1
BRARS1,LARGE,Jad,Thu Jul 30 2026 04:00:00 GMT-0300 (Brasilia Standard Time),1
BRARS1,LARGE,Jad,Wed Aug 05 2026 04:00:00 GMT-0300 (Brasilia Standard Time),1
BRARS1,OVERSIZE,Jad,Fri Jul 31 2026 04:00:00 GMT-0300 (Brasilia Standard Time),1
BRARS1,OVERSIZE,Jad,Thu Aug 06 2026 04:00:00 GMT-0300 (Brasilia Standard Time),1
BRASP1,GM,Carvalima,Fri Jul 24 2026 04:00:00 GMT-0300 (Brasilia Standard Time),7
BRASP1,GM,Carvalima,Sat Jul 25 2026 04:00:00 GMT-0300 (Brasilia Standard Time),12
BRASP1,GM,Carvalima,Mon Jul 27 2026 04:00:00 GMT-0300 (Brasilia Standard Time),11
BRASP1,GM,Carvalima,Tue Jul 28 2026 04:00:00 GMT-0300 (Brasilia Standard Time),21
BRASP1,GM,Carvalima,Wed Jul 29 2026 04:00:00 GMT-0300 (Brasilia Standard Time),10
BRASP1,GM,Carvalima,Thu Jul 30 2026 04:00:00 GMT-0300 (Brasilia Standard Time),20
BRASP1,GM,Carvalima,Fri Jul 31 2026 04:00:00 GMT-0300 (Brasilia Standard Time),6
BRASP1,GM,Carvalima,Sat Aug 01 2026 04:00:00 GMT-0300 (Brasilia Standard Time),5
BRASP1,GM,Carvalima,Mon Aug 03 2026 04:00:00 GMT-0300 (Brasilia Standard Time),6
BRASP1,GM,Carvalima,Tue Aug 04 2026 04:00:00 GMT-0300 (Brasilia Standard Time),6
BRASP1,GM,Carvalima,Wed Aug 05 2026 04:00:00 GMT-0300 (Brasilia Standard Time),8
BRASP1,GM,Carvalima,Thu Aug 06 2026 04:00:00 GMT-0300 (Brasilia Standard Time),7
BRASP1,GM,Dominalog,Mon Jul 27 2026 04:00:00 GMT-0300 (Brasilia Standard Time),2
BRASP1,GM,Dominalog,Sat Aug 01 2026 04:00:00 GMT-0300 (Brasilia Standard Time),2
BRASP1,GM,Imile Fast,Sat Jul 25 2026 04:00:00 GMT-0300 (Brasilia Standard Time),1
BRASP1,GM,J&T Slow,Fri Jul 24 2026 04:00:00 GMT-0300 (Brasilia Standard Time),2
BRASP1,GM,J&T Slow,Sat Jul 25 2026 04:00:00 GMT-0300 (Brasilia Standard Time),9
BRASP1,GM,J&T Slow,Mon Jul 27 2026 04:00:00 GMT-0300 (Brasilia Standard Time),34
BRASP1,GM,J&T Slow,Tue Jul 28 2026 04:00:00 GMT-0300 (Brasilia Standard Time),28
BRASP1,GM,J&T Slow,Wed Jul 29 2026 04:00:00 GMT-0300 (Brasilia Standard Time),24
BRASP1,GM,J&T Slow,Thu Jul 30 2026 04:00:00 GMT-0300 (Brasilia Standard Time),16
BRASP1,GM,J&T Slow,Fri Jul 31 2026 04:00:00 GMT-0300 (Brasilia Standard Time),19
BRASP1,GM,J&T Slow,Sat Aug 01 2026 04:00:00 GMT-0300 (Brasilia Standard Time),10
BRASP1,GM,J&T Slow,Mon Aug 03 2026 04:00:00 GMT-0300 (Brasilia Standard Time),10
BRASP1,GM,J&T Slow,Tue Aug 04 2026 04:00:00 GMT-0300 (Brasilia Standard Time),15
BRASP1,GM,J&T Slow,Wed Aug 05 2026 04:00:00 GMT-0300 (Brasilia Standard Time),14
BRASP1,GM,J&T Slow,Thu Aug 06 2026 04:00:00 GMT-0300 (Brasilia Standard Time),4
BRASP1,GM,Jad,Fri Jul 24 2026 04:00:00 GMT-0300 (Brasilia Standard Time),44
BRASP1,GM,Jad,Sat Jul 25 2026 04:00:00 GMT-0300 (Brasilia Standard Time),32
BRASP1,GM,Jad,Mon Jul 27 2026 04:00:00 GMT-0300 (Brasilia Standard Time),12
BRASP1,GM,Jad,Tue Jul 28 2026 04:00:00 GMT-0300 (Brasilia Standard Time),34
BRASP1,GM,Jad,Wed Jul 29 2026 04:00:00 GMT-0300 (Brasilia Standard Time),29
BRASP1,GM,Jad,Thu Jul 30 2026 04:00:00 GMT-0300 (Brasilia Standard Time),32
BRASP1,GM,Jad,Fri Jul 31 2026 04:00:00 GMT-0300 (Brasilia Standard Time),46
BRASP1,GM,Jad,Sat Aug 01 2026 04:00:00 GMT-0300 (Brasilia Standard Time),20
BRASP1,GM,Jad,Mon Aug 03 2026 04:00:00 GMT-0300 (Brasilia Standard Time),7
BRASP1,GM,Jad,Tue Aug 04 2026 04:00:00 GMT-0300 (Brasilia Standard Time),23
BRASP1,GM,Jad,Wed Aug 05 2026 04:00:00 GMT-0300 (Brasilia Standard Time),25
BRASP1,GM,Jad,Thu Aug 06 2026 04:00:00 GMT-0300 (Brasilia Standard Time),7
BRASP1,GM,Jad,Fri Aug 07 2026 04:00:00 GMT-0300 (Brasilia Standard Time),5
BRASP1,GM,Loggi,Fri Jul 24 2026 04:00:00 GMT-0300 (Brasilia Standard Time),14
BRASP1,GM,Loggi,Sat Jul 25 2026 04:00:00 GMT-0300 (Brasilia Standard Time),23
BRASP1,GM,Loggi,Mon Jul 27 2026 04:00:00 GMT-0300 (Brasilia Standard Time),9
BRASP1,GM,Loggi,Tue Jul 28 2026 04:00:00 GMT-0300 (Brasilia Standard Time),35
BRASP1,GM,Loggi,Wed Jul 29 2026 04:00:00 GMT-0300 (Brasilia Standard Time),34
BRASP1,GM,Loggi,Thu Jul 30 2026 04:00:00 GMT-0300 (Brasilia Standard Time),23
BRASP1,GM,Loggi,Fri Jul 31 2026 04:00:00 GMT-0300 (Brasilia Standard Time),14
BRASP1,GM,Loggi,Sat Aug 01 2026 04:00:00 GMT-0300 (Brasilia Standard Time),15
BRASP1,GM,Loggi,Mon Aug 03 2026 04:00:00 GMT-0300 (Brasilia Standard Time),2
BRASP1,GM,Loggi,Tue Aug 04 2026 04:00:00 GMT-0300 (Brasilia Standard Time),20
BRASP1,GM,Loggi,Wed Aug 05 2026 04:00:00 GMT-0300 (Brasilia Standard Time),78
BRASP1,GM,Loggi,Thu Aug 06 2026 04:00:00 GMT-0300 (Brasilia Standard Time),10
BRASP1,GM,Loggi,Fri Aug 07 2026 04:00:00 GMT-0300 (Brasilia Standard Time),8
BRASP1,GM,Loggi,Sat Aug 08 2026 04:00:00 GMT-0300 (Brasilia Standard Time),1
BRASP1,LARGE,Carvalima,Fri Jul 24 2026 04:00:00 GMT-0300 (Brasilia Standard Time),2
BRASP1,LARGE,Carvalima,Sat Jul 25 2026 04:00:00 GMT-0300 (Brasilia Standard Time),7
BRASP1,LARGE,Carvalima,Mon Jul 27 2026 04:00:00 GMT-0300 (Brasilia Standard Time),4
BRASP1,LARGE,Carvalima,Tue Jul 28 2026 04:00:00 GMT-0300 (Brasilia Standard Time),8
BRASP1,LARGE,Carvalima,Wed Jul 29 2026 04:00:00 GMT-0300 (Brasilia Standard Time),3
BRASP1,LARGE,Carvalima,Thu Jul 30 2026 04:00:00 GMT-0300 (Brasilia Standard Time),2
BRASP1,LARGE,Carvalima,Fri Jul 31 2026 04:00:00 GMT-0300 (Brasilia Standard Time),1
BRASP1,LARGE,Carvalima,Tue Aug 04 2026 04:00:00 GMT-0300 (Brasilia Standard Time),1
BRASP1,LARGE,Carvalima,Thu Aug 06 2026 04:00:00 GMT-0300 (Brasilia Standard Time),1
BRASP1,LARGE,Dominalog,Fri Jul 24 2026 04:00:00 GMT-0300 (Brasilia Standard Time),1
BRASP1,LARGE,Dominalog,Sat Jul 25 2026 04:00:00 GMT-0300 (Brasilia Standard Time),2
BRASP1,LARGE,Dominalog,Mon Jul 27 2026 04:00:00 GMT-0300 (Brasilia Standard Time),2
BRASP1,LARGE,Dominalog,Wed Jul 29 2026 04:00:00 GMT-0300 (Brasilia Standard Time),1
BRASP1,LARGE,Dominalog,Thu Jul 30 2026 04:00:00 GMT-0300 (Brasilia Standard Time),1
BRASP1,LARGE,Jad,Fri Jul 24 2026 04:00:00 GMT-0300 (Brasilia Standard Time),27
BRASP1,LARGE,Jad,Sat Jul 25 2026 04:00:00 GMT-0300 (Brasilia Standard Time),15
BRASP1,LARGE,Jad,Mon Jul 27 2026 04:00:00 GMT-0300 (Brasilia Standard Time),10
BRASP1,LARGE,Jad,Tue Jul 28 2026 04:00:00 GMT-0300 (Brasilia Standard Time),12
BRASP1,LARGE,Jad,Wed Jul 29 2026 04:00:00 GMT-0300 (Brasilia Standard Time),5
BRASP1,LARGE,Jad,Thu Jul 30 2026 04:00:00 GMT-0300 (Brasilia Standard Time),18
BRASP1,LARGE,Jad,Fri Jul 31 2026 04:00:00 GMT-0300 (Brasilia Standard Time),4
BRASP1,LARGE,Jad,Sat Aug 01 2026 04:00:00 GMT-0300 (Brasilia Standard Time),7
BRASP1,LARGE,Jad,Mon Aug 03 2026 04:00:00 GMT-0300 (Brasilia Standard Time),1
BRASP1,LARGE,Jad,Tue Aug 04 2026 04:00:00 GMT-0300 (Brasilia Standard Time),7
BRASP1,LARGE,Jad,Wed Aug 05 2026 04:00:00 GMT-0300 (Brasilia Standard Time),4
BRASP1,LARGE,Jad,Thu Aug 06 2026 04:00:00 GMT-0300 (Brasilia Standard Time),5
BRASP1,LARGE,Jad,Fri Aug 07 2026 04:00:00 GMT-0300 (Brasilia Standard Time),1
BRASP1,LARGE,Loggi,Fri Jul 24 2026 04:00:00 GMT-0300 (Brasilia Standard Time),2
BRASP1,LARGE,Loggi,Sat Jul 25 2026 04:00:00 GMT-0300 (Brasilia Standard Time),5
BRASP1,LARGE,Loggi,Mon Jul 27 2026 04:00:00 GMT-0300 (Brasilia Standard Time),1
BRASP1,LARGE,Loggi,Tue Jul 28 2026 04:00:00 GMT-0300 (Brasilia Standard Time),5
BRASP1,LARGE,Loggi,Wed Jul 29 2026 04:00:00 GMT-0300 (Brasilia Standard Time),3
BRASP1,LARGE,Loggi,Thu Jul 30 2026 04:00:00 GMT-0300 (Brasilia Standard Time),3
BRASP1,LARGE,Loggi,Fri Jul 31 2026 04:00:00 GMT-0300 (Brasilia Standard Time),2
BRASP1,LARGE,Loggi,Sat Aug 01 2026 04:00:00 GMT-0300 (Brasilia Standard Time),3
BRASP1,LARGE,Loggi,Mon Aug 03 2026 04:00:00 GMT-0300 (Brasilia Standard Time),2
BRASP1,LARGE,Loggi,Wed Aug 05 2026 04:00:00 GMT-0300 (Brasilia Standard Time),2
BRASP1,LARGE,Loggi,Thu Aug 06 2026 04:00:00 GMT-0300 (Brasilia Standard Time),2
BRASP1,LARGE,Loggi,Fri Aug 07 2026 04:00:00 GMT-0300 (Brasilia Standard Time),1
BRASP1,OVERSIZE,Carvalima,Tue Jul 28 2026 04:00:00 GMT-0300 (Brasilia Standard Time),1
BRASP1,OVERSIZE,Carvalima,Sat Aug 01 2026 04:00:00 GMT-0300 (Brasilia Standard Time),1
BRASP1,OVERSIZE,Carvalima,Wed Aug 05 2026 04:00:00 GMT-0300 (Brasilia Standard Time),1
BRASP1,OVERSIZE,Carvalima,Fri Aug 07 2026 04:00:00 GMT-0300 (Brasilia Standard Time),1
BRASP1,OVERSIZE,Dominalog,Fri Jul 24 2026 04:00:00 GMT-0300 (Brasilia Standard Time),4
BRASP1,OVERSIZE,Jad,Fri Jul 24 2026 04:00:00 GMT-0300 (Brasilia Standard Time),6
BRASP1,OVERSIZE,Jad,Sat Jul 25 2026 04:00:00 GMT-0300 (Brasilia Standard Time),4
BRASP1,OVERSIZE,Jad,Mon Jul 27 2026 04:00:00 GMT-0300 (Brasilia Standard Time),4
BRASP1,OVERSIZE,Jad,Tue Jul 28 2026 04:00:00 GMT-0300 (Brasilia Standard Time),3
BRASP1,OVERSIZE,Jad,Wed Jul 29 2026 04:00:00 GMT-0300 (Brasilia Standard Time),7
BRASP1,OVERSIZE,Jad,Thu Jul 30 2026 04:00:00 GMT-0300 (Brasilia Standard Time),11
BRASP1,OVERSIZE,Jad,Fri Jul 31 2026 04:00:00 GMT-0300 (Brasilia Standard Time),3
BRASP1,OVERSIZE,Jad,Sat Aug 01 2026 04:00:00 GMT-0300 (Brasilia Standard Time),4
BRASP1,OVERSIZE,Jad,Tue Aug 04 2026 04:00:00 GMT-0300 (Brasilia Standard Time),2
BRASP1,OVERSIZE,Jad,Wed Aug 05 2026 04:00:00 GMT-0300 (Brasilia Standard Time),2
BRASP1,OVERSIZE,Jad,Thu Aug 06 2026 04:00:00 GMT-0300 (Brasilia Standard Time),1
BRASP1,OVERSIZE,Loggi,Sat Jul 25 2026 04:00:00 GMT-0300 (Brasilia Standard Time),2
BRASP1,OVERSIZE,Loggi,Mon Jul 27 2026 04:00:00 GMT-0300 (Brasilia Standard Time),2
BRBA01,GM,J&T Nodos,Tue Jul 21 2026 04:00:00 GMT-0300 (Brasilia Standard Time),1322
BRBA01,GM,J&T Nodos,Wed Jul 22 2026 04:00:00 GMT-0300 (Brasilia Standard Time),1074
BRBA01,GM,J&T Nodos,Thu Jul 23 2026 04:00:00 GMT-0300 (Brasilia Standard Time),487
BRBA01,GM,J&T Nodos,Fri Jul 24 2026 04:00:00 GMT-0300 (Brasilia Standard Time),315
BRBA01,GM,J&T Nodos,Sat Jul 25 2026 04:00:00 GMT-0300 (Brasilia Standard Time),249
BRBA01,GM,J&T Nodos,Mon Jul 27 2026 04:00:00 GMT-0300 (Brasilia Standard Time),947
BRBA01,GM,J&T Nodos,Tue Jul 28 2026 04:00:00 GMT-0300 (Brasilia Standard Time),855
BRBA01,GM,J&T Nodos,Wed Jul 29 2026 04:00:00 GMT-0300 (Brasilia Standard Time),287
BRBA01,GM,J&T Nodos,Thu Jul 30 2026 04:00:00 GMT-0300 (Brasilia Standard Time),361
BRBA01,GM,J&T Nodos,Fri Jul 31 2026 04:00:00 GMT-0300 (Brasilia Standard Time),1121
BRBA01,GM,J&T Nodos,Sat Aug 01 2026 04:00:00 GMT-0300 (Brasilia Standard Time),704
BRBA01,GM,J&T Nodos,Mon Aug 03 2026 04:00:00 GMT-0300 (Brasilia Standard Time),238
BRBA01,GM,J&T Nodos,Tue Aug 04 2026 04:00:00 GMT-0300 (Brasilia Standard Time),161
BRBA01,GM,J&T Nodos,Wed Aug 05 2026 04:00:00 GMT-0300 (Brasilia Standard Time),151
BRBA01,GM,J&T Nodos,Thu Aug 06 2026 04:00:00 GMT-0300 (Brasilia Standard Time),122
BRBA01,GM,J&T Nodos,Fri Aug 07 2026 04:00:00 GMT-0300 (Brasilia Standard Time),169
BRBA01,GM,J&T Nodos,Sat Aug 08 2026 04:00:00 GMT-0300 (Brasilia Standard Time),53
BRBA01,GM,J&T Nodos,Mon Aug 10 2026 04:00:00 GMT-0300 (Brasilia Standard Time),113
BRBA01,GM,J&T Nodos,Tue Aug 11 2026 04:00:00 GMT-0300 (Brasilia Standard Time),52
BRBA01,GM,J&T Nodos,Wed Aug 12 2026 04:00:00 GMT-0300 (Brasilia Standard Time),48
BRBA01,GM,J&T Nodos,Thu Aug 13 2026 04:00:00 GMT-0300 (Brasilia Standard Time),92
BRBA01,GM,J&T Nodos,Fri Aug 14 2026 04:00:00 GMT-0300 (Brasilia Standard Time),50
BRBA01,GM,J&T Nodos,Sat Aug 15 2026 04:00:00 GMT-0300 (Brasilia Standard Time),33
BRBA01,GM,J&T Nodos,Mon Aug 17 2026 04:00:00 GMT-0300 (Brasilia Standard Time),262
BRBA01,GM,J&T Nodos,Tue Aug 18 2026 04:00:00 GMT-0300 (Brasilia Standard Time),210
BRBA01,GM,J&T Nodos,Wed Aug 19 2026 04:00:00 GMT-0300 (Brasilia Standard Time),461
BRBA01,GM,J&T Nodos,Thu Aug 20 2026 04:00:00 GMT-0300 (Brasilia Standard Time),236
BRBA01,GM,J&T Nodos,Fri Aug 21 2026 04:00:00 GMT-0300 (Brasilia Standard Time),282
BRBA01,GM,J&T Nodos,Sat Aug 22 2026 04:00:00 GMT-0300 (Brasilia Standard Time),136
BRBA01,GM,J&T Slow,Fri Jul 24 2026 04:00:00 GMT-0300 (Brasilia Standard Time),1
BRBA01,GM,J&T Slow,Sat Jul 25 2026 04:00:00 GMT-0300 (Brasilia Standard Time),5
BRBA01,GM,J&T Slow,Mon Jul 27 2026 04:00:00 GMT-0300 (Brasilia Standard Time),2
BRBA01,GM,J&T Slow,Tue Jul 28 2026 04:00:00 GMT-0300 (Brasilia Standard Time),5
BRBA01,GM,J&T Slow,Wed Jul 29 2026 04:00:00 GMT-0300 (Brasilia Standard Time),1
BRBA01,GM,J&T Slow,Thu Jul 30 2026 04:00:00 GMT-0300 (Brasilia Standard Time),1
BRBA01,GM,J&T Slow,Fri Jul 31 2026 04:00:00 GMT-0300 (Brasilia Standard Time),2
BRBA01,GM,J&T Slow,Tue Aug 04 2026 04:00:00 GMT-0300 (Brasilia Standard Time),1
BRBA01,GM,J&T Slow,Thu Aug 06 2026 04:00:00 GMT-0300 (Brasilia Standard Time),2
BRBA01,LARGE,Dominalog,Fri Aug 07 2026 04:00:00 GMT-0300 (Brasilia Standard Time),2
BRBA01,NA,J&T Nodos,Mon Aug 17 2026 04:00:00 GMT-0300 (Brasilia Standard Time),3
BRBA01,NA,J&T Nodos,Tue Aug 18 2026 04:00:00 GMT-0300 (Brasilia Standard Time),11
BRBA01,NA,J&T Nodos,Fri Aug 21 2026 04:00:00 GMT-0300 (Brasilia Standard Time),1
BRBA02,GM,J&T Nodos,Tue Jul 21 2026 04:00:00 GMT-0300 (Brasilia Standard Time),13
BRBA02,GM,J&T Nodos,Wed Jul 22 2026 04:00:00 GMT-0300 (Brasilia Standard Time),57
BRBA02,GM,J&T Nodos,Thu Jul 23 2026 04:00:00 GMT-0300 (Brasilia Standard Time),54
BRBA02,GM,J&T Nodos,Fri Jul 24 2026 04:00:00 GMT-0300 (Brasilia Standard Time),46
BRBA02,GM,J&T Nodos,Sat Jul 25 2026 04:00:00 GMT-0300 (Brasilia Standard Time),42
BRBA02,GM,J&T Nodos,Mon Jul 27 2026 04:00:00 GMT-0300 (Brasilia Standard Time),10
BRBA02,GM,J&T Nodos,Tue Jul 28 2026 04:00:00 GMT-0300 (Brasilia Standard Time),10
BRBA02,GM,J&T Nodos,Wed Jul 29 2026 04:00:00 GMT-0300 (Brasilia Standard Time),17
BRBA02,GM,J&T Nodos,Thu Jul 30 2026 04:00:00 GMT-0300 (Brasilia Standard Time),6
BRBA02,GM,J&T Nodos,Fri Jul 31 2026 04:00:00 GMT-0300 (Brasilia Standard Time),7
BRBA02,GM,J&T Nodos,Sat Aug 01 2026 04:00:00 GMT-0300 (Brasilia Standard Time),15
BRBA02,GM,J&T Nodos,Mon Aug 03 2026 04:00:00 GMT-0300 (Brasilia Standard Time),8
BRBA02,GM,J&T Nodos,Tue Aug 04 2026 04:00:00 GMT-0300 (Brasilia Standard Time),27
BRBA02,GM,J&T Nodos,Wed Aug 05 2026 04:00:00 GMT-0300 (Brasilia Standard Time),15
BRBA02,GM,J&T Nodos,Thu Aug 06 2026 04:00:00 GMT-0300 (Brasilia Standard Time),3
BRBA02,GM,J&T Nodos,Fri Aug 07 2026 04:00:00 GMT-0300 (Brasilia Standard Time),12
BRBA02,GM,J&T Nodos,Sat Aug 08 2026 04:00:00 GMT-0300 (Brasilia Standard Time),4
BRBA02,GM,J&T Nodos,Mon Aug 10 2026 04:00:00 GMT-0300 (Brasilia Standard Time),22
BRBA02,GM,J&T Nodos,Tue Aug 11 2026 04:00:00 GMT-0300 (Brasilia Standard Time),9
BRBA02,GM,J&T Nodos,Wed Aug 12 2026 04:00:00 GMT-0300 (Brasilia Standard Time),3
BRBA02,GM,J&T Nodos,Thu Aug 13 2026 04:00:00 GMT-0300 (Brasilia Standard Time),7
BRBA02,GM,J&T Nodos,Fri Aug 14 2026 04:00:00 GMT-0300 (Brasilia Standard Time),18
BRBA02,GM,J&T Nodos,Sat Aug 15 2026 04:00:00 GMT-0300 (Brasilia Standard Time),16
BRBA02,GM,J&T Nodos,Mon Aug 17 2026 04:00:00 GMT-0300 (Brasilia Standard Time),10
BRBA02,GM,J&T Nodos,Tue Aug 18 2026 04:00:00 GMT-0300 (Brasilia Standard Time),15
BRBA02,GM,J&T Nodos,Wed Aug 19 2026 04:00:00 GMT-0300 (Brasilia Standard Time),9
BRBA02,GM,J&T Nodos,Thu Aug 20 2026 04:00:00 GMT-0300 (Brasilia Standard Time),1
BRBA02,GM,J&T Nodos,Fri Aug 21 2026 04:00:00 GMT-0300 (Brasilia Standard Time),9
BRBA02,GM,J&T Nodos,Sat Aug 22 2026 04:00:00 GMT-0300 (Brasilia Standard Time),5
BRDF01,GM,J&T Slow,Fri Jul 31 2026 04:00:00 GMT-0300 (Brasilia Standard Time),1
BRMG01,GM,J&T Slow,Sat Jul 25 2026 04:00:00 GMT-0300 (Brasilia Standard Time),1
BRMG01,GM,J&T Slow,Mon Aug 03 2026 04:00:00 GMT-0300 (Brasilia Standard Time),1
BRMG02,GM,J&T Nodos,Fri Jul 31 2026 04:00:00 GMT-0300 (Brasilia Standard Time),1
BRMG02,GM,J&T Slow,Fri Jul 31 2026 04:00:00 GMT-0300 (Brasilia Standard Time),1
BRMG02,GM,J&T Slow,Mon Aug 03 2026 04:00:00 GMT-0300 (Brasilia Standard Time),1
BRPE01,GM,J&T Slow,Sat Jul 25 2026 04:00:00 GMT-0300 (Brasilia Standard Time),1
BRPE01,GM,J&T Slow,Mon Jul 27 2026 04:00:00 GMT-0300 (Brasilia Standard Time),1
BRPE01,GM,J&T Slow,Wed Jul 29 2026 04:00:00 GMT-0300 (Brasilia Standard Time),2
BRPE01,GM,J&T Slow,Thu Jul 30 2026 04:00:00 GMT-0300 (Brasilia Standard Time),1
BRPE01,GM,J&T Slow,Sat Aug 01 2026 04:00:00 GMT-0300 (Brasilia Standard Time),1
BRPE01,GM,J&T Slow,Tue Aug 04 2026 04:00:00 GMT-0300 (Brasilia Standard Time),1
BRPE01,GM,Loggi,Fri Jul 24 2026 04:00:00 GMT-0300 (Brasilia Standard Time),1
BRPR01,GM,Carvalima,Wed Jul 29 2026 04:00:00 GMT-0300 (Brasilia Standard Time),1
BRPR01,GM,J&T Slow,Mon Jul 27 2026 04:00:00 GMT-0300 (Brasilia Standard Time),1
BRPR01,GM,J&T Slow,Wed Jul 29 2026 04:00:00 GMT-0300 (Brasilia Standard Time),2
BRPR01,GM,J&T Slow,Fri Jul 31 2026 04:00:00 GMT-0300 (Brasilia Standard Time),1
BRPR01,GM,J&T Slow,Wed Aug 05 2026 04:00:00 GMT-0300 (Brasilia Standard Time),1
BRPR01,GM,Jad,Fri Jul 31 2026 04:00:00 GMT-0300 (Brasilia Standard Time),1
BRPR01,GM,Jad,Thu Aug 06 2026 04:00:00 GMT-0300 (Brasilia Standard Time),1
BRPR01,GM,Loggi,Fri Jul 24 2026 04:00:00 GMT-0300 (Brasilia Standard Time),1
BRPR01,GM,Loggi,Tue Aug 04 2026 04:00:00 GMT-0300 (Brasilia Standard Time),1
BRPR01,LARGE,Jad,Tue Jul 28 2026 04:00:00 GMT-0300 (Brasilia Standard Time),2
BRPR01,LARGE,Jad,Wed Jul 29 2026 04:00:00 GMT-0300 (Brasilia Standard Time),1
BRPR01,LARGE,Loggi,Fri Jul 24 2026 04:00:00 GMT-0300 (Brasilia Standard Time),1
BRPR01,LARGE,Loggi,Thu Aug 06 2026 04:00:00 GMT-0300 (Brasilia Standard Time),1
BRRJ02,GM,J&T Slow,Sat Jul 25 2026 04:00:00 GMT-0300 (Brasilia Standard Time),2
BRRJ02,GM,J&T Slow,Tue Jul 28 2026 04:00:00 GMT-0300 (Brasilia Standard Time),2
BRRJ02,GM,J&T Slow,Wed Jul 29 2026 04:00:00 GMT-0300 (Brasilia Standard Time),1
BRRJ02,GM,J&T Slow,Thu Jul 30 2026 04:00:00 GMT-0300 (Brasilia Standard Time),1
BRRJ02,GM,J&T Slow,Thu Aug 06 2026 04:00:00 GMT-0300 (Brasilia Standard Time),1
BRRJ02,LARGE,Jad,Mon Aug 03 2026 04:00:00 GMT-0300 (Brasilia Standard Time),1
BRRS01,GM,Loggi,Tue Jul 28 2026 04:00:00 GMT-0300 (Brasilia Standard Time),1
BRRS01,LARGE,Loggi,Fri Jul 24 2026 04:00:00 GMT-0300 (Brasilia Standard Time),1
BRSC02,GM,J&T Slow,Sat Jul 25 2026 04:00:00 GMT-0300 (Brasilia Standard Time),1
BRSC02,GM,J&T Slow,Mon Jul 27 2026 04:00:00 GMT-0300 (Brasilia Standard Time),1
BRSC02,GM,J&T Slow,Tue Jul 28 2026 04:00:00 GMT-0300 (Brasilia Standard Time),1
BRSC02,GM,J&T Slow,Fri Jul 31 2026 04:00:00 GMT-0300 (Brasilia Standard Time),2
BRSC02,GM,J&T Slow,Sat Aug 01 2026 04:00:00 GMT-0300 (Brasilia Standard Time),3
BRSC02,GM,J&T Slow,Mon Aug 03 2026 04:00:00 GMT-0300 (Brasilia Standard Time),1
BRSC02,GM,J&T Slow,Tue Aug 04 2026 04:00:00 GMT-0300 (Brasilia Standard Time),3
BRSP02,GM,Carvalima,Mon Jul 27 2026 04:00:00 GMT-0300 (Brasilia Standard Time),1
BRSP02,GM,Carvalima,Fri Jul 31 2026 04:00:00 GMT-0300 (Brasilia Standard Time),1
BRSP02,GM,J&T Fast,Tue Jul 21 2026 04:00:00 GMT-0300 (Brasilia Standard Time),2089
BRSP02,GM,J&T Fast,Wed Jul 22 2026 04:00:00 GMT-0300 (Brasilia Standard Time),2039
BRSP02,GM,J&T Fast,Thu Jul 23 2026 04:00:00 GMT-0300 (Brasilia Standard Time),1798
BRSP02,GM,J&T Fast,Fri Jul 24 2026 04:00:00 GMT-0300 (Brasilia Standard Time),1450
BRSP02,GM,J&T Fast,Sat Jul 25 2026 04:00:00 GMT-0300 (Brasilia Standard Time),421
BRSP02,GM,J&T Fast,Mon Jul 27 2026 04:00:00 GMT-0300 (Brasilia Standard Time),1904
BRSP02,GM,J&T Fast,Tue Jul 28 2026 04:00:00 GMT-0300 (Brasilia Standard Time),2251
BRSP02,GM,J&T Fast,Wed Jul 29 2026 04:00:00 GMT-0300 (Brasilia Standard Time),1555
BRSP02,GM,J&T Fast,Thu Jul 30 2026 04:00:00 GMT-0300 (Brasilia Standard Time),1443
BRSP02,GM,J&T Fast,Fri Jul 31 2026 04:00:00 GMT-0300 (Brasilia Standard Time),1357
BRSP02,GM,J&T Fast,Sat Aug 01 2026 04:00:00 GMT-0300 (Brasilia Standard Time),452
BRSP02,GM,J&T Fast,Mon Aug 03 2026 04:00:00 GMT-0300 (Brasilia Standard Time),2164
BRSP02,GM,J&T Fast,Tue Aug 04 2026 04:00:00 GMT-0300 (Brasilia Standard Time),1922
BRSP02,GM,J&T Fast,Wed Aug 05 2026 04:00:00 GMT-0300 (Brasilia Standard Time),1975
BRSP02,GM,J&T Fast,Thu Aug 06 2026 04:00:00 GMT-0300 (Brasilia Standard Time),1850
BRSP02,GM,J&T Fast,Fri Aug 07 2026 04:00:00 GMT-0300 (Brasilia Standard Time),1724
BRSP02,GM,J&T Fast,Sat Aug 08 2026 04:00:00 GMT-0300 (Brasilia Standard Time),585
BRSP02,GM,J&T Fast,Mon Aug 10 2026 04:00:00 GMT-0300 (Brasilia Standard Time),2540
BRSP02,GM,J&T Fast,Tue Aug 11 2026 04:00:00 GMT-0300 (Brasilia Standard Time),2186
BRSP02,GM,J&T Fast,Wed Aug 12 2026 04:00:00 GMT-0300 (Brasilia Standard Time),1843
BRSP02,GM,J&T Fast,Thu Aug 13 2026 04:00:00 GMT-0300 (Brasilia Standard Time),1311
BRSP02,GM,J&T Fast,Fri Aug 14 2026 04:00:00 GMT-0300 (Brasilia Standard Time),1266
BRSP02,GM,J&T Fast,Sat Aug 15 2026 04:00:00 GMT-0300 (Brasilia Standard Time),465
BRSP02,GM,J&T Fast,Mon Aug 17 2026 04:00:00 GMT-0300 (Brasilia Standard Time),721
BRSP02,GM,J&T Fast,Tue Aug 18 2026 04:00:00 GMT-0300 (Brasilia Standard Time),60
BRSP02,GM,J&T Fast,Wed Aug 19 2026 04:00:00 GMT-0300 (Brasilia Standard Time),30
BRSP02,GM,J&T Fast,Thu Aug 20 2026 04:00:00 GMT-0300 (Brasilia Standard Time),23
BRSP02,GM,J&T Fast,Fri Aug 21 2026 04:00:00 GMT-0300 (Brasilia Standard Time),11
BRSP02,GM,J&T Fast,Sat Aug 22 2026 04:00:00 GMT-0300 (Brasilia Standard Time),16
BRSP02,GM,J&T Fast,Tue Aug 25 2026 04:00:00 GMT-0300 (Brasilia Standard Time),5
BRSP02,GM,J&T Fast,Wed Aug 26 2026 04:00:00 GMT-0300 (Brasilia Standard Time),4
BRSP02,GM,J&T Fast,Thu Aug 27 2026 04:00:00 GMT-0300 (Brasilia Standard Time),4
BRSP02,GM,J&T Fast,Fri Aug 28 2026 04:00:00 GMT-0300 (Brasilia Standard Time),4
BRSP02,GM,J&T Fast,Sat Aug 29 2026 04:00:00 GMT-0300 (Brasilia Standard Time),2
BRSP02,GM,J&T Fast,Tue Sep 01 2026 04:00:00 GMT-0300 (Brasilia Standard Time),1
BRSP02,GM,J&T Slow,Tue Jul 21 2026 04:00:00 GMT-0300 (Brasilia Standard Time),19618
BRSP02,GM,J&T Slow,Wed Jul 22 2026 04:00:00 GMT-0300 (Brasilia Standard Time),22746
BRSP02,GM,J&T Slow,Thu Jul 23 2026 04:00:00 GMT-0300 (Brasilia Standard Time),16457
BRSP02,GM,J&T Slow,Fri Jul 24 2026 04:00:00 GMT-0300 (Brasilia Standard Time),13373
BRSP02,GM,J&T Slow,Sat Jul 25 2026 04:00:00 GMT-0300 (Brasilia Standard Time),26635
BRSP02,GM,J&T Slow,Mon Jul 27 2026 04:00:00 GMT-0300 (Brasilia Standard Time),15739
BRSP02,GM,J&T Slow,Tue Jul 28 2026 04:00:00 GMT-0300 (Brasilia Standard Time),17713
BRSP02,GM,J&T Slow,Wed Jul 29 2026 04:00:00 GMT-0300 (Brasilia Standard Time),19398
BRSP02,GM,J&T Slow,Thu Jul 30 2026 04:00:00 GMT-0300 (Brasilia Standard Time),18146
BRSP02,GM,J&T Slow,Fri Jul 31 2026 04:00:00 GMT-0300 (Brasilia Standard Time),12855
BRSP02,GM,J&T Slow,Sat Aug 01 2026 04:00:00 GMT-0300 (Brasilia Standard Time),15149
BRSP02,GM,J&T Slow,Mon Aug 03 2026 04:00:00 GMT-0300 (Brasilia Standard Time),9709
BRSP02,GM,J&T Slow,Tue Aug 04 2026 04:00:00 GMT-0300 (Brasilia Standard Time),4135
BRSP02,GM,J&T Slow,Wed Aug 05 2026 04:00:00 GMT-0300 (Brasilia Standard Time),9408
BRSP02,GM,J&T Slow,Thu Aug 06 2026 04:00:00 GMT-0300 (Brasilia Standard Time),9342
BRSP02,GM,J&T Slow,Fri Aug 07 2026 04:00:00 GMT-0300 (Brasilia Standard Time),9231
BRSP02,GM,J&T Slow,Sat Aug 08 2026 04:00:00 GMT-0300 (Brasilia Standard Time),6046
BRSP02,GM,J&T Slow,Mon Aug 10 2026 04:00:00 GMT-0300 (Brasilia Standard Time),1648
BRSP02,GM,J&T Slow,Tue Aug 11 2026 04:00:00 GMT-0300 (Brasilia Standard Time),1732
BRSP02,GM,J&T Slow,Wed Aug 12 2026 04:00:00 GMT-0300 (Brasilia Standard Time),15144
BRSP02,GM,J&T Slow,Thu Aug 13 2026 04:00:00 GMT-0300 (Brasilia Standard Time),14619
BRSP02,GM,J&T Slow,Fri Aug 14 2026 04:00:00 GMT-0300 (Brasilia Standard Time),6650
BRSP02,GM,J&T Slow,Sat Aug 15 2026 04:00:00 GMT-0300 (Brasilia Standard Time),9488
BRSP02,GM,J&T Slow,Mon Aug 17 2026 04:00:00 GMT-0300 (Brasilia Standard Time),10087
BRSP02,GM,J&T Slow,Tue Aug 18 2026 04:00:00 GMT-0300 (Brasilia Standard Time),7849
BRSP02,GM,J&T Slow,Wed Aug 19 2026 04:00:00 GMT-0300 (Brasilia Standard Time),6161
BRSP02,GM,J&T Slow,Thu Aug 20 2026 04:00:00 GMT-0300 (Brasilia Standard Time),6964
BRSP02,GM,J&T Slow,Fri Aug 21 2026 04:00:00 GMT-0300 (Brasilia Standard Time),1716
BRSP02,GM,J&T Slow,Sat Aug 22 2026 04:00:00 GMT-0300 (Brasilia Standard Time),140
BRSP02,GM,J&T Slow,Tue Aug 25 2026 04:00:00 GMT-0300 (Brasilia Standard Time),302
BRSP02,GM,J&T Slow,Wed Aug 26 2026 04:00:00 GMT-0300 (Brasilia Standard Time),202
BRSP02,GM,J&T Slow,Thu Aug 27 2026 04:00:00 GMT-0300 (Brasilia Standard Time),145
BRSP02,GM,J&T Slow,Fri Aug 28 2026 04:00:00 GMT-0300 (Brasilia Standard Time),76
BRSP02,GM,J&T Slow,Tue Sep 01 2026 04:00:00 GMT-0300 (Brasilia Standard Time),3
BRSP02,GM,Loggi,Fri Jul 31 2026 04:00:00 GMT-0300 (Brasilia Standard Time),2
BRSP02,GM,Loggi,Mon Aug 03 2026 04:00:00 GMT-0300 (Brasilia Standard Time),2
BRSP02,LARGE,J&T Fast,Tue Jul 21 2026 04:00:00 GMT-0300 (Brasilia Standard Time),1
BRSP02,LARGE,J&T Fast,Fri Jul 24 2026 04:00:00 GMT-0300 (Brasilia Standard Time),1
BRSP02,LARGE,J&T Fast,Mon Jul 27 2026 04:00:00 GMT-0300 (Brasilia Standard Time),1
BRSP02,LARGE,J&T Fast,Sat Aug 01 2026 04:00:00 GMT-0300 (Brasilia Standard Time),1
BRSP02,LARGE,J&T Fast,Wed Aug 05 2026 04:00:00 GMT-0300 (Brasilia Standard Time),1
BRSP02,LARGE,J&T Fast,Mon Aug 10 2026 04:00:00 GMT-0300 (Brasilia Standard Time),1
BRSP02,LARGE,J&T Fast,Tue Aug 11 2026 04:00:00 GMT-0300 (Brasilia Standard Time),1
BRSP02,LARGE,J&T Slow,Wed Jul 22 2026 04:00:00 GMT-0300 (Brasilia Standard Time),5
BRSP02,LARGE,J&T Slow,Thu Jul 23 2026 04:00:00 GMT-0300 (Brasilia Standard Time),4
BRSP02,LARGE,J&T Slow,Fri Jul 24 2026 04:00:00 GMT-0300 (Brasilia Standard Time),2
BRSP02,LARGE,J&T Slow,Sat Jul 25 2026 04:00:00 GMT-0300 (Brasilia Standard Time),3
BRSP02,LARGE,J&T Slow,Mon Jul 27 2026 04:00:00 GMT-0300 (Brasilia Standard Time),1
BRSP02,LARGE,J&T Slow,Tue Jul 28 2026 04:00:00 GMT-0300 (Brasilia Standard Time),2
BRSP02,LARGE,J&T Slow,Thu Jul 30 2026 04:00:00 GMT-0300 (Brasilia Standard Time),2
BRSP02,LARGE,J&T Slow,Sat Aug 01 2026 04:00:00 GMT-0300 (Brasilia Standard Time),1
BRSP02,LARGE,J&T Slow,Mon Aug 03 2026 04:00:00 GMT-0300 (Brasilia Standard Time),4
BRSP02,LARGE,J&T Slow,Wed Aug 05 2026 04:00:00 GMT-0300 (Brasilia Standard Time),1
BRSP02,LARGE,J&T Slow,Thu Aug 06 2026 04:00:00 GMT-0300 (Brasilia Standard Time),1
BRSP02,LARGE,J&T Slow,Sat Aug 08 2026 04:00:00 GMT-0300 (Brasilia Standard Time),2
BRSP02,LARGE,J&T Slow,Wed Aug 12 2026 04:00:00 GMT-0300 (Brasilia Standard Time),1
BRSP02,LARGE,J&T Slow,Thu Aug 13 2026 04:00:00 GMT-0300 (Brasilia Standard Time),2
BRSP02,LARGE,J&T Slow,Fri Aug 14 2026 04:00:00 GMT-0300 (Brasilia Standard Time),1
BRSP02,LARGE,J&T Slow,Sat Aug 15 2026 04:00:00 GMT-0300 (Brasilia Standard Time),1
BRSP02,LARGE,J&T Slow,Wed Aug 19 2026 04:00:00 GMT-0300 (Brasilia Standard Time),2
BRSP02,LARGE,J&T Slow,Thu Aug 20 2026 04:00:00 GMT-0300 (Brasilia Standard Time),5
BRSP02,LARGE,J&T Slow,Fri Aug 21 2026 04:00:00 GMT-0300 (Brasilia Standard Time),1
BRSP02,NA,J&T Fast,Tue Jul 21 2026 04:00:00 GMT-0300 (Brasilia Standard Time),10
BRSP02,NA,J&T Fast,Wed Jul 22 2026 04:00:00 GMT-0300 (Brasilia Standard Time),4
BRSP02,NA,J&T Fast,Thu Jul 23 2026 04:00:00 GMT-0300 (Brasilia Standard Time),2
BRSP02,NA,J&T Fast,Fri Jul 24 2026 04:00:00 GMT-0300 (Brasilia Standard Time),4
BRSP02,NA,J&T Fast,Sat Jul 25 2026 04:00:00 GMT-0300 (Brasilia Standard Time),2
BRSP02,NA,J&T Fast,Tue Jul 28 2026 04:00:00 GMT-0300 (Brasilia Standard Time),14
BRSP02,NA,J&T Fast,Wed Jul 29 2026 04:00:00 GMT-0300 (Brasilia Standard Time),11
BRSP02,NA,J&T Fast,Thu Jul 30 2026 04:00:00 GMT-0300 (Brasilia Standard Time),8
BRSP02,NA,J&T Fast,Fri Jul 31 2026 04:00:00 GMT-0300 (Brasilia Standard Time),11
BRSP02,NA,J&T Fast,Tue Aug 04 2026 04:00:00 GMT-0300 (Brasilia Standard Time),7
BRSP02,NA,J&T Fast,Wed Aug 05 2026 04:00:00 GMT-0300 (Brasilia Standard Time),5
BRSP02,NA,J&T Fast,Thu Aug 06 2026 04:00:00 GMT-0300 (Brasilia Standard Time),20
BRSP02,NA,J&T Fast,Fri Aug 07 2026 04:00:00 GMT-0300 (Brasilia Standard Time),11
BRSP02,NA,J&T Fast,Sat Aug 08 2026 04:00:00 GMT-0300 (Brasilia Standard Time),1
BRSP02,NA,J&T Fast,Tue Aug 11 2026 04:00:00 GMT-0300 (Brasilia Standard Time),1
BRSP02,NA,J&T Fast,Wed Aug 12 2026 04:00:00 GMT-0300 (Brasilia Standard Time),1
BRSP02,NA,J&T Fast,Thu Aug 13 2026 04:00:00 GMT-0300 (Brasilia Standard Time),8
BRSP02,NA,J&T Fast,Fri Aug 14 2026 04:00:00 GMT-0300 (Brasilia Standard Time),7
BRSP02,NA,J&T Fast,Sat Aug 15 2026 04:00:00 GMT-0300 (Brasilia Standard Time),2
BRSP02,NA,J&T Fast,Mon Aug 17 2026 04:00:00 GMT-0300 (Brasilia Standard Time),105
BRSP02,NA,J&T Fast,Wed Aug 19 2026 04:00:00 GMT-0300 (Brasilia Standard Time),3
BRSP02,NA,J&T Fast,Thu Aug 20 2026 04:00:00 GMT-0300 (Brasilia Standard Time),7
BRSP02,NA,J&T Fast,Fri Aug 21 2026 04:00:00 GMT-0300 (Brasilia Standard Time),5
BRSP02,NA,J&T Fast,Sat Aug 22 2026 04:00:00 GMT-0300 (Brasilia Standard Time),4
BRSP02,NA,J&T Fast,Tue Aug 25 2026 04:00:00 GMT-0300 (Brasilia Standard Time),4
BRSP02,NA,J&T Slow,Wed Jul 22 2026 04:00:00 GMT-0300 (Brasilia Standard Time),3
BRSP02,NA,J&T Slow,Thu Jul 23 2026 04:00:00 GMT-0300 (Brasilia Standard Time),3
BRSP02,NA,J&T Slow,Fri Jul 24 2026 04:00:00 GMT-0300 (Brasilia Standard Time),1
BRSP02,NA,J&T Slow,Wed Jul 29 2026 04:00:00 GMT-0300 (Brasilia Standard Time),1
BRSP02,NA,J&T Slow,Thu Jul 30 2026 04:00:00 GMT-0300 (Brasilia Standard Time),1
BRSP02,NA,J&T Slow,Fri Jul 31 2026 04:00:00 GMT-0300 (Brasilia Standard Time),1
BRSP02,NA,J&T Slow,Thu Aug 06 2026 04:00:00 GMT-0300 (Brasilia Standard Time),1
BRSP02,NA,J&T Slow,Sat Aug 08 2026 04:00:00 GMT-0300 (Brasilia Standard Time),1
BRSP02,NA,J&T Slow,Fri Aug 14 2026 04:00:00 GMT-0300 (Brasilia Standard Time),1
BRSP02,NA,J&T Slow,Tue Aug 18 2026 04:00:00 GMT-0300 (Brasilia Standard Time),1
BRSP02,NA,J&T Slow,Wed Aug 19 2026 04:00:00 GMT-0300 (Brasilia Standard Time),13
BRSP02,NA,J&T Slow,Thu Aug 20 2026 04:00:00 GMT-0300 (Brasilia Standard Time),1
BRSP02,NA,J&T Slow,Fri Aug 21 2026 04:00:00 GMT-0300 (Brasilia Standard Time),410
BRSP02,NA,J&T Slow,Sat Aug 22 2026 04:00:00 GMT-0300 (Brasilia Standard Time),7
BRSP02,NA,J&T Slow,Tue Aug 25 2026 04:00:00 GMT-0300 (Brasilia Standard Time),1
BRSP02,NA,J&T Slow,Thu Aug 27 2026 04:00:00 GMT-0300 (Brasilia Standard Time),12
BRSP02,NA,J&T Slow,Fri Aug 28 2026 04:00:00 GMT-0300 (Brasilia Standard Time),17
BRSP02,NA,J&T Slow,Tue Sep 01 2026 04:00:00 GMT-0300 (Brasilia Standard Time),1
BRSP04,GM,J&T Fast,Tue Jul 21 2026 04:00:00 GMT-0300 (Brasilia Standard Time),1762
BRSP04,GM,J&T Fast,Wed Jul 22 2026 04:00:00 GMT-0300 (Brasilia Standard Time),1609
BRSP04,GM,J&T Fast,Thu Jul 23 2026 04:00:00 GMT-0300 (Brasilia Standard Time),1291
BRSP04,GM,J&T Fast,Fri Jul 24 2026 04:00:00 GMT-0300 (Brasilia Standard Time),972
BRSP04,GM,J&T Fast,Sat Jul 25 2026 04:00:00 GMT-0300 (Brasilia Standard Time),356
BRSP04,GM,J&T Fast,Mon Jul 27 2026 04:00:00 GMT-0300 (Brasilia Standard Time),1478
BRSP04,GM,J&T Fast,Tue Jul 28 2026 04:00:00 GMT-0300 (Brasilia Standard Time),1432
BRSP04,GM,J&T Fast,Wed Jul 29 2026 04:00:00 GMT-0300 (Brasilia Standard Time),983
BRSP04,GM,J&T Fast,Thu Jul 30 2026 04:00:00 GMT-0300 (Brasilia Standard Time),1005
BRSP04,GM,J&T Fast,Fri Jul 31 2026 04:00:00 GMT-0300 (Brasilia Standard Time),967
BRSP04,GM,J&T Fast,Sat Aug 01 2026 04:00:00 GMT-0300 (Brasilia Standard Time),416
BRSP04,GM,J&T Fast,Mon Aug 03 2026 04:00:00 GMT-0300 (Brasilia Standard Time),1798
BRSP04,GM,J&T Fast,Tue Aug 04 2026 04:00:00 GMT-0300 (Brasilia Standard Time),1228
BRSP04,GM,J&T Fast,Wed Aug 05 2026 04:00:00 GMT-0300 (Brasilia Standard Time),1297
BRSP04,GM,J&T Fast,Thu Aug 06 2026 04:00:00 GMT-0300 (Brasilia Standard Time),1232
BRSP04,GM,J&T Fast,Fri Aug 07 2026 04:00:00 GMT-0300 (Brasilia Standard Time),1234
BRSP04,GM,J&T Fast,Sat Aug 08 2026 04:00:00 GMT-0300 (Brasilia Standard Time),513
BRSP04,GM,J&T Fast,Mon Aug 10 2026 04:00:00 GMT-0300 (Brasilia Standard Time),2167
BRSP04,GM,J&T Fast,Tue Aug 11 2026 04:00:00 GMT-0300 (Brasilia Standard Time),1477
BRSP04,GM,J&T Fast,Wed Aug 12 2026 04:00:00 GMT-0300 (Brasilia Standard Time),1269
BRSP04,GM,J&T Fast,Thu Aug 13 2026 04:00:00 GMT-0300 (Brasilia Standard Time),865
BRSP04,GM,J&T Fast,Fri Aug 14 2026 04:00:00 GMT-0300 (Brasilia Standard Time),805
BRSP04,GM,J&T Fast,Sat Aug 15 2026 04:00:00 GMT-0300 (Brasilia Standard Time),332
BRSP04,GM,J&T Fast,Mon Aug 17 2026 04:00:00 GMT-0300 (Brasilia Standard Time),902
BRSP04,GM,J&T Fast,Tue Aug 18 2026 04:00:00 GMT-0300 (Brasilia Standard Time),49
BRSP04,GM,J&T Fast,Wed Aug 19 2026 04:00:00 GMT-0300 (Brasilia Standard Time),18
BRSP04,GM,J&T Fast,Thu Aug 20 2026 04:00:00 GMT-0300 (Brasilia Standard Time),13
BRSP04,GM,J&T Fast,Fri Aug 21 2026 04:00:00 GMT-0300 (Brasilia Standard Time),8
BRSP04,GM,J&T Fast,Sat Aug 22 2026 04:00:00 GMT-0300 (Brasilia Standard Time),13
BRSP04,GM,J&T Fast,Tue Aug 25 2026 04:00:00 GMT-0300 (Brasilia Standard Time),10
BRSP04,GM,J&T Fast,Wed Aug 26 2026 04:00:00 GMT-0300 (Brasilia Standard Time),6
BRSP04,GM,J&T Fast,Thu Aug 27 2026 04:00:00 GMT-0300 (Brasilia Standard Time),3
BRSP04,GM,J&T Fast,Fri Aug 28 2026 04:00:00 GMT-0300 (Brasilia Standard Time),2
BRSP04,GM,J&T Fast,Sat Aug 29 2026 04:00:00 GMT-0300 (Brasilia Standard Time),1
BRSP04,GM,J&T Fast,Tue Sep 01 2026 04:00:00 GMT-0300 (Brasilia Standard Time),6
BRSP04,GM,J&T Slow,Tue Jul 21 2026 04:00:00 GMT-0300 (Brasilia Standard Time),19105
BRSP04,GM,J&T Slow,Wed Jul 22 2026 04:00:00 GMT-0300 (Brasilia Standard Time),20628
BRSP04,GM,J&T Slow,Thu Jul 23 2026 04:00:00 GMT-0300 (Brasilia Standard Time),23008
BRSP04,GM,J&T Slow,Fri Jul 24 2026 04:00:00 GMT-0300 (Brasilia Standard Time),17479
BRSP04,GM,J&T Slow,Sat Jul 25 2026 04:00:00 GMT-0300 (Brasilia Standard Time),15392
BRSP04,GM,J&T Slow,Mon Jul 27 2026 04:00:00 GMT-0300 (Brasilia Standard Time),20883
BRSP04,GM,J&T Slow,Tue Jul 28 2026 04:00:00 GMT-0300 (Brasilia Standard Time),12187
BRSP04,GM,J&T Slow,Wed Jul 29 2026 04:00:00 GMT-0300 (Brasilia Standard Time),18789
BRSP04,GM,J&T Slow,Thu Jul 30 2026 04:00:00 GMT-0300 (Brasilia Standard Time),18749
BRSP04,GM,J&T Slow,Fri Jul 31 2026 04:00:00 GMT-0300 (Brasilia Standard Time),19363
BRSP04,GM,J&T Slow,Sat Aug 01 2026 04:00:00 GMT-0300 (Brasilia Standard Time),10468
BRSP04,GM,J&T Slow,Mon Aug 03 2026 04:00:00 GMT-0300 (Brasilia Standard Time),8446
BRSP04,GM,J&T Slow,Tue Aug 04 2026 04:00:00 GMT-0300 (Brasilia Standard Time),1257
BRSP04,GM,J&T Slow,Wed Aug 05 2026 04:00:00 GMT-0300 (Brasilia Standard Time),16323
BRSP04,GM,J&T Slow,Thu Aug 06 2026 04:00:00 GMT-0300 (Brasilia Standard Time),6829
BRSP04,GM,J&T Slow,Fri Aug 07 2026 04:00:00 GMT-0300 (Brasilia Standard Time),8602
BRSP04,GM,J&T Slow,Sat Aug 08 2026 04:00:00 GMT-0300 (Brasilia Standard Time),2563
BRSP04,GM,J&T Slow,Mon Aug 10 2026 04:00:00 GMT-0300 (Brasilia Standard Time),1077
BRSP04,GM,J&T Slow,Tue Aug 11 2026 04:00:00 GMT-0300 (Brasilia Standard Time),2407
BRSP04,GM,J&T Slow,Wed Aug 12 2026 04:00:00 GMT-0300 (Brasilia Standard Time),8051
BRSP04,GM,J&T Slow,Thu Aug 13 2026 04:00:00 GMT-0300 (Brasilia Standard Time),14933
BRSP04,GM,J&T Slow,Fri Aug 14 2026 04:00:00 GMT-0300 (Brasilia Standard Time),9217
BRSP04,GM,J&T Slow,Sat Aug 15 2026 04:00:00 GMT-0300 (Brasilia Standard Time),4234
BRSP04,GM,J&T Slow,Mon Aug 17 2026 04:00:00 GMT-0300 (Brasilia Standard Time),2784
BRSP04,GM,J&T Slow,Tue Aug 18 2026 04:00:00 GMT-0300 (Brasilia Standard Time),7766
BRSP04,GM,J&T Slow,Wed Aug 19 2026 04:00:00 GMT-0300 (Brasilia Standard Time),2192
BRSP04,GM,J&T Slow,Thu Aug 20 2026 04:00:00 GMT-0300 (Brasilia Standard Time),1629
BRSP04,GM,J&T Slow,Fri Aug 21 2026 04:00:00 GMT-0300 (Brasilia Standard Time),919
BRSP04,GM,J&T Slow,Sat Aug 22 2026 04:00:00 GMT-0300 (Brasilia Standard Time),95
BRSP04,GM,J&T Slow,Tue Aug 25 2026 04:00:00 GMT-0300 (Brasilia Standard Time),77
BRSP04,GM,J&T Slow,Wed Aug 26 2026 04:00:00 GMT-0300 (Brasilia Standard Time),82
BRSP04,GM,J&T Slow,Thu Aug 27 2026 04:00:00 GMT-0300 (Brasilia Standard Time),48
BRSP04,GM,J&T Slow,Fri Aug 28 2026 04:00:00 GMT-0300 (Brasilia Standard Time),21
BRSP04,GM,J&T Slow,Tue Sep 01 2026 04:00:00 GMT-0300 (Brasilia Standard Time),1
BRSP04,GM,Jad,Tue Jul 21 2026 04:00:00 GMT-0300 (Brasilia Standard Time),3
BRSP04,GM,Jad,Wed Jul 22 2026 04:00:00 GMT-0300 (Brasilia Standard Time),2
BRSP04,GM,Jad,Thu Jul 23 2026 04:00:00 GMT-0300 (Brasilia Standard Time),21
BRSP04,GM,Jad,Fri Jul 24 2026 04:00:00 GMT-0300 (Brasilia Standard Time),4
BRSP04,LARGE,J&T Slow,Wed Jul 22 2026 04:00:00 GMT-0300 (Brasilia Standard Time),4
BRSP04,LARGE,J&T Slow,Thu Jul 23 2026 04:00:00 GMT-0300 (Brasilia Standard Time),2
BRSP04,LARGE,J&T Slow,Fri Jul 24 2026 04:00:00 GMT-0300 (Brasilia Standard Time),1
BRSP04,LARGE,J&T Slow,Sat Jul 25 2026 04:00:00 GMT-0300 (Brasilia Standard Time),4
BRSP04,LARGE,J&T Slow,Mon Jul 27 2026 04:00:00 GMT-0300 (Brasilia Standard Time),4
BRSP04,LARGE,J&T Slow,Tue Jul 28 2026 04:00:00 GMT-0300 (Brasilia Standard Time),1
BRSP04,LARGE,J&T Slow,Wed Jul 29 2026 04:00:00 GMT-0300 (Brasilia Standard Time),1
BRSP04,LARGE,J&T Slow,Thu Jul 30 2026 04:00:00 GMT-0300 (Brasilia Standard Time),2
BRSP04,LARGE,J&T Slow,Fri Jul 31 2026 04:00:00 GMT-0300 (Brasilia Standard Time),3
BRSP04,LARGE,J&T Slow,Sat Aug 01 2026 04:00:00 GMT-0300 (Brasilia Standard Time),1
BRSP04,LARGE,J&T Slow,Wed Aug 05 2026 04:00:00 GMT-0300 (Brasilia Standard Time),1
BRSP04,LARGE,J&T Slow,Mon Aug 10 2026 04:00:00 GMT-0300 (Brasilia Standard Time),1
BRSP04,LARGE,J&T Slow,Thu Aug 13 2026 04:00:00 GMT-0300 (Brasilia Standard Time),3
BRSP04,LARGE,J&T Slow,Fri Aug 14 2026 04:00:00 GMT-0300 (Brasilia Standard Time),2
BRSP04,LARGE,J&T Slow,Tue Aug 18 2026 04:00:00 GMT-0300 (Brasilia Standard Time),1
BRSP04,LARGE,J&T Slow,Wed Aug 19 2026 04:00:00 GMT-0300 (Brasilia Standard Time),2
BRSP04,NA,J&T Fast,Thu Jul 23 2026 04:00:00 GMT-0300 (Brasilia Standard Time),1
BRSP04,NA,J&T Fast,Tue Jul 28 2026 04:00:00 GMT-0300 (Brasilia Standard Time),2
BRSP04,NA,J&T Fast,Wed Jul 29 2026 04:00:00 GMT-0300 (Brasilia Standard Time),1
BRSP04,NA,J&T Fast,Thu Jul 30 2026 04:00:00 GMT-0300 (Brasilia Standard Time),2
BRSP04,NA,J&T Fast,Sat Aug 01 2026 04:00:00 GMT-0300 (Brasilia Standard Time),1
BRSP04,NA,J&T Fast,Tue Aug 04 2026 04:00:00 GMT-0300 (Brasilia Standard Time),1
BRSP04,NA,J&T Fast,Wed Aug 05 2026 04:00:00 GMT-0300 (Brasilia Standard Time),2
BRSP04,NA,J&T Fast,Thu Aug 06 2026 04:00:00 GMT-0300 (Brasilia Standard Time),1
BRSP04,NA,J&T Fast,Fri Aug 07 2026 04:00:00 GMT-0300 (Brasilia Standard Time),2
BRSP04,NA,J&T Fast,Tue Aug 11 2026 04:00:00 GMT-0300 (Brasilia Standard Time),1
BRSP04,NA,J&T Fast,Wed Aug 12 2026 04:00:00 GMT-0300 (Brasilia Standard Time),2
BRSP04,NA,J&T Fast,Thu Aug 13 2026 04:00:00 GMT-0300 (Brasilia Standard Time),4
BRSP04,NA,J&T Fast,Fri Aug 14 2026 04:00:00 GMT-0300 (Brasilia Standard Time),8
BRSP04,NA,J&T Fast,Sat Aug 15 2026 04:00:00 GMT-0300 (Brasilia Standard Time),5
BRSP04,NA,J&T Fast,Mon Aug 17 2026 04:00:00 GMT-0300 (Brasilia Standard Time),125
BRSP04,NA,J&T Fast,Tue Aug 18 2026 04:00:00 GMT-0300 (Brasilia Standard Time),2
BRSP04,NA,J&T Fast,Wed Aug 19 2026 04:00:00 GMT-0300 (Brasilia Standard Time),2
BRSP04,NA,J&T Fast,Thu Aug 20 2026 04:00:00 GMT-0300 (Brasilia Standard Time),1
BRSP04,NA,J&T Fast,Wed Aug 26 2026 04:00:00 GMT-0300 (Brasilia Standard Time),1
BRSP04,NA,J&T Slow,Fri Jul 24 2026 04:00:00 GMT-0300 (Brasilia Standard Time),1
BRSP04,NA,J&T Slow,Wed Aug 05 2026 04:00:00 GMT-0300 (Brasilia Standard Time),1
BRSP04,NA,J&T Slow,Fri Aug 07 2026 04:00:00 GMT-0300 (Brasilia Standard Time),2
BRSP04,NA,J&T Slow,Tue Aug 18 2026 04:00:00 GMT-0300 (Brasilia Standard Time),904
BRSP04,NA,J&T Slow,Wed Aug 19 2026 04:00:00 GMT-0300 (Brasilia Standard Time),6
BRSP04,NA,J&T Slow,Fri Aug 21 2026 04:00:00 GMT-0300 (Brasilia Standard Time),1
BRSP04,NA,J&T Slow,Sat Aug 22 2026 04:00:00 GMT-0300 (Brasilia Standard Time),15
BRSP04,NA,J&T Slow,Tue Aug 25 2026 04:00:00 GMT-0300 (Brasilia Standard Time),1
BRSP04,NA,J&T Slow,Thu Aug 27 2026 04:00:00 GMT-0300 (Brasilia Standard Time),3
BRSP04,NA,J&T Slow,Fri Aug 28 2026 04:00:00 GMT-0300 (Brasilia Standard Time),4
BRSP04,NA,J&T Slow,Tue Sep 01 2026 04:00:00 GMT-0300 (Brasilia Standard Time),1
BRSP04,OVERSIZE,J&T Slow,Thu Jul 23 2026 04:00:00 GMT-0300 (Brasilia Standard Time),1
BRSP11,GM,J&T Slow,Sat Aug 01 2026 04:00:00 GMT-0300 (Brasilia Standard Time),1
BRSP14,GM,Carvalima,Thu Jul 23 2026 04:00:00 GMT-0300 (Brasilia Standard Time),1
BRSP14,GM,Carvalima,Mon Aug 03 2026 04:00:00 GMT-0300 (Brasilia Standard Time),1
BRSP14,GM,Imile Fast,Mon Aug 03 2026 04:00:00 GMT-0300 (Brasilia Standard Time),1
BRSP14,GM,J&T Fast,Tue Jul 21 2026 04:00:00 GMT-0300 (Brasilia Standard Time),841
BRSP14,GM,J&T Fast,Wed Jul 22 2026 04:00:00 GMT-0300 (Brasilia Standard Time),901
BRSP14,GM,J&T Fast,Thu Jul 23 2026 04:00:00 GMT-0300 (Brasilia Standard Time),691
BRSP14,GM,J&T Fast,Fri Jul 24 2026 04:00:00 GMT-0300 (Brasilia Standard Time),522
BRSP14,GM,J&T Fast,Sat Jul 25 2026 04:00:00 GMT-0300 (Brasilia Standard Time),193
BRSP14,GM,J&T Fast,Mon Jul 27 2026 04:00:00 GMT-0300 (Brasilia Standard Time),808
BRSP14,GM,J&T Fast,Tue Jul 28 2026 04:00:00 GMT-0300 (Brasilia Standard Time),609
BRSP14,GM,J&T Fast,Wed Jul 29 2026 04:00:00 GMT-0300 (Brasilia Standard Time),483
BRSP14,GM,J&T Fast,Thu Jul 30 2026 04:00:00 GMT-0300 (Brasilia Standard Time),466
BRSP14,GM,J&T Fast,Fri Jul 31 2026 04:00:00 GMT-0300 (Brasilia Standard Time),413
BRSP14,GM,J&T Fast,Sat Aug 01 2026 04:00:00 GMT-0300 (Brasilia Standard Time),203
BRSP14,GM,J&T Fast,Mon Aug 03 2026 04:00:00 GMT-0300 (Brasilia Standard Time),876
BRSP14,GM,J&T Fast,Tue Aug 04 2026 04:00:00 GMT-0300 (Brasilia Standard Time),527
BRSP14,GM,J&T Fast,Wed Aug 05 2026 04:00:00 GMT-0300 (Brasilia Standard Time),532
BRSP14,GM,J&T Fast,Thu Aug 06 2026 04:00:00 GMT-0300 (Brasilia Standard Time),486
BRSP14,GM,J&T Fast,Fri Aug 07 2026 04:00:00 GMT-0300 (Brasilia Standard Time),424
BRSP14,GM,J&T Fast,Sat Aug 08 2026 04:00:00 GMT-0300 (Brasilia Standard Time),245
BRSP14,GM,J&T Fast,Mon Aug 10 2026 04:00:00 GMT-0300 (Brasilia Standard Time),868
BRSP14,GM,J&T Fast,Tue Aug 11 2026 04:00:00 GMT-0300 (Brasilia Standard Time),507
BRSP14,GM,J&T Fast,Wed Aug 12 2026 04:00:00 GMT-0300 (Brasilia Standard Time),522
BRSP14,GM,J&T Fast,Thu Aug 13 2026 04:00:00 GMT-0300 (Brasilia Standard Time),475
BRSP14,GM,J&T Fast,Fri Aug 14 2026 04:00:00 GMT-0300 (Brasilia Standard Time),353
BRSP14,GM,J&T Fast,Sat Aug 15 2026 04:00:00 GMT-0300 (Brasilia Standard Time),211
BRSP14,GM,J&T Fast,Mon Aug 17 2026 04:00:00 GMT-0300 (Brasilia Standard Time),604
BRSP14,GM,J&T Fast,Tue Aug 18 2026 04:00:00 GMT-0300 (Brasilia Standard Time),12
BRSP14,GM,J&T Fast,Wed Aug 19 2026 04:00:00 GMT-0300 (Brasilia Standard Time),6
BRSP14,GM,J&T Fast,Thu Aug 20 2026 04:00:00 GMT-0300 (Brasilia Standard Time),7
BRSP14,GM,J&T Fast,Fri Aug 21 2026 04:00:00 GMT-0300 (Brasilia Standard Time),3
BRSP14,GM,J&T Fast,Sat Aug 22 2026 04:00:00 GMT-0300 (Brasilia Standard Time),2
BRSP14,GM,J&T Fast,Fri Aug 28 2026 04:00:00 GMT-0300 (Brasilia Standard Time),2
BRSP14,GM,J&T Fast,Tue Sep 01 2026 04:00:00 GMT-0300 (Brasilia Standard Time),1
BRSP14,GM,J&T Slow,Tue Jul 21 2026 04:00:00 GMT-0300 (Brasilia Standard Time),30097
BRSP14,GM,J&T Slow,Wed Jul 22 2026 04:00:00 GMT-0300 (Brasilia Standard Time),29978
BRSP14,GM,J&T Slow,Thu Jul 23 2026 04:00:00 GMT-0300 (Brasilia Standard Time),29087
BRSP14,GM,J&T Slow,Fri Jul 24 2026 04:00:00 GMT-0300 (Brasilia Standard Time),26104
BRSP14,GM,J&T Slow,Sat Jul 25 2026 04:00:00 GMT-0300 (Brasilia Standard Time),13970
BRSP14,GM,J&T Slow,Mon Jul 27 2026 04:00:00 GMT-0300 (Brasilia Standard Time),27122
BRSP14,GM,J&T Slow,Tue Jul 28 2026 04:00:00 GMT-0300 (Brasilia Standard Time),29731
BRSP14,GM,J&T Slow,Wed Jul 29 2026 04:00:00 GMT-0300 (Brasilia Standard Time),28939
BRSP14,GM,J&T Slow,Thu Jul 30 2026 04:00:00 GMT-0300 (Brasilia Standard Time),24894
BRSP14,GM,J&T Slow,Fri Jul 31 2026 04:00:00 GMT-0300 (Brasilia Standard Time),21348
BRSP14,GM,J&T Slow,Sat Aug 01 2026 04:00:00 GMT-0300 (Brasilia Standard Time),9046
BRSP14,GM,J&T Slow,Mon Aug 03 2026 04:00:00 GMT-0300 (Brasilia Standard Time),12642
BRSP14,GM,J&T Slow,Tue Aug 04 2026 04:00:00 GMT-0300 (Brasilia Standard Time),20135
BRSP14,GM,J&T Slow,Wed Aug 05 2026 04:00:00 GMT-0300 (Brasilia Standard Time),19755
BRSP14,GM,J&T Slow,Thu Aug 06 2026 04:00:00 GMT-0300 (Brasilia Standard Time),20080
BRSP14,GM,J&T Slow,Fri Aug 07 2026 04:00:00 GMT-0300 (Brasilia Standard Time),23785
BRSP14,GM,J&T Slow,Sat Aug 08 2026 04:00:00 GMT-0300 (Brasilia Standard Time),12053
BRSP14,GM,J&T Slow,Mon Aug 10 2026 04:00:00 GMT-0300 (Brasilia Standard Time),12333
BRSP14,GM,J&T Slow,Tue Aug 11 2026 04:00:00 GMT-0300 (Brasilia Standard Time),20179
BRSP14,GM,J&T Slow,Wed Aug 12 2026 04:00:00 GMT-0300 (Brasilia Standard Time),30615
BRSP14,GM,J&T Slow,Thu Aug 13 2026 04:00:00 GMT-0300 (Brasilia Standard Time),33649
BRSP14,GM,J&T Slow,Fri Aug 14 2026 04:00:00 GMT-0300 (Brasilia Standard Time),22501
BRSP14,GM,J&T Slow,Sat Aug 15 2026 04:00:00 GMT-0300 (Brasilia Standard Time),8894
BRSP14,GM,J&T Slow,Mon Aug 17 2026 04:00:00 GMT-0300 (Brasilia Standard Time),16600
BRSP14,GM,J&T Slow,Tue Aug 18 2026 04:00:00 GMT-0300 (Brasilia Standard Time),5339
BRSP14,GM,J&T Slow,Wed Aug 19 2026 04:00:00 GMT-0300 (Brasilia Standard Time),4832
BRSP14,GM,J&T Slow,Thu Aug 20 2026 04:00:00 GMT-0300 (Brasilia Standard Time),1257
BRSP14,GM,J&T Slow,Fri Aug 21 2026 04:00:00 GMT-0300 (Brasilia Standard Time),393
BRSP14,GM,J&T Slow,Sat Aug 22 2026 04:00:00 GMT-0300 (Brasilia Standard Time),79
BRSP14,GM,J&T Slow,Mon Aug 24 2026 04:00:00 GMT-0300 (Brasilia Standard Time),10
BRSP14,GM,J&T Slow,Tue Aug 25 2026 04:00:00 GMT-0300 (Brasilia Standard Time),227
BRSP14,GM,J&T Slow,Wed Aug 26 2026 04:00:00 GMT-0300 (Brasilia Standard Time),131
BRSP14,GM,J&T Slow,Thu Aug 27 2026 04:00:00 GMT-0300 (Brasilia Standard Time),68
BRSP14,GM,J&T Slow,Fri Aug 28 2026 04:00:00 GMT-0300 (Brasilia Standard Time),43
BRSP14,GM,J&T Slow,Tue Sep 01 2026 04:00:00 GMT-0300 (Brasilia Standard Time),4
BRSP14,GM,Jad,Mon Aug 03 2026 04:00:00 GMT-0300 (Brasilia Standard Time),1
BRSP14,GM,Loggi,Fri Jul 24 2026 04:00:00 GMT-0300 (Brasilia Standard Time),3
BRSP14,LARGE,J&T Slow,Tue Jul 21 2026 04:00:00 GMT-0300 (Brasilia Standard Time),6
BRSP14,LARGE,J&T Slow,Wed Jul 22 2026 04:00:00 GMT-0300 (Brasilia Standard Time),7
BRSP14,LARGE,J&T Slow,Thu Jul 23 2026 04:00:00 GMT-0300 (Brasilia Standard Time),4
BRSP14,LARGE,J&T Slow,Fri Jul 24 2026 04:00:00 GMT-0300 (Brasilia Standard Time),6
BRSP14,LARGE,J&T Slow,Sat Jul 25 2026 04:00:00 GMT-0300 (Brasilia Standard Time),3
BRSP14,LARGE,J&T Slow,Mon Jul 27 2026 04:00:00 GMT-0300 (Brasilia Standard Time),8
BRSP14,LARGE,J&T Slow,Tue Jul 28 2026 04:00:00 GMT-0300 (Brasilia Standard Time),3
BRSP14,LARGE,J&T Slow,Wed Jul 29 2026 04:00:00 GMT-0300 (Brasilia Standard Time),1
BRSP14,LARGE,J&T Slow,Thu Jul 30 2026 04:00:00 GMT-0300 (Brasilia Standard Time),1
BRSP14,LARGE,J&T Slow,Fri Jul 31 2026 04:00:00 GMT-0300 (Brasilia Standard Time),8
BRSP14,LARGE,J&T Slow,Sat Aug 01 2026 04:00:00 GMT-0300 (Brasilia Standard Time),10
BRSP14,LARGE,J&T Slow,Mon Aug 03 2026 04:00:00 GMT-0300 (Brasilia Standard Time),2
BRSP14,LARGE,J&T Slow,Tue Aug 04 2026 04:00:00 GMT-0300 (Brasilia Standard Time),2
BRSP14,LARGE,J&T Slow,Wed Aug 05 2026 04:00:00 GMT-0300 (Brasilia Standard Time),5
BRSP14,LARGE,J&T Slow,Thu Aug 06 2026 04:00:00 GMT-0300 (Brasilia Standard Time),1
BRSP14,LARGE,J&T Slow,Fri Aug 07 2026 04:00:00 GMT-0300 (Brasilia Standard Time),4
BRSP14,LARGE,J&T Slow,Sat Aug 08 2026 04:00:00 GMT-0300 (Brasilia Standard Time),1
BRSP14,LARGE,J&T Slow,Tue Aug 11 2026 04:00:00 GMT-0300 (Brasilia Standard Time),2
BRSP14,LARGE,J&T Slow,Wed Aug 12 2026 04:00:00 GMT-0300 (Brasilia Standard Time),7
BRSP14,LARGE,J&T Slow,Thu Aug 13 2026 04:00:00 GMT-0300 (Brasilia Standard Time),6
BRSP14,LARGE,J&T Slow,Fri Aug 14 2026 04:00:00 GMT-0300 (Brasilia Standard Time),9
BRSP14,LARGE,J&T Slow,Sat Aug 15 2026 04:00:00 GMT-0300 (Brasilia Standard Time),4
BRSP14,LARGE,J&T Slow,Mon Aug 17 2026 04:00:00 GMT-0300 (Brasilia Standard Time),3
BRSP14,LARGE,J&T Slow,Wed Aug 19 2026 04:00:00 GMT-0300 (Brasilia Standard Time),2
BRSP14,LARGE,J&T Slow,Thu Aug 20 2026 04:00:00 GMT-0300 (Brasilia Standard Time),1
BRSP14,NA,J&T Fast,Wed Jul 29 2026 04:00:00 GMT-0300 (Brasilia Standard Time),1
BRSP14,NA,J&T Fast,Thu Aug 13 2026 04:00:00 GMT-0300 (Brasilia Standard Time),1
BRSP14,NA,J&T Fast,Fri Aug 14 2026 04:00:00 GMT-0300 (Brasilia Standard Time),1
BRSP14,NA,J&T Fast,Mon Aug 17 2026 04:00:00 GMT-0300 (Brasilia Standard Time),43
BRSP14,NA,J&T Fast,Tue Aug 18 2026 04:00:00 GMT-0300 (Brasilia Standard Time),1
BRSP14,NA,J&T Fast,Wed Aug 19 2026 04:00:00 GMT-0300 (Brasilia Standard Time),2
BRSP14,NA,J&T Slow,Tue Jul 21 2026 04:00:00 GMT-0300 (Brasilia Standard Time),1
BRSP14,NA,J&T Slow,Thu Jul 30 2026 04:00:00 GMT-0300 (Brasilia Standard Time),1
BRSP14,NA,J&T Slow,Fri Aug 07 2026 04:00:00 GMT-0300 (Brasilia Standard Time),2
BRSP14,NA,J&T Slow,Tue Aug 11 2026 04:00:00 GMT-0300 (Brasilia Standard Time),1
BRSP14,NA,J&T Slow,Mon Aug 17 2026 04:00:00 GMT-0300 (Brasilia Standard Time),21
BRSP14,NA,J&T Slow,Wed Aug 19 2026 04:00:00 GMT-0300 (Brasilia Standard Time),1208
BRSP14,NA,J&T Slow,Thu Aug 20 2026 04:00:00 GMT-0300 (Brasilia Standard Time),190
BRSP14,NA,J&T Slow,Fri Aug 21 2026 04:00:00 GMT-0300 (Brasilia Standard Time),43
BRSP14,NA,J&T Slow,Sat Aug 22 2026 04:00:00 GMT-0300 (Brasilia Standard Time),6
BRSP14,NA,J&T Slow,Tue Aug 25 2026 04:00:00 GMT-0300 (Brasilia Standard Time),1
BRSP14,NA,J&T Slow,Wed Aug 26 2026 04:00:00 GMT-0300 (Brasilia Standard Time),1
BRSP14,NA,J&T Slow,Thu Aug 27 2026 04:00:00 GMT-0300 (Brasilia Standard Time),10
BRSP14,NA,J&T Slow,Fri Aug 28 2026 04:00:00 GMT-0300 (Brasilia Standard Time),14
BRSP14,NA,J&T Slow,Tue Sep 01 2026 04:00:00 GMT-0300 (Brasilia Standard Time),1
BRSP14,OVERSIZE,J&T Fast,Tue Jul 21 2026 04:00:00 GMT-0300 (Brasilia Standard Time),1
BRSP15,GM,J&T Slow,Mon Jul 27 2026 04:00:00 GMT-0300 (Brasilia Standard Time),3
BRSP15,GM,J&T Slow,Tue Jul 28 2026 04:00:00 GMT-0300 (Brasilia Standard Time),1
BRSP15,GM,J&T Slow,Wed Jul 29 2026 04:00:00 GMT-0300 (Brasilia Standard Time),2
BRSP15,GM,J&T Slow,Thu Jul 30 2026 04:00:00 GMT-0300 (Brasilia Standard Time),1
BRSP15,GM,J&T Slow,Mon Aug 03 2026 04:00:00 GMT-0300 (Brasilia Standard Time),2
BRSP18,GM,J&T Slow,Sat Jul 25 2026 04:00:00 GMT-0300 (Brasilia Standard Time),1
BRSP18,GM,J&T Slow,Wed Jul 29 2026 04:00:00 GMT-0300 (Brasilia Standard Time),2
BRSP18,GM,J&T Slow,Thu Jul 30 2026 04:00:00 GMT-0300 (Brasilia Standard Time),1
BRSP18,GM,J&T Slow,Sat Aug 01 2026 04:00:00 GMT-0300 (Brasilia Standard Time),1
BRSP19,GM,J&T Slow,Fri Jul 24 2026 04:00:00 GMT-0300 (Brasilia Standard Time),2
BRSP19,GM,J&T Slow,Mon Jul 27 2026 04:00:00 GMT-0300 (Brasilia Standard Time),3
BRSP19,GM,J&T Slow,Tue Jul 28 2026 04:00:00 GMT-0300 (Brasilia Standard Time),2
BRSP19,GM,J&T Slow,Fri Jul 31 2026 04:00:00 GMT-0300 (Brasilia Standard Time),4
BRSP19,GM,J&T Slow,Sat Aug 01 2026 04:00:00 GMT-0300 (Brasilia Standard Time),1
BRSP19,GM,J&T Slow,Mon Aug 03 2026 04:00:00 GMT-0300 (Brasilia Standard Time),4
BRSP19,GM,J&T Slow,Tue Aug 04 2026 04:00:00 GMT-0300 (Brasilia Standard Time),1
BRSP19,GM,J&T Slow,Wed Aug 05 2026 04:00:00 GMT-0300 (Brasilia Standard Time),1
BRSP19,GM,J&T Slow,Fri Aug 07 2026 04:00:00 GMT-0300 (Brasilia Standard Time),1
BRSP19,GM,Loggi,Mon Jul 27 2026 04:00:00 GMT-0300 (Brasilia Standard Time),1
BRSP25,GM,J&T Slow,Mon Jul 27 2026 04:00:00 GMT-0300 (Brasilia Standard Time),2
BRSP25,GM,J&T Slow,Tue Jul 28 2026 04:00:00 GMT-0300 (Brasilia Standard Time),2
BRSP25,GM,J&T Slow,Wed Jul 29 2026 04:00:00 GMT-0300 (Brasilia Standard Time),1
BRSP25,GM,J&T Slow,Sat Aug 01 2026 04:00:00 GMT-0300 (Brasilia Standard Time),1
BRSP25,GM,J&T Slow,Mon Aug 03 2026 04:00:00 GMT-0300 (Brasilia Standard Time),2
BRSP25,GM,J&T Slow,Thu Aug 06 2026 04:00:00 GMT-0300 (Brasilia Standard Time),1
BRSP26,GM,J&T Slow,Fri Jul 24 2026 04:00:00 GMT-0300 (Brasilia Standard Time),1
BRSP26,GM,J&T Slow,Mon Jul 27 2026 04:00:00 GMT-0300 (Brasilia Standard Time),2
BRSP26,GM,J&T Slow,Wed Jul 29 2026 04:00:00 GMT-0300 (Brasilia Standard Time),2
BRSP26,GM,J&T Slow,Thu Jul 30 2026 04:00:00 GMT-0300 (Brasilia Standard Time),1
BRSP26,GM,J&T Slow,Fri Jul 31 2026 04:00:00 GMT-0300 (Brasilia Standard Time),1
BRSP26,GM,J&T Slow,Sat Aug 01 2026 04:00:00 GMT-0300 (Brasilia Standard Time),1
BRSP26,GM,J&T Slow,Mon Aug 03 2026 04:00:00 GMT-0300 (Brasilia Standard Time),1
BRSP26,GM,J&T Slow,Thu Aug 06 2026 04:00:00 GMT-0300 (Brasilia Standard Time),1
BRSP28,GM,J&T Slow,Sat Jul 25 2026 04:00:00 GMT-0300 (Brasilia Standard Time),1
BRXBA1,LARGE,Carvalima,Tue Jul 28 2026 04:00:00 GMT-0300 (Brasilia Standard Time),1
BRXES1,LARGE,Dominalog,Fri Jul 24 2026 04:00:00 GMT-0300 (Brasilia Standard Time),1
BRXGO1,GM,J&T Nodos,Tue Jul 21 2026 04:00:00 GMT-0300 (Brasilia Standard Time),15853
BRXGO1,GM,J&T Nodos,Wed Jul 22 2026 04:00:00 GMT-0300 (Brasilia Standard Time),5049
BRXGO1,GM,J&T Nodos,Thu Jul 23 2026 04:00:00 GMT-0300 (Brasilia Standard Time),3616
BRXGO1,GM,J&T Nodos,Fri Jul 24 2026 04:00:00 GMT-0300 (Brasilia Standard Time),6229
BRXGO1,GM,J&T Nodos,Sat Jul 25 2026 04:00:00 GMT-0300 (Brasilia Standard Time),9390
BRXGO1,GM,J&T Nodos,Tue Jul 28 2026 04:00:00 GMT-0300 (Brasilia Standard Time),12319
BRXGO1,GM,J&T Nodos,Wed Jul 29 2026 04:00:00 GMT-0300 (Brasilia Standard Time),3776
BRXGO1,GM,J&T Nodos,Thu Jul 30 2026 04:00:00 GMT-0300 (Brasilia Standard Time),2523
BRXGO1,GM,J&T Nodos,Fri Jul 31 2026 04:00:00 GMT-0300 (Brasilia Standard Time),1788
BRXGO1,GM,J&T Nodos,Sat Aug 01 2026 04:00:00 GMT-0300 (Brasilia Standard Time),5736
BRXGO1,GM,J&T Nodos,Tue Aug 04 2026 04:00:00 GMT-0300 (Brasilia Standard Time),6952
BRXGO1,GM,J&T Nodos,Wed Aug 05 2026 04:00:00 GMT-0300 (Brasilia Standard Time),1938
BRXGO1,GM,J&T Nodos,Thu Aug 06 2026 04:00:00 GMT-0300 (Brasilia Standard Time),1780
BRXGO1,GM,J&T Nodos,Fri Aug 07 2026 04:00:00 GMT-0300 (Brasilia Standard Time),2192
BRXGO1,GM,J&T Nodos,Sat Aug 08 2026 04:00:00 GMT-0300 (Brasilia Standard Time),5381
BRXGO1,GM,J&T Nodos,Tue Aug 11 2026 04:00:00 GMT-0300 (Brasilia Standard Time),8050
BRXGO1,GM,J&T Nodos,Wed Aug 12 2026 04:00:00 GMT-0300 (Brasilia Standard Time),2821
BRXGO1,GM,J&T Nodos,Thu Aug 13 2026 04:00:00 GMT-0300 (Brasilia Standard Time),1904
BRXGO1,GM,J&T Nodos,Fri Aug 14 2026 04:00:00 GMT-0300 (Brasilia Standard Time),2601
BRXGO1,GM,J&T Nodos,Sat Aug 15 2026 04:00:00 GMT-0300 (Brasilia Standard Time),5409
BRXGO1,GM,J&T Nodos,Tue Aug 18 2026 04:00:00 GMT-0300 (Brasilia Standard Time),6387
BRXGO1,GM,J&T Nodos,Wed Aug 19 2026 04:00:00 GMT-0300 (Brasilia Standard Time),2301
BRXGO1,GM,J&T Nodos,Thu Aug 20 2026 04:00:00 GMT-0300 (Brasilia Standard Time),1499
BRXGO1,GM,J&T Nodos,Fri Aug 21 2026 04:00:00 GMT-0300 (Brasilia Standard Time),1302
BRXGO1,GM,J&T Nodos,Sat Aug 22 2026 04:00:00 GMT-0300 (Brasilia Standard Time),1037
BRXGO1,GM,J&T Nodos,Tue Aug 25 2026 04:00:00 GMT-0300 (Brasilia Standard Time),753
BRXGO1,GM,J&T Nodos,Wed Aug 26 2026 04:00:00 GMT-0300 (Brasilia Standard Time),201
BRXGO1,GM,J&T Nodos,Thu Aug 27 2026 04:00:00 GMT-0300 (Brasilia Standard Time),244
BRXGO1,GM,J&T Nodos,Fri Aug 28 2026 04:00:00 GMT-0300 (Brasilia Standard Time),32
BRXGO1,GM,J&T Nodos,Sat Aug 29 2026 04:00:00 GMT-0300 (Brasilia Standard Time),27
BRXGO1,GM,J&T Nodos,Tue Sep 01 2026 04:00:00 GMT-0300 (Brasilia Standard Time),83
BRXGO1,GM,J&T Slow,Fri Jul 24 2026 04:00:00 GMT-0300 (Brasilia Standard Time),1
BRXGO1,GM,J&T Slow,Sat Jul 25 2026 04:00:00 GMT-0300 (Brasilia Standard Time),1
BRXGO1,GM,J&T Slow,Tue Aug 04 2026 04:00:00 GMT-0300 (Brasilia Standard Time),1
BRXGO1,GM,J&T Slow,Fri Aug 07 2026 04:00:00 GMT-0300 (Brasilia Standard Time),1
BRXGO1,GM,Jad,Wed Jul 29 2026 04:00:00 GMT-0300 (Brasilia Standard Time),1
BRXGO1,GM,Loggi,Thu Aug 06 2026 04:00:00 GMT-0300 (Brasilia Standard Time),1
BRXGO1,LARGE,J&T Nodos,Tue Jul 21 2026 04:00:00 GMT-0300 (Brasilia Standard Time),25
BRXGO1,LARGE,J&T Nodos,Wed Jul 22 2026 04:00:00 GMT-0300 (Brasilia Standard Time),7
BRXGO1,LARGE,J&T Nodos,Thu Jul 23 2026 04:00:00 GMT-0300 (Brasilia Standard Time),5
BRXGO1,LARGE,J&T Nodos,Fri Jul 24 2026 04:00:00 GMT-0300 (Brasilia Standard Time),15
BRXGO1,LARGE,J&T Nodos,Sat Jul 25 2026 04:00:00 GMT-0300 (Brasilia Standard Time),13
BRXGO1,LARGE,J&T Nodos,Tue Jul 28 2026 04:00:00 GMT-0300 (Brasilia Standard Time),27
BRXGO1,LARGE,J&T Nodos,Wed Jul 29 2026 04:00:00 GMT-0300 (Brasilia Standard Time),5
BRXGO1,LARGE,J&T Nodos,Thu Jul 30 2026 04:00:00 GMT-0300 (Brasilia Standard Time),13
BRXGO1,LARGE,J&T Nodos,Fri Jul 31 2026 04:00:00 GMT-0300 (Brasilia Standard Time),4
BRXGO1,LARGE,J&T Nodos,Sat Aug 01 2026 04:00:00 GMT-0300 (Brasilia Standard Time),12
BRXGO1,LARGE,J&T Nodos,Tue Aug 04 2026 04:00:00 GMT-0300 (Brasilia Standard Time),16
BRXGO1,LARGE,J&T Nodos,Wed Aug 05 2026 04:00:00 GMT-0300 (Brasilia Standard Time),4
BRXGO1,LARGE,J&T Nodos,Thu Aug 06 2026 04:00:00 GMT-0300 (Brasilia Standard Time),11
BRXGO1,LARGE,J&T Nodos,Fri Aug 07 2026 04:00:00 GMT-0300 (Brasilia Standard Time),6
BRXGO1,LARGE,J&T Nodos,Sat Aug 08 2026 04:00:00 GMT-0300 (Brasilia Standard Time),32
BRXGO1,LARGE,J&T Nodos,Tue Aug 11 2026 04:00:00 GMT-0300 (Brasilia Standard Time),8
BRXGO1,LARGE,J&T Nodos,Wed Aug 12 2026 04:00:00 GMT-0300 (Brasilia Standard Time),11
BRXGO1,LARGE,J&T Nodos,Thu Aug 13 2026 04:00:00 GMT-0300 (Brasilia Standard Time),9
BRXGO1,LARGE,J&T Nodos,Fri Aug 14 2026 04:00:00 GMT-0300 (Brasilia Standard Time),8
BRXGO1,LARGE,J&T Nodos,Sat Aug 15 2026 04:00:00 GMT-0300 (Brasilia Standard Time),9
BRXGO1,LARGE,J&T Nodos,Tue Aug 18 2026 04:00:00 GMT-0300 (Brasilia Standard Time),11
BRXGO1,LARGE,J&T Nodos,Wed Aug 19 2026 04:00:00 GMT-0300 (Brasilia Standard Time),3
BRXGO1,LARGE,J&T Nodos,Thu Aug 20 2026 04:00:00 GMT-0300 (Brasilia Standard Time),2
BRXGO1,LARGE,J&T Nodos,Fri Aug 21 2026 04:00:00 GMT-0300 (Brasilia Standard Time),5
BRXGO1,LARGE,J&T Nodos,Sat Aug 22 2026 04:00:00 GMT-0300 (Brasilia Standard Time),2
BRXGO1,LARGE,J&T Nodos,Tue Aug 25 2026 04:00:00 GMT-0300 (Brasilia Standard Time),4
BRXGO1,LARGE,J&T Nodos,Thu Aug 27 2026 04:00:00 GMT-0300 (Brasilia Standard Time),1
BRXGO1,NA,J&T Nodos,Tue Jul 21 2026 04:00:00 GMT-0300 (Brasilia Standard Time),2
BRXGO1,NA,J&T Nodos,Wed Jul 22 2026 04:00:00 GMT-0300 (Brasilia Standard Time),1
BRXGO1,NA,J&T Nodos,Thu Jul 23 2026 04:00:00 GMT-0300 (Brasilia Standard Time),2
BRXGO1,NA,J&T Nodos,Sat Jul 25 2026 04:00:00 GMT-0300 (Brasilia Standard Time),3
BRXGO1,NA,J&T Nodos,Tue Jul 28 2026 04:00:00 GMT-0300 (Brasilia Standard Time),1
BRXGO1,NA,J&T Nodos,Thu Jul 30 2026 04:00:00 GMT-0300 (Brasilia Standard Time),1
BRXGO1,NA,J&T Nodos,Fri Jul 31 2026 04:00:00 GMT-0300 (Brasilia Standard Time),1
BRXGO1,NA,J&T Nodos,Fri Aug 07 2026 04:00:00 GMT-0300 (Brasilia Standard Time),1
BRXGO1,NA,J&T Nodos,Wed Aug 19 2026 04:00:00 GMT-0300 (Brasilia Standard Time),70
BRXGO1,NA,J&T Nodos,Thu Aug 20 2026 04:00:00 GMT-0300 (Brasilia Standard Time),13
BRXGO1,NA,J&T Nodos,Fri Aug 21 2026 04:00:00 GMT-0300 (Brasilia Standard Time),17
BRXGO1,NA,J&T Nodos,Sat Aug 22 2026 04:00:00 GMT-0300 (Brasilia Standard Time),3
BRXGO1,NA,J&T Nodos,Tue Aug 25 2026 04:00:00 GMT-0300 (Brasilia Standard Time),21
BRXGO1,NA,J&T Nodos,Wed Aug 26 2026 04:00:00 GMT-0300 (Brasilia Standard Time),4
BRXGO1,NA,J&T Nodos,Thu Aug 27 2026 04:00:00 GMT-0300 (Brasilia Standard Time),3
BRXGO1,NA,J&T Nodos,Fri Aug 28 2026 04:00:00 GMT-0300 (Brasilia Standard Time),2
BRXGO1,NA,J&T Nodos,Sat Aug 29 2026 04:00:00 GMT-0300 (Brasilia Standard Time),2
BRXGO1,NA,J&T Nodos,Tue Sep 01 2026 04:00:00 GMT-0300 (Brasilia Standard Time),2
BRXGO1,OVERSIZE,J&T Nodos,Thu Jul 23 2026 04:00:00 GMT-0300 (Brasilia Standard Time),1
BRXGO1,OVERSIZE,J&T Nodos,Wed Jul 29 2026 04:00:00 GMT-0300 (Brasilia Standard Time),1
BRXGO1,OVERSIZE,J&T Nodos,Fri Jul 31 2026 04:00:00 GMT-0300 (Brasilia Standard Time),1
BRXGO1,OVERSIZE,J&T Nodos,Tue Aug 04 2026 04:00:00 GMT-0300 (Brasilia Standard Time),1
BRXGO1,OVERSIZE,J&T Nodos,Sat Aug 08 2026 04:00:00 GMT-0300 (Brasilia Standard Time),1
BRXGO1,OVERSIZE,J&T Nodos,Wed Aug 12 2026 04:00:00 GMT-0300 (Brasilia Standard Time),1
BRXSC2,LARGE,Jad,Wed Jul 29 2026 04:00:00 GMT-0300 (Brasilia Standard Time),1
BRXSP10,GM,Carvalima,Sat Jul 25 2026 04:00:00 GMT-0300 (Brasilia Standard Time),1
BRXSP10,GM,Carvalima,Wed Jul 29 2026 04:00:00 GMT-0300 (Brasilia Standard Time),1
BRXSP10,GM,Carvalima,Tue Aug 04 2026 04:00:00 GMT-0300 (Brasilia Standard Time),1
BRXSP10,GM,Dominalog,Sat Aug 01 2026 04:00:00 GMT-0300 (Brasilia Standard Time),1
BRXSP10,GM,Dominalog,Tue Aug 04 2026 04:00:00 GMT-0300 (Brasilia Standard Time),1
BRXSP10,GM,Imile Fast,Tue Jul 28 2026 04:00:00 GMT-0300 (Brasilia Standard Time),1
BRXSP10,GM,J&T Fast,Tue Jul 21 2026 04:00:00 GMT-0300 (Brasilia Standard Time),1954
BRXSP10,GM,J&T Fast,Wed Jul 22 2026 04:00:00 GMT-0300 (Brasilia Standard Time),1095
BRXSP10,GM,J&T Fast,Thu Jul 23 2026 04:00:00 GMT-0300 (Brasilia Standard Time),832
BRXSP10,GM,J&T Fast,Fri Jul 24 2026 04:00:00 GMT-0300 (Brasilia Standard Time),711
BRXSP10,GM,J&T Fast,Sat Jul 25 2026 04:00:00 GMT-0300 (Brasilia Standard Time),681
BRXSP10,GM,J&T Fast,Tue Jul 28 2026 04:00:00 GMT-0300 (Brasilia Standard Time),1549
BRXSP10,GM,J&T Fast,Wed Jul 29 2026 04:00:00 GMT-0300 (Brasilia Standard Time),892
BRXSP10,GM,J&T Fast,Thu Jul 30 2026 04:00:00 GMT-0300 (Brasilia Standard Time),711
BRXSP10,GM,J&T Fast,Fri Jul 31 2026 04:00:00 GMT-0300 (Brasilia Standard Time),670
BRXSP10,GM,J&T Fast,Sat Aug 01 2026 04:00:00 GMT-0300 (Brasilia Standard Time),623
BRXSP10,GM,J&T Fast,Mon Aug 03 2026 04:00:00 GMT-0300 (Brasilia Standard Time),37
BRXSP10,GM,J&T Fast,Tue Aug 04 2026 04:00:00 GMT-0300 (Brasilia Standard Time),1612
BRXSP10,GM,J&T Fast,Wed Aug 05 2026 04:00:00 GMT-0300 (Brasilia Standard Time),732
BRXSP10,GM,J&T Fast,Thu Aug 06 2026 04:00:00 GMT-0300 (Brasilia Standard Time),685
BRXSP10,GM,J&T Fast,Fri Aug 07 2026 04:00:00 GMT-0300 (Brasilia Standard Time),624
BRXSP10,GM,J&T Fast,Sat Aug 08 2026 04:00:00 GMT-0300 (Brasilia Standard Time),723
BRXSP10,GM,J&T Fast,Mon Aug 10 2026 04:00:00 GMT-0300 (Brasilia Standard Time),130
BRXSP10,GM,J&T Fast,Tue Aug 11 2026 04:00:00 GMT-0300 (Brasilia Standard Time),1927
BRXSP10,GM,J&T Fast,Wed Aug 12 2026 04:00:00 GMT-0300 (Brasilia Standard Time),1017
BRXSP10,GM,J&T Fast,Thu Aug 13 2026 04:00:00 GMT-0300 (Brasilia Standard Time),736
BRXSP10,GM,J&T Fast,Fri Aug 14 2026 04:00:00 GMT-0300 (Brasilia Standard Time),717
BRXSP10,GM,J&T Fast,Sat Aug 15 2026 04:00:00 GMT-0300 (Brasilia Standard Time),571
BRXSP10,GM,J&T Fast,Tue Aug 18 2026 04:00:00 GMT-0300 (Brasilia Standard Time),1669
BRXSP10,GM,J&T Fast,Wed Aug 19 2026 04:00:00 GMT-0300 (Brasilia Standard Time),202
BRXSP10,GM,J&T Fast,Thu Aug 20 2026 04:00:00 GMT-0300 (Brasilia Standard Time),152
BRXSP10,GM,J&T Fast,Fri Aug 21 2026 04:00:00 GMT-0300 (Brasilia Standard Time),68
BRXSP10,GM,J&T Fast,Sat Aug 22 2026 04:00:00 GMT-0300 (Brasilia Standard Time),48
BRXSP10,GM,J&T Fast,Tue Aug 25 2026 04:00:00 GMT-0300 (Brasilia Standard Time),252
BRXSP10,GM,J&T Fast,Wed Aug 26 2026 04:00:00 GMT-0300 (Brasilia Standard Time),16
BRXSP10,GM,J&T Fast,Thu Aug 27 2026 04:00:00 GMT-0300 (Brasilia Standard Time),12
BRXSP10,GM,J&T Fast,Fri Aug 28 2026 04:00:00 GMT-0300 (Brasilia Standard Time),8
BRXSP10,GM,J&T Fast,Sat Aug 29 2026 04:00:00 GMT-0300 (Brasilia Standard Time),3
BRXSP10,GM,J&T Fast,Tue Sep 01 2026 04:00:00 GMT-0300 (Brasilia Standard Time),14
BRXSP10,GM,J&T Nodos,Tue Jul 21 2026 04:00:00 GMT-0300 (Brasilia Standard Time),794
BRXSP10,GM,J&T Nodos,Wed Jul 22 2026 04:00:00 GMT-0300 (Brasilia Standard Time),9
BRXSP10,GM,J&T Nodos,Thu Jul 23 2026 04:00:00 GMT-0300 (Brasilia Standard Time),468
BRXSP10,GM,J&T Nodos,Fri Jul 24 2026 04:00:00 GMT-0300 (Brasilia Standard Time),1110
BRXSP10,GM,J&T Nodos,Sat Jul 25 2026 04:00:00 GMT-0300 (Brasilia Standard Time),700
BRXSP10,GM,J&T Nodos,Mon Jul 27 2026 04:00:00 GMT-0300 (Brasilia Standard Time),1809
BRXSP10,GM,J&T Nodos,Tue Jul 28 2026 04:00:00 GMT-0300 (Brasilia Standard Time),590
BRXSP10,GM,J&T Nodos,Wed Jul 29 2026 04:00:00 GMT-0300 (Brasilia Standard Time),48
BRXSP10,GM,J&T Nodos,Thu Jul 30 2026 04:00:00 GMT-0300 (Brasilia Standard Time),449
BRXSP10,GM,J&T Nodos,Fri Jul 31 2026 04:00:00 GMT-0300 (Brasilia Standard Time),689
BRXSP10,GM,J&T Nodos,Sat Aug 01 2026 04:00:00 GMT-0300 (Brasilia Standard Time),688
BRXSP10,GM,J&T Nodos,Mon Aug 03 2026 04:00:00 GMT-0300 (Brasilia Standard Time),955
BRXSP10,GM,J&T Nodos,Tue Aug 04 2026 04:00:00 GMT-0300 (Brasilia Standard Time),191
BRXSP10,GM,J&T Nodos,Wed Aug 05 2026 04:00:00 GMT-0300 (Brasilia Standard Time),26
BRXSP10,GM,J&T Nodos,Thu Aug 06 2026 04:00:00 GMT-0300 (Brasilia Standard Time),722
BRXSP10,GM,J&T Nodos,Fri Aug 07 2026 04:00:00 GMT-0300 (Brasilia Standard Time),838
BRXSP10,GM,J&T Nodos,Sat Aug 08 2026 04:00:00 GMT-0300 (Brasilia Standard Time),607
BRXSP10,GM,J&T Nodos,Mon Aug 10 2026 04:00:00 GMT-0300 (Brasilia Standard Time),1179
BRXSP10,GM,J&T Nodos,Tue Aug 11 2026 04:00:00 GMT-0300 (Brasilia Standard Time),553
BRXSP10,GM,J&T Nodos,Wed Aug 12 2026 04:00:00 GMT-0300 (Brasilia Standard Time),1
BRXSP10,GM,J&T Nodos,Thu Aug 13 2026 04:00:00 GMT-0300 (Brasilia Standard Time),1467
BRXSP10,GM,J&T Nodos,Fri Aug 14 2026 04:00:00 GMT-0300 (Brasilia Standard Time),1262
BRXSP10,GM,J&T Nodos,Sat Aug 15 2026 04:00:00 GMT-0300 (Brasilia Standard Time),600
BRXSP10,GM,J&T Nodos,Mon Aug 17 2026 04:00:00 GMT-0300 (Brasilia Standard Time),786
BRXSP10,GM,J&T Nodos,Tue Aug 18 2026 04:00:00 GMT-0300 (Brasilia Standard Time),671
BRXSP10,GM,J&T Nodos,Wed Aug 19 2026 04:00:00 GMT-0300 (Brasilia Standard Time),22
BRXSP10,GM,J&T Nodos,Thu Aug 20 2026 04:00:00 GMT-0300 (Brasilia Standard Time),1480
BRXSP10,GM,J&T Nodos,Fri Aug 21 2026 04:00:00 GMT-0300 (Brasilia Standard Time),615
BRXSP10,GM,J&T Nodos,Sat Aug 22 2026 04:00:00 GMT-0300 (Brasilia Standard Time),247
BRXSP10,GM,J&T Nodos,Mon Aug 24 2026 04:00:00 GMT-0300 (Brasilia Standard Time),202
BRXSP10,GM,J&T Nodos,Tue Aug 25 2026 04:00:00 GMT-0300 (Brasilia Standard Time),8
BRXSP10,GM,J&T Nodos,Thu Aug 27 2026 04:00:00 GMT-0300 (Brasilia Standard Time),18
BRXSP10,GM,J&T Nodos,Fri Aug 28 2026 04:00:00 GMT-0300 (Brasilia Standard Time),1
BRXSP10,GM,J&T Nodos,Sat Aug 29 2026 04:00:00 GMT-0300 (Brasilia Standard Time),1
BRXSP10,GM,J&T Nodos,Mon Aug 31 2026 04:00:00 GMT-0300 (Brasilia Standard Time),3
BRXSP10,GM,J&T Nodos,Tue Sep 01 2026 04:00:00 GMT-0300 (Brasilia Standard Time),3
BRXSP10,GM,J&T Slow,Tue Jul 21 2026 04:00:00 GMT-0300 (Brasilia Standard Time),53376
BRXSP10,GM,J&T Slow,Wed Jul 22 2026 04:00:00 GMT-0300 (Brasilia Standard Time),33248
BRXSP10,GM,J&T Slow,Thu Jul 23 2026 04:00:00 GMT-0300 (Brasilia Standard Time),50668
BRXSP10,GM,J&T Slow,Fri Jul 24 2026 04:00:00 GMT-0300 (Brasilia Standard Time),27055
BRXSP10,GM,J&T Slow,Sat Jul 25 2026 04:00:00 GMT-0300 (Brasilia Standard Time),65213
BRXSP10,GM,J&T Slow,Mon Jul 27 2026 04:00:00 GMT-0300 (Brasilia Standard Time),1
BRXSP10,GM,J&T Slow,Tue Jul 28 2026 04:00:00 GMT-0300 (Brasilia Standard Time),82755
BRXSP10,GM,J&T Slow,Wed Jul 29 2026 04:00:00 GMT-0300 (Brasilia Standard Time),55530
BRXSP10,GM,J&T Slow,Thu Jul 30 2026 04:00:00 GMT-0300 (Brasilia Standard Time),47497
BRXSP10,GM,J&T Slow,Fri Jul 31 2026 04:00:00 GMT-0300 (Brasilia Standard Time),44183
BRXSP10,GM,J&T Slow,Sat Aug 01 2026 04:00:00 GMT-0300 (Brasilia Standard Time),33047
BRXSP10,GM,J&T Slow,Mon Aug 03 2026 04:00:00 GMT-0300 (Brasilia Standard Time),18349
BRXSP10,GM,J&T Slow,Tue Aug 04 2026 04:00:00 GMT-0300 (Brasilia Standard Time),68269
BRXSP10,GM,J&T Slow,Wed Aug 05 2026 04:00:00 GMT-0300 (Brasilia Standard Time),56556
BRXSP10,GM,J&T Slow,Thu Aug 06 2026 04:00:00 GMT-0300 (Brasilia Standard Time),47894
BRXSP10,GM,J&T Slow,Fri Aug 07 2026 04:00:00 GMT-0300 (Brasilia Standard Time),41037
BRXSP10,GM,J&T Slow,Sat Aug 08 2026 04:00:00 GMT-0300 (Brasilia Standard Time),29883
BRXSP10,GM,J&T Slow,Mon Aug 10 2026 04:00:00 GMT-0300 (Brasilia Standard Time),8037
BRXSP10,GM,J&T Slow,Tue Aug 11 2026 04:00:00 GMT-0300 (Brasilia Standard Time),80871
BRXSP10,GM,J&T Slow,Wed Aug 12 2026 04:00:00 GMT-0300 (Brasilia Standard Time),66600
BRXSP10,GM,J&T Slow,Thu Aug 13 2026 04:00:00 GMT-0300 (Brasilia Standard Time),41539
BRXSP10,GM,J&T Slow,Fri Aug 14 2026 04:00:00 GMT-0300 (Brasilia Standard Time),32040
BRXSP10,GM,J&T Slow,Sat Aug 15 2026 04:00:00 GMT-0300 (Brasilia Standard Time),29547
BRXSP10,GM,J&T Slow,Tue Aug 18 2026 04:00:00 GMT-0300 (Brasilia Standard Time),82646
BRXSP10,GM,J&T Slow,Wed Aug 19 2026 04:00:00 GMT-0300 (Brasilia Standard Time),21384
BRXSP10,GM,J&T Slow,Thu Aug 20 2026 04:00:00 GMT-0300 (Brasilia Standard Time),5735
BRXSP10,GM,J&T Slow,Fri Aug 21 2026 04:00:00 GMT-0300 (Brasilia Standard Time),2606
BRXSP10,GM,J&T Slow,Sat Aug 22 2026 04:00:00 GMT-0300 (Brasilia Standard Time),1477
BRXSP10,GM,J&T Slow,Tue Aug 25 2026 04:00:00 GMT-0300 (Brasilia Standard Time),2005
BRXSP10,GM,J&T Slow,Wed Aug 26 2026 04:00:00 GMT-0300 (Brasilia Standard Time),589
BRXSP10,GM,J&T Slow,Thu Aug 27 2026 04:00:00 GMT-0300 (Brasilia Standard Time),353
BRXSP10,GM,J&T Slow,Fri Aug 28 2026 04:00:00 GMT-0300 (Brasilia Standard Time),210
BRXSP10,GM,J&T Slow,Sat Aug 29 2026 04:00:00 GMT-0300 (Brasilia Standard Time),145
BRXSP10,GM,J&T Slow,Tue Sep 01 2026 04:00:00 GMT-0300 (Brasilia Standard Time),1034
BRXSP10,GM,Jad,Fri Jul 24 2026 04:00:00 GMT-0300 (Brasilia Standard Time),1
BRXSP10,GM,Jad,Sat Jul 25 2026 04:00:00 GMT-0300 (Brasilia Standard Time),2
BRXSP10,GM,Jad,Tue Jul 28 2026 04:00:00 GMT-0300 (Brasilia Standard Time),6
BRXSP10,GM,Jad,Wed Jul 29 2026 04:00:00 GMT-0300 (Brasilia Standard Time),3
BRXSP10,GM,Jad,Thu Jul 30 2026 04:00:00 GMT-0300 (Brasilia Standard Time),4
BRXSP10,GM,Jad,Sat Aug 01 2026 04:00:00 GMT-0300 (Brasilia Standard Time),2
BRXSP10,GM,Jad,Tue Aug 04 2026 04:00:00 GMT-0300 (Brasilia Standard Time),3
BRXSP10,GM,Jad,Wed Aug 05 2026 04:00:00 GMT-0300 (Brasilia Standard Time),1
BRXSP10,GM,Loggi,Tue Jul 21 2026 04:00:00 GMT-0300 (Brasilia Standard Time),901
BRXSP10,GM,Loggi,Wed Jul 22 2026 04:00:00 GMT-0300 (Brasilia Standard Time),497
BRXSP10,GM,Loggi,Thu Jul 23 2026 04:00:00 GMT-0300 (Brasilia Standard Time),476
BRXSP10,GM,Loggi,Fri Jul 24 2026 04:00:00 GMT-0300 (Brasilia Standard Time),388
BRXSP10,GM,Loggi,Sat Jul 25 2026 04:00:00 GMT-0300 (Brasilia Standard Time),283
BRXSP10,GM,Loggi,Tue Jul 28 2026 04:00:00 GMT-0300 (Brasilia Standard Time),829
BRXSP10,GM,Loggi,Wed Jul 29 2026 04:00:00 GMT-0300 (Brasilia Standard Time),561
BRXSP10,GM,Loggi,Thu Jul 30 2026 04:00:00 GMT-0300 (Brasilia Standard Time),474
BRXSP10,GM,Loggi,Fri Jul 31 2026 04:00:00 GMT-0300 (Brasilia Standard Time),353
BRXSP10,GM,Loggi,Sat Aug 01 2026 04:00:00 GMT-0300 (Brasilia Standard Time),361
BRXSP10,GM,Loggi,Tue Aug 04 2026 04:00:00 GMT-0300 (Brasilia Standard Time),1070
BRXSP10,GM,Loggi,Wed Aug 05 2026 04:00:00 GMT-0300 (Brasilia Standard Time),668
BRXSP10,GM,Loggi,Thu Aug 06 2026 04:00:00 GMT-0300 (Brasilia Standard Time),380
BRXSP10,GM,Loggi,Fri Aug 07 2026 04:00:00 GMT-0300 (Brasilia Standard Time),798
BRXSP10,GM,Loggi,Sat Aug 08 2026 04:00:00 GMT-0300 (Brasilia Standard Time),364
BRXSP10,GM,Loggi,Mon Aug 10 2026 04:00:00 GMT-0300 (Brasilia Standard Time),2
BRXSP10,GM,Loggi,Tue Aug 11 2026 04:00:00 GMT-0300 (Brasilia Standard Time),1084
BRXSP10,GM,Loggi,Wed Aug 12 2026 04:00:00 GMT-0300 (Brasilia Standard Time),606
BRXSP10,GM,Loggi,Thu Aug 13 2026 04:00:00 GMT-0300 (Brasilia Standard Time),790
BRXSP10,GM,Loggi,Fri Aug 14 2026 04:00:00 GMT-0300 (Brasilia Standard Time),667
BRXSP10,GM,Loggi,Sat Aug 15 2026 04:00:00 GMT-0300 (Brasilia Standard Time),498
BRXSP10,GM,Loggi,Tue Aug 18 2026 04:00:00 GMT-0300 (Brasilia Standard Time),1037
BRXSP10,GM,Loggi,Wed Aug 19 2026 04:00:00 GMT-0300 (Brasilia Standard Time),137
BRXSP10,GM,Loggi,Thu Aug 20 2026 04:00:00 GMT-0300 (Brasilia Standard Time),109
BRXSP10,GM,Loggi,Fri Aug 21 2026 04:00:00 GMT-0300 (Brasilia Standard Time),30
BRXSP10,GM,Loggi,Sat Aug 22 2026 04:00:00 GMT-0300 (Brasilia Standard Time),13
BRXSP10,GM,Loggi,Tue Aug 25 2026 04:00:00 GMT-0300 (Brasilia Standard Time),73
BRXSP10,GM,Loggi,Wed Aug 26 2026 04:00:00 GMT-0300 (Brasilia Standard Time),6
BRXSP10,GM,Loggi,Thu Aug 27 2026 04:00:00 GMT-0300 (Brasilia Standard Time),1
BRXSP10,GM,Loggi,Fri Aug 28 2026 04:00:00 GMT-0300 (Brasilia Standard Time),2
BRXSP10,GM,Loggi,Sat Aug 29 2026 04:00:00 GMT-0300 (Brasilia Standard Time),2
BRXSP10,GM,Loggi,Tue Sep 01 2026 04:00:00 GMT-0300 (Brasilia Standard Time),7
BRXSP10,LARGE,Dominalog,Sat Jul 25 2026 04:00:00 GMT-0300 (Brasilia Standard Time),1
BRXSP10,LARGE,J&T Fast,Tue Jul 21 2026 04:00:00 GMT-0300 (Brasilia Standard Time),3
BRXSP10,LARGE,J&T Fast,Wed Jul 22 2026 04:00:00 GMT-0300 (Brasilia Standard Time),2
BRXSP10,LARGE,J&T Fast,Thu Jul 23 2026 04:00:00 GMT-0300 (Brasilia Standard Time),1
BRXSP10,LARGE,J&T Fast,Sat Jul 25 2026 04:00:00 GMT-0300 (Brasilia Standard Time),2
BRXSP10,LARGE,J&T Fast,Tue Jul 28 2026 04:00:00 GMT-0300 (Brasilia Standard Time),6
BRXSP10,LARGE,J&T Fast,Wed Jul 29 2026 04:00:00 GMT-0300 (Brasilia Standard Time),4
BRXSP10,LARGE,J&T Fast,Thu Jul 30 2026 04:00:00 GMT-0300 (Brasilia Standard Time),2
BRXSP10,LARGE,J&T Fast,Fri Jul 31 2026 04:00:00 GMT-0300 (Brasilia Standard Time),1
BRXSP10,LARGE,J&T Fast,Sat Aug 01 2026 04:00:00 GMT-0300 (Brasilia Standard Time),2
BRXSP10,LARGE,J&T Fast,Mon Aug 03 2026 04:00:00 GMT-0300 (Brasilia Standard Time),2
BRXSP10,LARGE,J&T Fast,Tue Aug 04 2026 04:00:00 GMT-0300 (Brasilia Standard Time),1
BRXSP10,LARGE,J&T Fast,Wed Aug 05 2026 04:00:00 GMT-0300 (Brasilia Standard Time),1
BRXSP10,LARGE,J&T Fast,Thu Aug 06 2026 04:00:00 GMT-0300 (Brasilia Standard Time),2
BRXSP10,LARGE,J&T Fast,Fri Aug 07 2026 04:00:00 GMT-0300 (Brasilia Standard Time),2
BRXSP10,LARGE,J&T Fast,Sat Aug 08 2026 04:00:00 GMT-0300 (Brasilia Standard Time),2
BRXSP10,LARGE,J&T Fast,Mon Aug 10 2026 04:00:00 GMT-0300 (Brasilia Standard Time),1
BRXSP10,LARGE,J&T Fast,Tue Aug 11 2026 04:00:00 GMT-0300 (Brasilia Standard Time),7
BRXSP10,LARGE,J&T Fast,Wed Aug 12 2026 04:00:00 GMT-0300 (Brasilia Standard Time),4
BRXSP10,LARGE,J&T Fast,Fri Aug 14 2026 04:00:00 GMT-0300 (Brasilia Standard Time),4
BRXSP10,LARGE,J&T Fast,Sat Aug 15 2026 04:00:00 GMT-0300 (Brasilia Standard Time),2
BRXSP10,LARGE,J&T Fast,Tue Aug 18 2026 04:00:00 GMT-0300 (Brasilia Standard Time),3
BRXSP10,LARGE,J&T Fast,Tue Aug 25 2026 04:00:00 GMT-0300 (Brasilia Standard Time),2
BRXSP10,LARGE,J&T Nodos,Tue Jul 21 2026 04:00:00 GMT-0300 (Brasilia Standard Time),1
BRXSP10,LARGE,J&T Nodos,Fri Jul 24 2026 04:00:00 GMT-0300 (Brasilia Standard Time),1
BRXSP10,LARGE,J&T Nodos,Mon Jul 27 2026 04:00:00 GMT-0300 (Brasilia Standard Time),2
BRXSP10,LARGE,J&T Nodos,Tue Jul 28 2026 04:00:00 GMT-0300 (Brasilia Standard Time),1
BRXSP10,LARGE,J&T Nodos,Mon Aug 03 2026 04:00:00 GMT-0300 (Brasilia Standard Time),1
BRXSP10,LARGE,J&T Nodos,Tue Aug 04 2026 04:00:00 GMT-0300 (Brasilia Standard Time),1
BRXSP10,LARGE,J&T Nodos,Fri Aug 07 2026 04:00:00 GMT-0300 (Brasilia Standard Time),3
BRXSP10,LARGE,J&T Nodos,Tue Aug 11 2026 04:00:00 GMT-0300 (Brasilia Standard Time),1
BRXSP10,LARGE,J&T Nodos,Thu Aug 13 2026 04:00:00 GMT-0300 (Brasilia Standard Time),3
BRXSP10,LARGE,J&T Nodos,Fri Aug 14 2026 04:00:00 GMT-0300 (Brasilia Standard Time),2
BRXSP10,LARGE,J&T Nodos,Tue Aug 18 2026 04:00:00 GMT-0300 (Brasilia Standard Time),1
BRXSP10,LARGE,J&T Nodos,Thu Aug 20 2026 04:00:00 GMT-0300 (Brasilia Standard Time),1
BRXSP10,LARGE,J&T Nodos,Fri Aug 21 2026 04:00:00 GMT-0300 (Brasilia Standard Time),2
BRXSP10,LARGE,J&T Nodos,Mon Aug 24 2026 04:00:00 GMT-0300 (Brasilia Standard Time),1
BRXSP10,LARGE,J&T Slow,Tue Jul 21 2026 04:00:00 GMT-0300 (Brasilia Standard Time),81
BRXSP10,LARGE,J&T Slow,Wed Jul 22 2026 04:00:00 GMT-0300 (Brasilia Standard Time),70
BRXSP10,LARGE,J&T Slow,Thu Jul 23 2026 04:00:00 GMT-0300 (Brasilia Standard Time),60
BRXSP10,LARGE,J&T Slow,Fri Jul 24 2026 04:00:00 GMT-0300 (Brasilia Standard Time),33
BRXSP10,LARGE,J&T Slow,Sat Jul 25 2026 04:00:00 GMT-0300 (Brasilia Standard Time),93
BRXSP10,LARGE,J&T Slow,Tue Jul 28 2026 04:00:00 GMT-0300 (Brasilia Standard Time),124
BRXSP10,LARGE,J&T Slow,Wed Jul 29 2026 04:00:00 GMT-0300 (Brasilia Standard Time),83
BRXSP10,LARGE,J&T Slow,Thu Jul 30 2026 04:00:00 GMT-0300 (Brasilia Standard Time),70
BRXSP10,LARGE,J&T Slow,Fri Jul 31 2026 04:00:00 GMT-0300 (Brasilia Standard Time),57
BRXSP10,LARGE,J&T Slow,Sat Aug 01 2026 04:00:00 GMT-0300 (Brasilia Standard Time),58
BRXSP10,LARGE,J&T Slow,Mon Aug 03 2026 04:00:00 GMT-0300 (Brasilia Standard Time),27
BRXSP10,LARGE,J&T Slow,Tue Aug 04 2026 04:00:00 GMT-0300 (Brasilia Standard Time),98
BRXSP10,LARGE,J&T Slow,Wed Aug 05 2026 04:00:00 GMT-0300 (Brasilia Standard Time),93
BRXSP10,LARGE,J&T Slow,Thu Aug 06 2026 04:00:00 GMT-0300 (Brasilia Standard Time),61
BRXSP10,LARGE,J&T Slow,Fri Aug 07 2026 04:00:00 GMT-0300 (Brasilia Standard Time),71
BRXSP10,LARGE,J&T Slow,Sat Aug 08 2026 04:00:00 GMT-0300 (Brasilia Standard Time),57
BRXSP10,LARGE,J&T Slow,Mon Aug 10 2026 04:00:00 GMT-0300 (Brasilia Standard Time),28
BRXSP10,LARGE,J&T Slow,Tue Aug 11 2026 04:00:00 GMT-0300 (Brasilia Standard Time),125
BRXSP10,LARGE,J&T Slow,Wed Aug 12 2026 04:00:00 GMT-0300 (Brasilia Standard Time),106
BRXSP10,LARGE,J&T Slow,Thu Aug 13 2026 04:00:00 GMT-0300 (Brasilia Standard Time),90
BRXSP10,LARGE,J&T Slow,Fri Aug 14 2026 04:00:00 GMT-0300 (Brasilia Standard Time),75
BRXSP10,LARGE,J&T Slow,Sat Aug 15 2026 04:00:00 GMT-0300 (Brasilia Standard Time),47
BRXSP10,LARGE,J&T Slow,Tue Aug 18 2026 04:00:00 GMT-0300 (Brasilia Standard Time),110
BRXSP10,LARGE,J&T Slow,Wed Aug 19 2026 04:00:00 GMT-0300 (Brasilia Standard Time),27
BRXSP10,LARGE,J&T Slow,Thu Aug 20 2026 04:00:00 GMT-0300 (Brasilia Standard Time),7
BRXSP10,LARGE,J&T Slow,Fri Aug 21 2026 04:00:00 GMT-0300 (Brasilia Standard Time),2
BRXSP10,LARGE,J&T Slow,Sat Aug 22 2026 04:00:00 GMT-0300 (Brasilia Standard Time),2
BRXSP10,LARGE,J&T Slow,Tue Aug 25 2026 04:00:00 GMT-0300 (Brasilia Standard Time),2
BRXSP10,LARGE,Jad,Sat Jul 25 2026 04:00:00 GMT-0300 (Brasilia Standard Time),1
BRXSP10,LARGE,Jad,Tue Jul 28 2026 04:00:00 GMT-0300 (Brasilia Standard Time),2
BRXSP10,LARGE,Jad,Thu Jul 30 2026 04:00:00 GMT-0300 (Brasilia Standard Time),1
BRXSP10,LARGE,Loggi,Tue Jul 21 2026 04:00:00 GMT-0300 (Brasilia Standard Time),91
BRXSP10,LARGE,Loggi,Wed Jul 22 2026 04:00:00 GMT-0300 (Brasilia Standard Time),310
BRXSP10,LARGE,Loggi,Thu Jul 23 2026 04:00:00 GMT-0300 (Brasilia Standard Time),159
BRXSP10,LARGE,Loggi,Fri Jul 24 2026 04:00:00 GMT-0300 (Brasilia Standard Time),200
BRXSP10,LARGE,Loggi,Sat Jul 25 2026 04:00:00 GMT-0300 (Brasilia Standard Time),172
BRXSP10,LARGE,Loggi,Tue Jul 28 2026 04:00:00 GMT-0300 (Brasilia Standard Time),268
BRXSP10,LARGE,Loggi,Wed Jul 29 2026 04:00:00 GMT-0300 (Brasilia Standard Time),226
BRXSP10,LARGE,Loggi,Thu Jul 30 2026 04:00:00 GMT-0300 (Brasilia Standard Time),200
BRXSP10,LARGE,Loggi,Fri Jul 31 2026 04:00:00 GMT-0300 (Brasilia Standard Time),155
BRXSP10,LARGE,Loggi,Sat Aug 01 2026 04:00:00 GMT-0300 (Brasilia Standard Time),121
BRXSP10,LARGE,Loggi,Tue Aug 04 2026 04:00:00 GMT-0300 (Brasilia Standard Time),176
BRXSP10,LARGE,Loggi,Wed Aug 05 2026 04:00:00 GMT-0300 (Brasilia Standard Time),486
BRXSP10,LARGE,Loggi,Thu Aug 06 2026 04:00:00 GMT-0300 (Brasilia Standard Time),126
BRXSP10,LARGE,Loggi,Fri Aug 07 2026 04:00:00 GMT-0300 (Brasilia Standard Time),519
BRXSP10,LARGE,Loggi,Sat Aug 08 2026 04:00:00 GMT-0300 (Brasilia Standard Time),321
BRXSP10,LARGE,Loggi,Tue Aug 11 2026 04:00:00 GMT-0300 (Brasilia Standard Time),156
BRXSP10,LARGE,Loggi,Wed Aug 12 2026 04:00:00 GMT-0300 (Brasilia Standard Time),223
BRXSP10,LARGE,Loggi,Thu Aug 13 2026 04:00:00 GMT-0300 (Brasilia Standard Time),444
BRXSP10,LARGE,Loggi,Fri Aug 14 2026 04:00:00 GMT-0300 (Brasilia Standard Time),278
BRXSP10,LARGE,Loggi,Sat Aug 15 2026 04:00:00 GMT-0300 (Brasilia Standard Time),201
BRXSP10,LARGE,Loggi,Tue Aug 18 2026 04:00:00 GMT-0300 (Brasilia Standard Time),162
BRXSP10,LARGE,Loggi,Wed Aug 19 2026 04:00:00 GMT-0300 (Brasilia Standard Time),300
BRXSP10,LARGE,Loggi,Thu Aug 20 2026 04:00:00 GMT-0300 (Brasilia Standard Time),231
BRXSP10,LARGE,Loggi,Fri Aug 21 2026 04:00:00 GMT-0300 (Brasilia Standard Time),160
BRXSP10,LARGE,Loggi,Sat Aug 22 2026 04:00:00 GMT-0300 (Brasilia Standard Time),155
BRXSP10,LARGE,Loggi,Tue Aug 25 2026 04:00:00 GMT-0300 (Brasilia Standard Time),120
BRXSP10,LARGE,Loggi,Wed Aug 26 2026 04:00:00 GMT-0300 (Brasilia Standard Time),111
BRXSP10,LARGE,Loggi,Thu Aug 27 2026 04:00:00 GMT-0300 (Brasilia Standard Time),7
BRXSP10,LARGE,Loggi,Fri Aug 28 2026 04:00:00 GMT-0300 (Brasilia Standard Time),3
BRXSP10,LARGE,Loggi,Sat Aug 29 2026 04:00:00 GMT-0300 (Brasilia Standard Time),3
BRXSP10,LARGE,Loggi,Tue Sep 01 2026 04:00:00 GMT-0300 (Brasilia Standard Time),11
BRXSP10,NA,J&T Fast,Tue Aug 18 2026 04:00:00 GMT-0300 (Brasilia Standard Time),1
BRXSP10,NA,J&T Fast,Wed Aug 19 2026 04:00:00 GMT-0300 (Brasilia Standard Time),37
BRXSP10,NA,J&T Fast,Thu Aug 20 2026 04:00:00 GMT-0300 (Brasilia Standard Time),4
BRXSP10,NA,J&T Fast,Fri Aug 21 2026 04:00:00 GMT-0300 (Brasilia Standard Time),1
BRXSP10,NA,J&T Fast,Tue Aug 25 2026 04:00:00 GMT-0300 (Brasilia Standard Time),9
BRXSP10,NA,J&T Nodos,Fri Aug 21 2026 04:00:00 GMT-0300 (Brasilia Standard Time),26
BRXSP10,NA,J&T Nodos,Sat Aug 22 2026 04:00:00 GMT-0300 (Brasilia Standard Time),5
BRXSP10,NA,J&T Nodos,Mon Aug 24 2026 04:00:00 GMT-0300 (Brasilia Standard Time),1
BRXSP10,NA,J&T Nodos,Thu Aug 27 2026 04:00:00 GMT-0300 (Brasilia Standard Time),1
BRXSP10,NA,J&T Slow,Tue Aug 18 2026 04:00:00 GMT-0300 (Brasilia Standard Time),7
BRXSP10,NA,J&T Slow,Wed Aug 19 2026 04:00:00 GMT-0300 (Brasilia Standard Time),2288
BRXSP10,NA,J&T Slow,Thu Aug 20 2026 04:00:00 GMT-0300 (Brasilia Standard Time),371
BRXSP10,NA,J&T Slow,Fri Aug 21 2026 04:00:00 GMT-0300 (Brasilia Standard Time),171
BRXSP10,NA,J&T Slow,Sat Aug 22 2026 04:00:00 GMT-0300 (Brasilia Standard Time),70
BRXSP10,NA,J&T Slow,Tue Aug 25 2026 04:00:00 GMT-0300 (Brasilia Standard Time),54
BRXSP10,NA,J&T Slow,Wed Aug 26 2026 04:00:00 GMT-0300 (Brasilia Standard Time),1
BRXSP10,NA,J&T Slow,Thu Aug 27 2026 04:00:00 GMT-0300 (Brasilia Standard Time),15
BRXSP10,NA,J&T Slow,Fri Aug 28 2026 04:00:00 GMT-0300 (Brasilia Standard Time),21
BRXSP10,NA,J&T Slow,Sat Aug 29 2026 04:00:00 GMT-0300 (Brasilia Standard Time),15
BRXSP10,NA,J&T Slow,Tue Sep 01 2026 04:00:00 GMT-0300 (Brasilia Standard Time),3
BRXSP10,NA,Loggi,Tue Aug 18 2026 04:00:00 GMT-0300 (Brasilia Standard Time),3
BRXSP10,NA,Loggi,Wed Aug 19 2026 04:00:00 GMT-0300 (Brasilia Standard Time),24
BRXSP10,NA,Loggi,Thu Aug 20 2026 04:00:00 GMT-0300 (Brasilia Standard Time),6
BRXSP10,NA,Loggi,Fri Aug 21 2026 04:00:00 GMT-0300 (Brasilia Standard Time),5
BRXSP10,NA,Loggi,Sat Aug 22 2026 04:00:00 GMT-0300 (Brasilia Standard Time),1
BRXSP10,NA,Loggi,Tue Aug 25 2026 04:00:00 GMT-0300 (Brasilia Standard Time),1
BRXSP10,NA,Loggi,Wed Aug 26 2026 04:00:00 GMT-0300 (Brasilia Standard Time),9
BRXSP10,NA,Loggi,Tue Sep 01 2026 04:00:00 GMT-0300 (Brasilia Standard Time),1
BRXSP10,OVERSIZE,J&T Fast,Wed Jul 22 2026 04:00:00 GMT-0300 (Brasilia Standard Time),1
BRXSP10,OVERSIZE,J&T Fast,Thu Jul 23 2026 04:00:00 GMT-0300 (Brasilia Standard Time),1
BRXSP10,OVERSIZE,J&T Fast,Tue Jul 28 2026 04:00:00 GMT-0300 (Brasilia Standard Time),1
BRXSP10,OVERSIZE,J&T Slow,Tue Jul 21 2026 04:00:00 GMT-0300 (Brasilia Standard Time),2
BRXSP10,OVERSIZE,J&T Slow,Wed Jul 22 2026 04:00:00 GMT-0300 (Brasilia Standard Time),2
BRXSP10,OVERSIZE,J&T Slow,Fri Jul 24 2026 04:00:00 GMT-0300 (Brasilia Standard Time),1
BRXSP10,OVERSIZE,J&T Slow,Sat Jul 25 2026 04:00:00 GMT-0300 (Brasilia Standard Time),1
BRXSP10,OVERSIZE,J&T Slow,Tue Jul 28 2026 04:00:00 GMT-0300 (Brasilia Standard Time),3
BRXSP10,OVERSIZE,J&T Slow,Wed Jul 29 2026 04:00:00 GMT-0300 (Brasilia Standard Time),3
BRXSP10,OVERSIZE,J&T Slow,Thu Jul 30 2026 04:00:00 GMT-0300 (Brasilia Standard Time),1
BRXSP10,OVERSIZE,J&T Slow,Tue Aug 04 2026 04:00:00 GMT-0300 (Brasilia Standard Time),3
BRXSP10,OVERSIZE,J&T Slow,Wed Aug 05 2026 04:00:00 GMT-0300 (Brasilia Standard Time),4
BRXSP10,OVERSIZE,J&T Slow,Fri Aug 07 2026 04:00:00 GMT-0300 (Brasilia Standard Time),1
BRXSP10,OVERSIZE,J&T Slow,Sat Aug 08 2026 04:00:00 GMT-0300 (Brasilia Standard Time),1
BRXSP10,OVERSIZE,J&T Slow,Tue Aug 11 2026 04:00:00 GMT-0300 (Brasilia Standard Time),1
BRXSP10,OVERSIZE,J&T Slow,Wed Aug 12 2026 04:00:00 GMT-0300 (Brasilia Standard Time),2
BRXSP10,OVERSIZE,J&T Slow,Sat Aug 15 2026 04:00:00 GMT-0300 (Brasilia Standard Time),1
BRXSP10,OVERSIZE,J&T Slow,Tue Aug 18 2026 04:00:00 GMT-0300 (Brasilia Standard Time),3
BRXSP10,OVERSIZE,Loggi,Tue Jul 21 2026 04:00:00 GMT-0300 (Brasilia Standard Time),2
BRXSP10,OVERSIZE,Loggi,Thu Jul 23 2026 04:00:00 GMT-0300 (Brasilia Standard Time),1
BRXSP10,OVERSIZE,Loggi,Tue Jul 28 2026 04:00:00 GMT-0300 (Brasilia Standard Time),1
BRXSP10,OVERSIZE,Loggi,Wed Jul 29 2026 04:00:00 GMT-0300 (Brasilia Standard Time),17
BRXSP10,OVERSIZE,Loggi,Thu Jul 30 2026 04:00:00 GMT-0300 (Brasilia Standard Time),12
BRXSP10,OVERSIZE,Loggi,Tue Aug 04 2026 04:00:00 GMT-0300 (Brasilia Standard Time),5
BRXSP10,OVERSIZE,Loggi,Wed Aug 05 2026 04:00:00 GMT-0300 (Brasilia Standard Time),3
BRXSP10,OVERSIZE,Loggi,Thu Aug 06 2026 04:00:00 GMT-0300 (Brasilia Standard Time),3
BRXSP10,OVERSIZE,Loggi,Fri Aug 07 2026 04:00:00 GMT-0300 (Brasilia Standard Time),14
BRXSP10,OVERSIZE,Loggi,Sat Aug 08 2026 04:00:00 GMT-0300 (Brasilia Standard Time),5
BRXSP10,OVERSIZE,Loggi,Tue Aug 11 2026 04:00:00 GMT-0300 (Brasilia Standard Time),11
BRXSP10,OVERSIZE,Loggi,Wed Aug 12 2026 04:00:00 GMT-0300 (Brasilia Standard Time),3
BRXSP10,OVERSIZE,Loggi,Thu Aug 13 2026 04:00:00 GMT-0300 (Brasilia Standard Time),8
BRXSP10,OVERSIZE,Loggi,Fri Aug 14 2026 04:00:00 GMT-0300 (Brasilia Standard Time),22
BRXSP10,OVERSIZE,Loggi,Sat Aug 15 2026 04:00:00 GMT-0300 (Brasilia Standard Time),29
BRXSP10,OVERSIZE,Loggi,Tue Aug 18 2026 04:00:00 GMT-0300 (Brasilia Standard Time),16
BRXSP10,OVERSIZE,Loggi,Wed Aug 19 2026 04:00:00 GMT-0300 (Brasilia Standard Time),4
BRXSP10,OVERSIZE,Loggi,Thu Aug 20 2026 04:00:00 GMT-0300 (Brasilia Standard Time),8
BRXSP10,OVERSIZE,Loggi,Fri Aug 21 2026 04:00:00 GMT-0300 (Brasilia Standard Time),16
BRXSP10,OVERSIZE,Loggi,Sat Aug 22 2026 04:00:00 GMT-0300 (Brasilia Standard Time),2
BRXSP10,OVERSIZE,Loggi,Tue Aug 25 2026 04:00:00 GMT-0300 (Brasilia Standard Time),6
BRXSP14,GM,Carvalima,Wed Jul 29 2026 04:00:00 GMT-0300 (Brasilia Standard Time),1
BRXSP14,GM,Carvalima,Fri Jul 31 2026 04:00:00 GMT-0300 (Brasilia Standard Time),1
BRXSP14,GM,Jad,Thu Jul 30 2026 04:00:00 GMT-0300 (Brasilia Standard Time),2
BRXSP14,GM,Jad,Fri Jul 31 2026 04:00:00 GMT-0300 (Brasilia Standard Time),1
BRXSP14,GM,Jad,Tue Aug 04 2026 04:00:00 GMT-0300 (Brasilia Standard Time),1
BRXSP14,GM,Loggi,Wed Jul 29 2026 04:00:00 GMT-0300 (Brasilia Standard Time),1
BRXSP14,GM,Loggi,Tue Aug 04 2026 04:00:00 GMT-0300 (Brasilia Standard Time),1
BRXSP14,GM,Loggi,Wed Aug 05 2026 04:00:00 GMT-0300 (Brasilia Standard Time),1
BRXSP14,LARGE,Carvalima,Wed Jul 29 2026 04:00:00 GMT-0300 (Brasilia Standard Time),1
BRXSP14,LARGE,Dominalog,Thu Aug 06 2026 04:00:00 GMT-0300 (Brasilia Standard Time),1
BRXSP14,LARGE,Jad,Tue Jul 28 2026 04:00:00 GMT-0300 (Brasilia Standard Time),3
BRXSP14,LARGE,Jad,Sat Aug 01 2026 04:00:00 GMT-0300 (Brasilia Standard Time),2
BRXSP14,LARGE,Jad,Tue Aug 04 2026 04:00:00 GMT-0300 (Brasilia Standard Time),2
BRXSP14,LARGE,Loggi,Tue Jul 28 2026 04:00:00 GMT-0300 (Brasilia Standard Time),1
BRXSP14,LARGE,Loggi,Wed Jul 29 2026 04:00:00 GMT-0300 (Brasilia Standard Time),1
BRXSP14,LARGE,Loggi,Sat Aug 01 2026 04:00:00 GMT-0300 (Brasilia Standard Time),2
BRXSP16,GM,J&T Nodos,Mon Jul 27 2026 04:00:00 GMT-0300 (Brasilia Standard Time),1
BRXSP16,GM,J&T Nodos,Fri Jul 31 2026 04:00:00 GMT-0300 (Brasilia Standard Time),1
BRXSP16,GM,J&T Nodos,Sat Aug 01 2026 04:00:00 GMT-0300 (Brasilia Standard Time),2
BRXSP16,GM,J&T Nodos,Mon Aug 03 2026 04:00:00 GMT-0300 (Brasilia Standard Time),4
BRXSP16,GM,J&T Nodos,Thu Aug 06 2026 04:00:00 GMT-0300 (Brasilia Standard Time),1
BRXSP16,GM,J&T Nodos,Fri Aug 07 2026 04:00:00 GMT-0300 (Brasilia Standard Time),3
BRXSP16,GM,J&T Nodos,Sat Aug 08 2026 04:00:00 GMT-0300 (Brasilia Standard Time),1
BRXSP16,GM,Jad,Thu Jul 30 2026 04:00:00 GMT-0300 (Brasilia Standard Time),1
BRXSP16,GM,Loggi,Sat Jul 25 2026 04:00:00 GMT-0300 (Brasilia Standard Time),1
BRXSP16,GM,Loggi,Tue Aug 04 2026 04:00:00 GMT-0300 (Brasilia Standard Time),3
BRXSP16,LARGE,Jad,Tue Jul 28 2026 04:00:00 GMT-0300 (Brasilia Standard Time),2
BRXSP16,LARGE,Jad,Fri Jul 31 2026 04:00:00 GMT-0300 (Brasilia Standard Time),1
BRXSP16,LARGE,Loggi,Sat Jul 25 2026 04:00:00 GMT-0300 (Brasilia Standard Time),1
BRXSP16,LARGE,Loggi,Fri Jul 31 2026 04:00:00 GMT-0300 (Brasilia Standard Time),1
BRXSP16,LARGE,Loggi,Tue Aug 04 2026 04:00:00 GMT-0300 (Brasilia Standard Time),3
BRXSP16,LARGE,Loggi,Wed Aug 05 2026 04:00:00 GMT-0300 (Brasilia Standard Time),2
BRXSP16,OVERSIZE,Jad,Tue Jul 28 2026 04:00:00 GMT-0300 (Brasilia Standard Time),1
BRXSP16,OVERSIZE,Jad,Tue Aug 04 2026 04:00:00 GMT-0300 (Brasilia Standard Time),1
BRXSP17,GM,J&T Slow,Sat Jul 25 2026 04:00:00 GMT-0300 (Brasilia Standard Time),22
BRXSP17,GM,J&T Slow,Mon Jul 27 2026 04:00:00 GMT-0300 (Brasilia Standard Time),9
BRXSP17,GM,J&T Slow,Tue Jul 28 2026 04:00:00 GMT-0300 (Brasilia Standard Time),28
BRXSP17,GM,J&T Slow,Wed Jul 29 2026 04:00:00 GMT-0300 (Brasilia Standard Time),11
BRXSP17,GM,Jad,Sat Jul 25 2026 04:00:00 GMT-0300 (Brasilia Standard Time),1
BRXSP17,GM,Jad,Mon Jul 27 2026 04:00:00 GMT-0300 (Brasilia Standard Time),1
BRXSP17,GM,Jad,Tue Jul 28 2026 04:00:00 GMT-0300 (Brasilia Standard Time),1
BRXSP17,GM,Jad,Mon Aug 10 2026 04:00:00 GMT-0300 (Brasilia Standard Time),1
BRXSP17,GM,Loggi,Fri Jul 24 2026 04:00:00 GMT-0300 (Brasilia Standard Time),2
BRXSP17,GM,Loggi,Sat Jul 25 2026 04:00:00 GMT-0300 (Brasilia Standard Time),10
BRXSP17,GM,Loggi,Mon Jul 27 2026 04:00:00 GMT-0300 (Brasilia Standard Time),7
BRXSP17,GM,Loggi,Tue Jul 28 2026 04:00:00 GMT-0300 (Brasilia Standard Time),1
BRXSP17,GM,Loggi,Wed Jul 29 2026 04:00:00 GMT-0300 (Brasilia Standard Time),1
BRXSP17,GM,Loggi,Thu Jul 30 2026 04:00:00 GMT-0300 (Brasilia Standard Time),1
BRXSP17,GM,Loggi,Fri Jul 31 2026 04:00:00 GMT-0300 (Brasilia Standard Time),1
BRXSP17,GM,Loggi,Mon Aug 03 2026 04:00:00 GMT-0300 (Brasilia Standard Time),2
BRXSP17,GM,Loggi,Tue Aug 04 2026 04:00:00 GMT-0300 (Brasilia Standard Time),2
BRXSP17,GM,Loggi,Wed Aug 05 2026 04:00:00 GMT-0300 (Brasilia Standard Time),1
BRXSP17,GM,Loggi,Fri Aug 07 2026 04:00:00 GMT-0300 (Brasilia Standard Time),1
BRXSP17,GM,Loggi,Tue Aug 11 2026 04:00:00 GMT-0300 (Brasilia Standard Time),1
BRXSP17,LARGE,Dominalog,Fri Jul 24 2026 04:00:00 GMT-0300 (Brasilia Standard Time),1
BRXSP17,LARGE,Dominalog,Sat Jul 25 2026 04:00:00 GMT-0300 (Brasilia Standard Time),1
BRXSP17,LARGE,Dominalog,Mon Jul 27 2026 04:00:00 GMT-0300 (Brasilia Standard Time),1
BRXSP17,LARGE,Dominalog,Tue Jul 28 2026 04:00:00 GMT-0300 (Brasilia Standard Time),1
BRXSP17,LARGE,Dominalog,Wed Jul 29 2026 04:00:00 GMT-0300 (Brasilia Standard Time),1
BRXSP17,LARGE,Dominalog,Thu Jul 30 2026 04:00:00 GMT-0300 (Brasilia Standard Time),1
BRXSP17,LARGE,Dominalog,Mon Aug 03 2026 04:00:00 GMT-0300 (Brasilia Standard Time),2
BRXSP17,LARGE,Dominalog,Wed Aug 05 2026 04:00:00 GMT-0300 (Brasilia Standard Time),1
BRXSP17,LARGE,Jad,Fri Jul 24 2026 04:00:00 GMT-0300 (Brasilia Standard Time),1
BRXSP17,LARGE,Jad,Sat Jul 25 2026 04:00:00 GMT-0300 (Brasilia Standard Time),1
BRXSP17,LARGE,Jad,Mon Jul 27 2026 04:00:00 GMT-0300 (Brasilia Standard Time),3
BRXSP17,LARGE,Jad,Fri Jul 31 2026 04:00:00 GMT-0300 (Brasilia Standard Time),1
BRXSP17,LARGE,Jad,Mon Aug 10 2026 04:00:00 GMT-0300 (Brasilia Standard Time),1
BRXSP17,LARGE,Loggi,Fri Jul 24 2026 04:00:00 GMT-0300 (Brasilia Standard Time),1
BRXSP17,LARGE,Loggi,Mon Jul 27 2026 04:00:00 GMT-0300 (Brasilia Standard Time),1
BRXSP17,OVERSIZE,Dominalog,Fri Jul 24 2026 04:00:00 GMT-0300 (Brasilia Standard Time),2
BRXSP17,OVERSIZE,Dominalog,Sat Jul 25 2026 04:00:00 GMT-0300 (Brasilia Standard Time),2
BRXSP17,OVERSIZE,Dominalog,Mon Jul 27 2026 04:00:00 GMT-0300 (Brasilia Standard Time),1
BRXSP17,OVERSIZE,Jad,Sat Jul 25 2026 04:00:00 GMT-0300 (Brasilia Standard Time),1
BRXSP18,GM,J&T Nodos,Mon Jul 27 2026 04:00:00 GMT-0300 (Brasilia Standard Time),1
BRXSP18,GM,Loggi,Sat Jul 25 2026 04:00:00 GMT-0300 (Brasilia Standard Time),1
BRXSP18,GM,Loggi,Tue Jul 28 2026 04:00:00 GMT-0300 (Brasilia Standard Time),2
BRXSP18,GM,Loggi,Thu Jul 30 2026 04:00:00 GMT-0300 (Brasilia Standard Time),1
BRXSP18,GM,Loggi,Tue Aug 04 2026 04:00:00 GMT-0300 (Brasilia Standard Time),2
BRXSP18,LARGE,Jad,Thu Jul 30 2026 04:00:00 GMT-0300 (Brasilia Standard Time),2
BRXSP18,LARGE,Jad,Fri Jul 31 2026 04:00:00 GMT-0300 (Brasilia Standard Time),7
BRXSP18,LARGE,Jad,Sat Aug 01 2026 04:00:00 GMT-0300 (Brasilia Standard Time),2
BRXSP18,LARGE,Jad,Tue Aug 04 2026 04:00:00 GMT-0300 (Brasilia Standard Time),8
BRXSP18,LARGE,Jad,Wed Aug 05 2026 04:00:00 GMT-0300 (Brasilia Standard Time),2
BRXSP18,LARGE,Loggi,Fri Jul 24 2026 04:00:00 GMT-0300 (Brasilia Standard Time),1
BRXSP18,LARGE,Loggi,Sat Jul 25 2026 04:00:00 GMT-0300 (Brasilia Standard Time),1
BRXSP18,LARGE,Loggi,Wed Aug 05 2026 04:00:00 GMT-0300 (Brasilia Standard Time),1
BRXSP23,GM,Dominalog,Mon Jul 27 2026 04:00:00 GMT-0300 (Brasilia Standard Time),1
BRXSP23,GM,Dominalog,Tue Aug 04 2026 04:00:00 GMT-0300 (Brasilia Standard Time),1
BRXSP23,GM,Imile Fast,Tue Jul 21 2026 04:00:00 GMT-0300 (Brasilia Standard Time),1
BRXSP23,GM,Imile Fast,Wed Jul 22 2026 04:00:00 GMT-0300 (Brasilia Standard Time),2
BRXSP23,GM,Imile Fast,Thu Jul 23 2026 04:00:00 GMT-0300 (Brasilia Standard Time),1
BRXSP23,GM,Imile Fast,Sat Jul 25 2026 04:00:00 GMT-0300 (Brasilia Standard Time),2
BRXSP23,GM,Imile Fast,Mon Jul 27 2026 04:00:00 GMT-0300 (Brasilia Standard Time),12
BRXSP23,GM,Imile Fast,Tue Jul 28 2026 04:00:00 GMT-0300 (Brasilia Standard Time),7
BRXSP23,GM,Imile Fast,Mon Aug 03 2026 04:00:00 GMT-0300 (Brasilia Standard Time),1
BRXSP23,GM,J&T Nodos,Wed Jul 29 2026 04:00:00 GMT-0300 (Brasilia Standard Time),2
BRXSP23,GM,J&T Nodos,Thu Jul 30 2026 04:00:00 GMT-0300 (Brasilia Standard Time),1
BRXSP23,GM,J&T Nodos,Fri Jul 31 2026 04:00:00 GMT-0300 (Brasilia Standard Time),7
BRXSP23,GM,J&T Nodos,Sat Aug 01 2026 04:00:00 GMT-0300 (Brasilia Standard Time),1
BRXSP23,GM,J&T Slow,Tue Jul 21 2026 04:00:00 GMT-0300 (Brasilia Standard Time),73
BRXSP23,GM,J&T Slow,Wed Jul 22 2026 04:00:00 GMT-0300 (Brasilia Standard Time),215
BRXSP23,GM,J&T Slow,Thu Jul 23 2026 04:00:00 GMT-0300 (Brasilia Standard Time),490
BRXSP23,GM,J&T Slow,Fri Jul 24 2026 04:00:00 GMT-0300 (Brasilia Standard Time),464
BRXSP23,GM,J&T Slow,Sat Jul 25 2026 04:00:00 GMT-0300 (Brasilia Standard Time),186
BRXSP23,GM,J&T Slow,Mon Jul 27 2026 04:00:00 GMT-0300 (Brasilia Standard Time),745
BRXSP23,GM,J&T Slow,Tue Jul 28 2026 04:00:00 GMT-0300 (Brasilia Standard Time),475
BRXSP23,GM,J&T Slow,Wed Jul 29 2026 04:00:00 GMT-0300 (Brasilia Standard Time),2644
BRXSP23,GM,J&T Slow,Thu Jul 30 2026 04:00:00 GMT-0300 (Brasilia Standard Time),5494
BRXSP23,GM,J&T Slow,Fri Jul 31 2026 04:00:00 GMT-0300 (Brasilia Standard Time),6760
BRXSP23,GM,J&T Slow,Sat Aug 01 2026 04:00:00 GMT-0300 (Brasilia Standard Time),7697
BRXSP23,GM,J&T Slow,Mon Aug 03 2026 04:00:00 GMT-0300 (Brasilia Standard Time),8356
BRXSP23,GM,J&T Slow,Tue Aug 04 2026 04:00:00 GMT-0300 (Brasilia Standard Time),8119
BRXSP23,GM,J&T Slow,Wed Aug 05 2026 04:00:00 GMT-0300 (Brasilia Standard Time),12176
BRXSP23,GM,J&T Slow,Thu Aug 06 2026 04:00:00 GMT-0300 (Brasilia Standard Time),12602
BRXSP23,GM,J&T Slow,Fri Aug 07 2026 04:00:00 GMT-0300 (Brasilia Standard Time),24263
BRXSP23,GM,J&T Slow,Sat Aug 08 2026 04:00:00 GMT-0300 (Brasilia Standard Time),25132
BRXSP23,GM,J&T Slow,Mon Aug 10 2026 04:00:00 GMT-0300 (Brasilia Standard Time),50905
BRXSP23,GM,J&T Slow,Tue Aug 11 2026 04:00:00 GMT-0300 (Brasilia Standard Time),42413
BRXSP23,GM,J&T Slow,Wed Aug 12 2026 04:00:00 GMT-0300 (Brasilia Standard Time),56923
BRXSP23,GM,J&T Slow,Thu Aug 13 2026 04:00:00 GMT-0300 (Brasilia Standard Time),34773
BRXSP23,GM,J&T Slow,Fri Aug 14 2026 04:00:00 GMT-0300 (Brasilia Standard Time),47886
BRXSP23,GM,J&T Slow,Sat Aug 15 2026 04:00:00 GMT-0300 (Brasilia Standard Time),75812
BRXSP23,GM,J&T Slow,Mon Aug 17 2026 04:00:00 GMT-0300 (Brasilia Standard Time),109948
BRXSP23,GM,J&T Slow,Tue Aug 18 2026 04:00:00 GMT-0300 (Brasilia Standard Time),34069
BRXSP23,GM,J&T Slow,Wed Aug 19 2026 04:00:00 GMT-0300 (Brasilia Standard Time),28871
BRXSP23,GM,J&T Slow,Thu Aug 20 2026 04:00:00 GMT-0300 (Brasilia Standard Time),18777
BRXSP23,GM,J&T Slow,Fri Aug 21 2026 04:00:00 GMT-0300 (Brasilia Standard Time),19477
BRXSP23,GM,J&T Slow,Sat Aug 22 2026 04:00:00 GMT-0300 (Brasilia Standard Time),36460
BRXSP23,GM,J&T Slow,Mon Aug 24 2026 04:00:00 GMT-0300 (Brasilia Standard Time),28194
BRXSP23,GM,J&T Slow,Tue Aug 25 2026 04:00:00 GMT-0300 (Brasilia Standard Time),49
BRXSP23,GM,J&T Slow,Wed Aug 26 2026 04:00:00 GMT-0300 (Brasilia Standard Time),12
BRXSP23,GM,J&T Slow,Thu Aug 27 2026 04:00:00 GMT-0300 (Brasilia Standard Time),33
BRXSP23,GM,J&T Slow,Fri Aug 28 2026 04:00:00 GMT-0300 (Brasilia Standard Time),100
BRXSP23,GM,J&T Slow,Sat Aug 29 2026 04:00:00 GMT-0300 (Brasilia Standard Time),7
BRXSP23,GM,Jad,Thu Jul 30 2026 04:00:00 GMT-0300 (Brasilia Standard Time),1
BRXSP23,GM,Jad,Mon Aug 03 2026 04:00:00 GMT-0300 (Brasilia Standard Time),2
BRXSP23,GM,Loggi,Wed Jul 22 2026 04:00:00 GMT-0300 (Brasilia Standard Time),5
BRXSP23,GM,Loggi,Fri Jul 24 2026 04:00:00 GMT-0300 (Brasilia Standard Time),1
BRXSP23,GM,Loggi,Sat Jul 25 2026 04:00:00 GMT-0300 (Brasilia Standard Time),1
BRXSP23,GM,Loggi,Mon Jul 27 2026 04:00:00 GMT-0300 (Brasilia Standard Time),14
BRXSP23,GM,Loggi,Tue Jul 28 2026 04:00:00 GMT-0300 (Brasilia Standard Time),1
BRXSP23,GM,Loggi,Wed Jul 29 2026 04:00:00 GMT-0300 (Brasilia Standard Time),5
BRXSP23,GM,Loggi,Thu Jul 30 2026 04:00:00 GMT-0300 (Brasilia Standard Time),3
BRXSP23,GM,Loggi,Fri Jul 31 2026 04:00:00 GMT-0300 (Brasilia Standard Time),1
BRXSP23,GM,Loggi,Mon Aug 03 2026 04:00:00 GMT-0300 (Brasilia Standard Time),7
BRXSP23,GM,Loggi,Tue Aug 04 2026 04:00:00 GMT-0300 (Brasilia Standard Time),1
BRXSP23,LARGE,Dominalog,Mon Jul 27 2026 04:00:00 GMT-0300 (Brasilia Standard Time),1
BRXSP23,LARGE,Dominalog,Thu Jul 30 2026 04:00:00 GMT-0300 (Brasilia Standard Time),1
BRXSP23,LARGE,Dominalog,Fri Jul 31 2026 04:00:00 GMT-0300 (Brasilia Standard Time),1
BRXSP23,LARGE,Dominalog,Wed Aug 05 2026 04:00:00 GMT-0300 (Brasilia Standard Time),1
BRXSP23,LARGE,Dominalog,Fri Aug 07 2026 04:00:00 GMT-0300 (Brasilia Standard Time),1
BRXSP23,LARGE,J&T Slow,Mon Jul 27 2026 04:00:00 GMT-0300 (Brasilia Standard Time),1
BRXSP23,LARGE,J&T Slow,Tue Jul 28 2026 04:00:00 GMT-0300 (Brasilia Standard Time),1
BRXSP23,LARGE,J&T Slow,Thu Jul 30 2026 04:00:00 GMT-0300 (Brasilia Standard Time),2
BRXSP23,LARGE,J&T Slow,Fri Jul 31 2026 04:00:00 GMT-0300 (Brasilia Standard Time),1
BRXSP23,LARGE,J&T Slow,Sat Aug 01 2026 04:00:00 GMT-0300 (Brasilia Standard Time),4
BRXSP23,LARGE,J&T Slow,Mon Aug 03 2026 04:00:00 GMT-0300 (Brasilia Standard Time),3
BRXSP23,LARGE,J&T Slow,Tue Aug 04 2026 04:00:00 GMT-0300 (Brasilia Standard Time),1
BRXSP23,LARGE,J&T Slow,Wed Aug 05 2026 04:00:00 GMT-0300 (Brasilia Standard Time),1
BRXSP23,LARGE,J&T Slow,Thu Aug 06 2026 04:00:00 GMT-0300 (Brasilia Standard Time),1
BRXSP23,LARGE,J&T Slow,Fri Aug 07 2026 04:00:00 GMT-0300 (Brasilia Standard Time),8
BRXSP23,LARGE,J&T Slow,Sat Aug 08 2026 04:00:00 GMT-0300 (Brasilia Standard Time),8
BRXSP23,LARGE,J&T Slow,Mon Aug 10 2026 04:00:00 GMT-0300 (Brasilia Standard Time),10
BRXSP23,LARGE,J&T Slow,Tue Aug 11 2026 04:00:00 GMT-0300 (Brasilia Standard Time),5
BRXSP23,LARGE,J&T Slow,Wed Aug 12 2026 04:00:00 GMT-0300 (Brasilia Standard Time),11
BRXSP23,LARGE,J&T Slow,Thu Aug 13 2026 04:00:00 GMT-0300 (Brasilia Standard Time),10
BRXSP23,LARGE,J&T Slow,Fri Aug 14 2026 04:00:00 GMT-0300 (Brasilia Standard Time),10
BRXSP23,LARGE,J&T Slow,Sat Aug 15 2026 04:00:00 GMT-0300 (Brasilia Standard Time),28
BRXSP23,LARGE,J&T Slow,Mon Aug 17 2026 04:00:00 GMT-0300 (Brasilia Standard Time),38
BRXSP23,LARGE,J&T Slow,Tue Aug 18 2026 04:00:00 GMT-0300 (Brasilia Standard Time),17
BRXSP23,LARGE,J&T Slow,Wed Aug 19 2026 04:00:00 GMT-0300 (Brasilia Standard Time),16
BRXSP23,LARGE,J&T Slow,Thu Aug 20 2026 04:00:00 GMT-0300 (Brasilia Standard Time),15
BRXSP23,LARGE,J&T Slow,Fri Aug 21 2026 04:00:00 GMT-0300 (Brasilia Standard Time),1
BRXSP23,LARGE,J&T Slow,Sat Aug 22 2026 04:00:00 GMT-0300 (Brasilia Standard Time),21
BRXSP23,LARGE,J&T Slow,Mon Aug 24 2026 04:00:00 GMT-0300 (Brasilia Standard Time),7
BRXSP23,LARGE,Jad,Tue Jul 28 2026 04:00:00 GMT-0300 (Brasilia Standard Time),3
BRXSP23,LARGE,Jad,Wed Jul 29 2026 04:00:00 GMT-0300 (Brasilia Standard Time),1
BRXSP23,LARGE,Loggi,Mon Jul 27 2026 04:00:00 GMT-0300 (Brasilia Standard Time),1
BRXSP23,LARGE,Loggi,Sat Aug 01 2026 04:00:00 GMT-0300 (Brasilia Standard Time),2
BRXSP23,NA,J&T Slow,Fri Jul 31 2026 04:00:00 GMT-0300 (Brasilia Standard Time),15
BRXSP23,NA,J&T Slow,Sat Aug 01 2026 04:00:00 GMT-0300 (Brasilia Standard Time),51
BRXSP23,NA,J&T Slow,Mon Aug 03 2026 04:00:00 GMT-0300 (Brasilia Standard Time),103
BRXSP23,NA,J&T Slow,Tue Aug 04 2026 04:00:00 GMT-0300 (Brasilia Standard Time),92
BRXSP23,NA,J&T Slow,Wed Aug 05 2026 04:00:00 GMT-0300 (Brasilia Standard Time),34
BRXSP23,NA,J&T Slow,Thu Aug 06 2026 04:00:00 GMT-0300 (Brasilia Standard Time),1227
BRXSP23,NA,J&T Slow,Fri Aug 07 2026 04:00:00 GMT-0300 (Brasilia Standard Time),624
BRXSP23,NA,J&T Slow,Sat Aug 08 2026 04:00:00 GMT-0300 (Brasilia Standard Time),806
BRXSP23,NA,J&T Slow,Mon Aug 10 2026 04:00:00 GMT-0300 (Brasilia Standard Time),5740
BRXSP23,NA,J&T Slow,Tue Aug 11 2026 04:00:00 GMT-0300 (Brasilia Standard Time),3302
BRXSP23,NA,J&T Slow,Wed Aug 12 2026 04:00:00 GMT-0300 (Brasilia Standard Time),2878
BRXSP23,NA,J&T Slow,Thu Aug 13 2026 04:00:00 GMT-0300 (Brasilia Standard Time),2937
BRXSP23,NA,J&T Slow,Fri Aug 14 2026 04:00:00 GMT-0300 (Brasilia Standard Time),1865
BRXSP23,NA,J&T Slow,Sat Aug 15 2026 04:00:00 GMT-0300 (Brasilia Standard Time),2235
BRXSP23,NA,J&T Slow,Mon Aug 17 2026 04:00:00 GMT-0300 (Brasilia Standard Time),3484
BRXSP23,NA,J&T Slow,Tue Aug 18 2026 04:00:00 GMT-0300 (Brasilia Standard Time),2106
BRXSP23,NA,J&T Slow,Wed Aug 19 2026 04:00:00 GMT-0300 (Brasilia Standard Time),2831
BRXSP23,NA,J&T Slow,Thu Aug 20 2026 04:00:00 GMT-0300 (Brasilia Standard Time),3345
BRXSP23,NA,J&T Slow,Fri Aug 21 2026 04:00:00 GMT-0300 (Brasilia Standard Time),1290
BRXSP23,NA,J&T Slow,Sat Aug 22 2026 04:00:00 GMT-0300 (Brasilia Standard Time),38
BRXSP23,NA,J&T Slow,Mon Aug 24 2026 04:00:00 GMT-0300 (Brasilia Standard Time),2872
BRXSP23,NA,J&T Slow,Thu Aug 27 2026 04:00:00 GMT-0300 (Brasilia Standard Time),3
BRXSP23,NA,J&T Slow,Fri Aug 28 2026 04:00:00 GMT-0300 (Brasilia Standard Time),7
BRXSP23,NA,J&T Slow,Sat Aug 29 2026 04:00:00 GMT-0300 (Brasilia Standard Time),2
BRXSP23,NA,Loggi,Wed Jul 29 2026 04:00:00 GMT-0300 (Brasilia Standard Time),1
BRXSP23,OVERSIZE,J&T Slow,Wed Aug 12 2026 04:00:00 GMT-0300 (Brasilia Standard Time),2
BRXSP23,OVERSIZE,J&T Slow,Mon Aug 17 2026 04:00:00 GMT-0300 (Brasilia Standard Time),1
BRXSP23,OVERSIZE,J&T Slow,Wed Aug 19 2026 04:00:00 GMT-0300 (Brasilia Standard Time),1
BRXSP23,OVERSIZE,J&T Slow,Fri Aug 21 2026 04:00:00 GMT-0300 (Brasilia Standard Time),1
BRXSP23,OVERSIZE,J&T Slow,Sat Aug 22 2026 04:00:00 GMT-0300 (Brasilia Standard Time),1
BRXSP23,OVERSIZE,J&T Slow,Mon Aug 24 2026 04:00:00 GMT-0300 (Brasilia Standard Time),2
BRXSP23,OVERSIZE,Jad,Mon Jul 27 2026 04:00:00 GMT-0300 (Brasilia Standard Time),1
BRXSP23,OVERSIZE,Jad,Tue Aug 04 2026 04:00:00 GMT-0300 (Brasilia Standard Time),1
BRXSP24,GM,Dominalog,Thu Aug 06 2026 04:00:00 GMT-0300 (Brasilia Standard Time),1
BRXSP24,GM,Dominalog,Fri Aug 14 2026 04:00:00 GMT-0300 (Brasilia Standard Time),1
BRXSP24,GM,Dominalog,Sat Aug 15 2026 04:00:00 GMT-0300 (Brasilia Standard Time),20
BRXSP24,GM,Dominalog,Mon Aug 17 2026 04:00:00 GMT-0300 (Brasilia Standard Time),97
BRXSP24,GM,Dominalog,Tue Aug 18 2026 04:00:00 GMT-0300 (Brasilia Standard Time),25
BRXSP24,GM,Dominalog,Wed Aug 19 2026 04:00:00 GMT-0300 (Brasilia Standard Time),27
BRXSP24,GM,Dominalog,Thu Aug 20 2026 04:00:00 GMT-0300 (Brasilia Standard Time),24
BRXSP24,GM,Dominalog,Fri Aug 21 2026 04:00:00 GMT-0300 (Brasilia Standard Time),11
BRXSP24,GM,Dominalog,Mon Aug 24 2026 04:00:00 GMT-0300 (Brasilia Standard Time),1
BRXSP24,GM,Dominalog,Fri Aug 28 2026 04:00:00 GMT-0300 (Brasilia Standard Time),1
BRXSP24,GM,Imile Fast,Thu Aug 13 2026 04:00:00 GMT-0300 (Brasilia Standard Time),413
BRXSP24,GM,Imile Fast,Fri Aug 14 2026 04:00:00 GMT-0300 (Brasilia Standard Time),1074
BRXSP24,GM,Imile Fast,Sat Aug 15 2026 04:00:00 GMT-0300 (Brasilia Standard Time),1871
BRXSP24,GM,Imile Fast,Mon Aug 17 2026 04:00:00 GMT-0300 (Brasilia Standard Time),3381
BRXSP24,GM,Imile Fast,Tue Aug 18 2026 04:00:00 GMT-0300 (Brasilia Standard Time),2419
BRXSP24,GM,Imile Fast,Wed Aug 19 2026 04:00:00 GMT-0300 (Brasilia Standard Time),1615
BRXSP24,GM,Imile Fast,Thu Aug 20 2026 04:00:00 GMT-0300 (Brasilia Standard Time),598
BRXSP24,GM,Imile Fast,Fri Aug 21 2026 04:00:00 GMT-0300 (Brasilia Standard Time),252
BRXSP24,GM,Imile Fast,Sat Aug 22 2026 04:00:00 GMT-0300 (Brasilia Standard Time),107
BRXSP24,GM,Imile Fast,Mon Aug 24 2026 04:00:00 GMT-0300 (Brasilia Standard Time),294
BRXSP24,GM,Imile Fast,Tue Aug 25 2026 04:00:00 GMT-0300 (Brasilia Standard Time),11
BRXSP24,GM,Imile Fast,Wed Aug 26 2026 04:00:00 GMT-0300 (Brasilia Standard Time),92
BRXSP24,GM,Imile Fast,Thu Aug 27 2026 04:00:00 GMT-0300 (Brasilia Standard Time),16
BRXSP24,GM,Imile Fast,Fri Aug 28 2026 04:00:00 GMT-0300 (Brasilia Standard Time),8
BRXSP24,GM,Imile Fast,Sat Aug 29 2026 04:00:00 GMT-0300 (Brasilia Standard Time),6
BRXSP24,GM,Imile Fast,Mon Aug 31 2026 04:00:00 GMT-0300 (Brasilia Standard Time),3
BRXSP24,GM,Imile Fast,Tue Sep 01 2026 04:00:00 GMT-0300 (Brasilia Standard Time),4
BRXSP24,GM,Imile Slow,Thu Aug 13 2026 04:00:00 GMT-0300 (Brasilia Standard Time),2464
BRXSP24,GM,Imile Slow,Fri Aug 14 2026 04:00:00 GMT-0300 (Brasilia Standard Time),2453
BRXSP24,GM,Imile Slow,Sat Aug 15 2026 04:00:00 GMT-0300 (Brasilia Standard Time),1594
BRXSP24,GM,Imile Slow,Mon Aug 17 2026 04:00:00 GMT-0300 (Brasilia Standard Time),1806
BRXSP24,GM,Imile Slow,Tue Aug 18 2026 04:00:00 GMT-0300 (Brasilia Standard Time),2574
BRXSP24,GM,Imile Slow,Wed Aug 19 2026 04:00:00 GMT-0300 (Brasilia Standard Time),3237
BRXSP24,GM,Imile Slow,Thu Aug 20 2026 04:00:00 GMT-0300 (Brasilia Standard Time),2559
BRXSP24,GM,Imile Slow,Fri Aug 21 2026 04:00:00 GMT-0300 (Brasilia Standard Time),1548
BRXSP24,GM,Imile Slow,Sat Aug 22 2026 04:00:00 GMT-0300 (Brasilia Standard Time),1495
BRXSP24,GM,Imile Slow,Mon Aug 24 2026 04:00:00 GMT-0300 (Brasilia Standard Time),1001
BRXSP24,GM,Imile Slow,Tue Aug 25 2026 04:00:00 GMT-0300 (Brasilia Standard Time),376
BRXSP24,GM,Imile Slow,Wed Aug 26 2026 04:00:00 GMT-0300 (Brasilia Standard Time),804
BRXSP24,GM,Imile Slow,Thu Aug 27 2026 04:00:00 GMT-0300 (Brasilia Standard Time),145
BRXSP24,GM,Imile Slow,Fri Aug 28 2026 04:00:00 GMT-0300 (Brasilia Standard Time),44
BRXSP24,GM,Imile Slow,Sat Aug 29 2026 04:00:00 GMT-0300 (Brasilia Standard Time),37
BRXSP24,GM,Imile Slow,Mon Aug 31 2026 04:00:00 GMT-0300 (Brasilia Standard Time),4
BRXSP24,GM,Imile Slow,Tue Sep 01 2026 04:00:00 GMT-0300 (Brasilia Standard Time),3
BRXSP24,GM,J&T Fast,Sat Aug 08 2026 04:00:00 GMT-0300 (Brasilia Standard Time),1
BRXSP24,GM,J&T Fast,Mon Aug 10 2026 04:00:00 GMT-0300 (Brasilia Standard Time),2
BRXSP24,GM,J&T Fast,Mon Aug 17 2026 04:00:00 GMT-0300 (Brasilia Standard Time),2
BRXSP24,GM,J&T Fast,Tue Aug 18 2026 04:00:00 GMT-0300 (Brasilia Standard Time),2
BRXSP24,GM,J&T Slow,Fri Aug 07 2026 04:00:00 GMT-0300 (Brasilia Standard Time),4
BRXSP24,GM,J&T Slow,Sat Aug 15 2026 04:00:00 GMT-0300 (Brasilia Standard Time),1
BRXSP24,GM,J&T Slow,Mon Aug 17 2026 04:00:00 GMT-0300 (Brasilia Standard Time),1
BRXSP24,GM,J&T Slow,Tue Aug 18 2026 04:00:00 GMT-0300 (Brasilia Standard Time),1
BRXSP24,GM,Jad,Thu Jul 23 2026 04:00:00 GMT-0300 (Brasilia Standard Time),1
BRXSP24,GM,Jad,Wed Aug 05 2026 04:00:00 GMT-0300 (Brasilia Standard Time),1
BRXSP24,GM,Jad,Thu Aug 06 2026 04:00:00 GMT-0300 (Brasilia Standard Time),1
BRXSP24,GM,Jad,Fri Aug 14 2026 04:00:00 GMT-0300 (Brasilia Standard Time),195
BRXSP24,GM,Jad,Sat Aug 15 2026 04:00:00 GMT-0300 (Brasilia Standard Time),721
BRXSP24,GM,Jad,Mon Aug 17 2026 04:00:00 GMT-0300 (Brasilia Standard Time),643
BRXSP24,GM,Jad,Tue Aug 18 2026 04:00:00 GMT-0300 (Brasilia Standard Time),1229
BRXSP24,GM,Jad,Wed Aug 19 2026 04:00:00 GMT-0300 (Brasilia Standard Time),474
BRXSP24,GM,Jad,Thu Aug 20 2026 04:00:00 GMT-0300 (Brasilia Standard Time),397
BRXSP24,GM,Jad,Fri Aug 21 2026 04:00:00 GMT-0300 (Brasilia Standard Time),230
BRXSP24,GM,Jad,Sat Aug 22 2026 04:00:00 GMT-0300 (Brasilia Standard Time),174
BRXSP24,GM,Jad,Mon Aug 24 2026 04:00:00 GMT-0300 (Brasilia Standard Time),135
BRXSP24,GM,Jad,Tue Aug 25 2026 04:00:00 GMT-0300 (Brasilia Standard Time),440
BRXSP24,GM,Jad,Wed Aug 26 2026 04:00:00 GMT-0300 (Brasilia Standard Time),3
BRXSP24,GM,Jad,Thu Aug 27 2026 04:00:00 GMT-0300 (Brasilia Standard Time),280
BRXSP24,GM,Jad,Fri Aug 28 2026 04:00:00 GMT-0300 (Brasilia Standard Time),14
BRXSP24,GM,Jad,Sat Aug 29 2026 04:00:00 GMT-0300 (Brasilia Standard Time),1
BRXSP24,GM,Jad,Mon Aug 31 2026 04:00:00 GMT-0300 (Brasilia Standard Time),8
BRXSP24,GM,Jad,Tue Sep 01 2026 04:00:00 GMT-0300 (Brasilia Standard Time),2
BRXSP24,GM,Loggi,Tue Aug 04 2026 04:00:00 GMT-0300 (Brasilia Standard Time),1
BRXSP24,GM,Loggi,Wed Aug 05 2026 04:00:00 GMT-0300 (Brasilia Standard Time),29
BRXSP24,GM,Loggi,Thu Aug 06 2026 04:00:00 GMT-0300 (Brasilia Standard Time),1650
BRXSP24,GM,Loggi,Fri Aug 07 2026 04:00:00 GMT-0300 (Brasilia Standard Time),3068
BRXSP24,GM,Loggi,Sat Aug 08 2026 04:00:00 GMT-0300 (Brasilia Standard Time),1537
BRXSP24,GM,Loggi,Mon Aug 10 2026 04:00:00 GMT-0300 (Brasilia Standard Time),3729
BRXSP24,GM,Loggi,Tue Aug 11 2026 04:00:00 GMT-0300 (Brasilia Standard Time),2294
BRXSP24,GM,Loggi,Wed Aug 12 2026 04:00:00 GMT-0300 (Brasilia Standard Time),3578
BRXSP24,GM,Loggi,Thu Aug 13 2026 04:00:00 GMT-0300 (Brasilia Standard Time),2026
BRXSP24,GM,Loggi,Fri Aug 14 2026 04:00:00 GMT-0300 (Brasilia Standard Time),2247
BRXSP24,GM,Loggi,Sat Aug 15 2026 04:00:00 GMT-0300 (Brasilia Standard Time),2671
BRXSP24,GM,Loggi,Mon Aug 17 2026 04:00:00 GMT-0300 (Brasilia Standard Time),2276
BRXSP24,GM,Loggi,Tue Aug 18 2026 04:00:00 GMT-0300 (Brasilia Standard Time),3830
BRXSP24,GM,Loggi,Wed Aug 19 2026 04:00:00 GMT-0300 (Brasilia Standard Time),1283
BRXSP24,GM,Loggi,Thu Aug 20 2026 04:00:00 GMT-0300 (Brasilia Standard Time),1245
BRXSP24,GM,Loggi,Fri Aug 21 2026 04:00:00 GMT-0300 (Brasilia Standard Time),541
BRXSP24,GM,Loggi,Sat Aug 22 2026 04:00:00 GMT-0300 (Brasilia Standard Time),129
BRXSP24,GM,Loggi,Mon Aug 24 2026 04:00:00 GMT-0300 (Brasilia Standard Time),58
BRXSP24,GM,Loggi,Tue Aug 25 2026 04:00:00 GMT-0300 (Brasilia Standard Time),25
BRXSP24,GM,Loggi,Wed Aug 26 2026 04:00:00 GMT-0300 (Brasilia Standard Time),9
BRXSP24,GM,Loggi,Thu Aug 27 2026 04:00:00 GMT-0300 (Brasilia Standard Time),16
BRXSP24,GM,Loggi,Fri Aug 28 2026 04:00:00 GMT-0300 (Brasilia Standard Time),26
BRXSP24,GM,Loggi,Sat Aug 29 2026 04:00:00 GMT-0300 (Brasilia Standard Time),6
BRXSP24,GM,Loggi,Mon Aug 31 2026 04:00:00 GMT-0300 (Brasilia Standard Time),17
BRXSP24,LARGE,Dominalog,Thu Jul 30 2026 04:00:00 GMT-0300 (Brasilia Standard Time),1
BRXSP24,LARGE,Dominalog,Thu Aug 06 2026 04:00:00 GMT-0300 (Brasilia Standard Time),1
BRXSP24,LARGE,Dominalog,Fri Aug 07 2026 04:00:00 GMT-0300 (Brasilia Standard Time),1
BRXSP24,LARGE,Dominalog,Fri Aug 14 2026 04:00:00 GMT-0300 (Brasilia Standard Time),46
BRXSP24,LARGE,Dominalog,Sat Aug 15 2026 04:00:00 GMT-0300 (Brasilia Standard Time),287
BRXSP24,LARGE,Dominalog,Mon Aug 17 2026 04:00:00 GMT-0300 (Brasilia Standard Time),1251
BRXSP24,LARGE,Dominalog,Tue Aug 18 2026 04:00:00 GMT-0300 (Brasilia Standard Time),236
BRXSP24,LARGE,Dominalog,Wed Aug 19 2026 04:00:00 GMT-0300 (Brasilia Standard Time),686
BRXSP24,LARGE,Dominalog,Thu Aug 20 2026 04:00:00 GMT-0300 (Brasilia Standard Time),929
BRXSP24,LARGE,Dominalog,Fri Aug 21 2026 04:00:00 GMT-0300 (Brasilia Standard Time),1066
BRXSP24,LARGE,Dominalog,Sat Aug 22 2026 04:00:00 GMT-0300 (Brasilia Standard Time),197
BRXSP24,LARGE,Dominalog,Mon Aug 24 2026 04:00:00 GMT-0300 (Brasilia Standard Time),89
BRXSP24,LARGE,Dominalog,Tue Aug 25 2026 04:00:00 GMT-0300 (Brasilia Standard Time),1
BRXSP24,LARGE,Dominalog,Wed Aug 26 2026 04:00:00 GMT-0300 (Brasilia Standard Time),47
BRXSP24,LARGE,Dominalog,Thu Aug 27 2026 04:00:00 GMT-0300 (Brasilia Standard Time),11
BRXSP24,LARGE,Dominalog,Fri Aug 28 2026 04:00:00 GMT-0300 (Brasilia Standard Time),3
BRXSP24,LARGE,Dominalog,Sat Aug 29 2026 04:00:00 GMT-0300 (Brasilia Standard Time),3
BRXSP24,LARGE,Dominalog,Mon Aug 31 2026 04:00:00 GMT-0300 (Brasilia Standard Time),3
BRXSP24,LARGE,Imile Fast,Thu Aug 13 2026 04:00:00 GMT-0300 (Brasilia Standard Time),14
BRXSP24,LARGE,Imile Fast,Fri Aug 14 2026 04:00:00 GMT-0300 (Brasilia Standard Time),54
BRXSP24,LARGE,Imile Fast,Sat Aug 15 2026 04:00:00 GMT-0300 (Brasilia Standard Time),112
BRXSP24,LARGE,Imile Fast,Mon Aug 17 2026 04:00:00 GMT-0300 (Brasilia Standard Time),296
BRXSP24,LARGE,Imile Fast,Tue Aug 18 2026 04:00:00 GMT-0300 (Brasilia Standard Time),329
BRXSP24,LARGE,Imile Fast,Wed Aug 19 2026 04:00:00 GMT-0300 (Brasilia Standard Time),229
BRXSP24,LARGE,Imile Fast,Thu Aug 20 2026 04:00:00 GMT-0300 (Brasilia Standard Time),103
BRXSP24,LARGE,Imile Fast,Fri Aug 21 2026 04:00:00 GMT-0300 (Brasilia Standard Time),38
BRXSP24,LARGE,Imile Fast,Sat Aug 22 2026 04:00:00 GMT-0300 (Brasilia Standard Time),13
BRXSP24,LARGE,Imile Fast,Mon Aug 24 2026 04:00:00 GMT-0300 (Brasilia Standard Time),24
BRXSP24,LARGE,Imile Fast,Tue Aug 25 2026 04:00:00 GMT-0300 (Brasilia Standard Time),2
BRXSP24,LARGE,Imile Fast,Wed Aug 26 2026 04:00:00 GMT-0300 (Brasilia Standard Time),1
BRXSP24,LARGE,Imile Fast,Thu Aug 27 2026 04:00:00 GMT-0300 (Brasilia Standard Time),3
BRXSP24,LARGE,Imile Slow,Thu Aug 13 2026 04:00:00 GMT-0300 (Brasilia Standard Time),11
BRXSP24,LARGE,Imile Slow,Fri Aug 14 2026 04:00:00 GMT-0300 (Brasilia Standard Time),7
BRXSP24,LARGE,Imile Slow,Sat Aug 15 2026 04:00:00 GMT-0300 (Brasilia Standard Time),14
BRXSP24,LARGE,Imile Slow,Mon Aug 17 2026 04:00:00 GMT-0300 (Brasilia Standard Time),10
BRXSP24,LARGE,Imile Slow,Tue Aug 18 2026 04:00:00 GMT-0300 (Brasilia Standard Time),4
BRXSP24,LARGE,Imile Slow,Wed Aug 19 2026 04:00:00 GMT-0300 (Brasilia Standard Time),8
BRXSP24,LARGE,Imile Slow,Thu Aug 20 2026 04:00:00 GMT-0300 (Brasilia Standard Time),6
BRXSP24,LARGE,Imile Slow,Fri Aug 21 2026 04:00:00 GMT-0300 (Brasilia Standard Time),5
BRXSP24,LARGE,Imile Slow,Sat Aug 22 2026 04:00:00 GMT-0300 (Brasilia Standard Time),16
BRXSP24,LARGE,Imile Slow,Mon Aug 24 2026 04:00:00 GMT-0300 (Brasilia Standard Time),2
BRXSP24,LARGE,Imile Slow,Tue Aug 25 2026 04:00:00 GMT-0300 (Brasilia Standard Time),2
BRXSP24,LARGE,Imile Slow,Wed Aug 26 2026 04:00:00 GMT-0300 (Brasilia Standard Time),1
BRXSP24,LARGE,Jad,Thu Aug 13 2026 04:00:00 GMT-0300 (Brasilia Standard Time),13
BRXSP24,LARGE,Jad,Fri Aug 14 2026 04:00:00 GMT-0300 (Brasilia Standard Time),474
BRXSP24,LARGE,Jad,Sat Aug 15 2026 04:00:00 GMT-0300 (Brasilia Standard Time),949
BRXSP24,LARGE,Jad,Mon Aug 17 2026 04:00:00 GMT-0300 (Brasilia Standard Time),1532
BRXSP24,LARGE,Jad,Tue Aug 18 2026 04:00:00 GMT-0300 (Brasilia Standard Time),1832
BRXSP24,LARGE,Jad,Wed Aug 19 2026 04:00:00 GMT-0300 (Brasilia Standard Time),1172
BRXSP24,LARGE,Jad,Thu Aug 20 2026 04:00:00 GMT-0300 (Brasilia Standard Time),1511
BRXSP24,LARGE,Jad,Fri Aug 21 2026 04:00:00 GMT-0300 (Brasilia Standard Time),743
BRXSP24,LARGE,Jad,Sat Aug 22 2026 04:00:00 GMT-0300 (Brasilia Standard Time),243
BRXSP24,LARGE,Jad,Mon Aug 24 2026 04:00:00 GMT-0300 (Brasilia Standard Time),99
BRXSP24,LARGE,Jad,Tue Aug 25 2026 04:00:00 GMT-0300 (Brasilia Standard Time),51
BRXSP24,LARGE,Jad,Wed Aug 26 2026 04:00:00 GMT-0300 (Brasilia Standard Time),16
BRXSP24,LARGE,Jad,Thu Aug 27 2026 04:00:00 GMT-0300 (Brasilia Standard Time),15
BRXSP24,LARGE,Jad,Fri Aug 28 2026 04:00:00 GMT-0300 (Brasilia Standard Time),17
BRXSP24,LARGE,Jad,Sat Aug 29 2026 04:00:00 GMT-0300 (Brasilia Standard Time),3
BRXSP24,LARGE,Jad,Mon Aug 31 2026 04:00:00 GMT-0300 (Brasilia Standard Time),3
BRXSP24,LARGE,Jad,Tue Sep 01 2026 04:00:00 GMT-0300 (Brasilia Standard Time),1
BRXSP24,LARGE,Loggi,Wed Aug 05 2026 04:00:00 GMT-0300 (Brasilia Standard Time),7
BRXSP24,LARGE,Loggi,Thu Aug 06 2026 04:00:00 GMT-0300 (Brasilia Standard Time),535
BRXSP24,LARGE,Loggi,Fri Aug 07 2026 04:00:00 GMT-0300 (Brasilia Standard Time),1203
BRXSP24,LARGE,Loggi,Sat Aug 08 2026 04:00:00 GMT-0300 (Brasilia Standard Time),956
BRXSP24,LARGE,Loggi,Mon Aug 10 2026 04:00:00 GMT-0300 (Brasilia Standard Time),1909
BRXSP24,LARGE,Loggi,Tue Aug 11 2026 04:00:00 GMT-0300 (Brasilia Standard Time),800
BRXSP24,LARGE,Loggi,Wed Aug 12 2026 04:00:00 GMT-0300 (Brasilia Standard Time),1585
BRXSP24,LARGE,Loggi,Thu Aug 13 2026 04:00:00 GMT-0300 (Brasilia Standard Time),1443
BRXSP24,LARGE,Loggi,Fri Aug 14 2026 04:00:00 GMT-0300 (Brasilia Standard Time),883
BRXSP24,LARGE,Loggi,Sat Aug 15 2026 04:00:00 GMT-0300 (Brasilia Standard Time),1617
BRXSP24,LARGE,Loggi,Mon Aug 17 2026 04:00:00 GMT-0300 (Brasilia Standard Time),607
BRXSP24,LARGE,Loggi,Tue Aug 18 2026 04:00:00 GMT-0300 (Brasilia Standard Time),1336
BRXSP24,LARGE,Loggi,Wed Aug 19 2026 04:00:00 GMT-0300 (Brasilia Standard Time),720
BRXSP24,LARGE,Loggi,Thu Aug 20 2026 04:00:00 GMT-0300 (Brasilia Standard Time),59
BRXSP24,LARGE,Loggi,Fri Aug 21 2026 04:00:00 GMT-0300 (Brasilia Standard Time),637
BRXSP24,LARGE,Loggi,Sat Aug 22 2026 04:00:00 GMT-0300 (Brasilia Standard Time),644
BRXSP24,LARGE,Loggi,Mon Aug 24 2026 04:00:00 GMT-0300 (Brasilia Standard Time),710
BRXSP24,LARGE,Loggi,Tue Aug 25 2026 04:00:00 GMT-0300 (Brasilia Standard Time),697
BRXSP24,LARGE,Loggi,Wed Aug 26 2026 04:00:00 GMT-0300 (Brasilia Standard Time),181
BRXSP24,LARGE,Loggi,Thu Aug 27 2026 04:00:00 GMT-0300 (Brasilia Standard Time),48
BRXSP24,LARGE,Loggi,Fri Aug 28 2026 04:00:00 GMT-0300 (Brasilia Standard Time),26
BRXSP24,LARGE,Loggi,Sat Aug 29 2026 04:00:00 GMT-0300 (Brasilia Standard Time),11
BRXSP24,LARGE,Loggi,Mon Aug 31 2026 04:00:00 GMT-0300 (Brasilia Standard Time),7
BRXSP24,LARGE,Loggi,Tue Sep 01 2026 04:00:00 GMT-0300 (Brasilia Standard Time),9
BRXSP24,NA,Dominalog,Tue Aug 18 2026 04:00:00 GMT-0300 (Brasilia Standard Time),1
BRXSP24,NA,Dominalog,Thu Aug 20 2026 04:00:00 GMT-0300 (Brasilia Standard Time),2
BRXSP24,NA,Dominalog,Fri Aug 21 2026 04:00:00 GMT-0300 (Brasilia Standard Time),48
BRXSP24,NA,Dominalog,Sat Aug 22 2026 04:00:00 GMT-0300 (Brasilia Standard Time),8
BRXSP24,NA,Dominalog,Mon Aug 24 2026 04:00:00 GMT-0300 (Brasilia Standard Time),1
BRXSP24,NA,Dominalog,Wed Aug 26 2026 04:00:00 GMT-0300 (Brasilia Standard Time),6
BRXSP24,NA,Dominalog,Thu Aug 27 2026 04:00:00 GMT-0300 (Brasilia Standard Time),2
BRXSP24,NA,Imile Fast,Mon Aug 17 2026 04:00:00 GMT-0300 (Brasilia Standard Time),57
BRXSP24,NA,Imile Fast,Tue Aug 18 2026 04:00:00 GMT-0300 (Brasilia Standard Time),100
BRXSP24,NA,Imile Fast,Wed Aug 19 2026 04:00:00 GMT-0300 (Brasilia Standard Time),107
BRXSP24,NA,Imile Fast,Thu Aug 20 2026 04:00:00 GMT-0300 (Brasilia Standard Time),46
BRXSP24,NA,Imile Fast,Fri Aug 21 2026 04:00:00 GMT-0300 (Brasilia Standard Time),23
BRXSP24,NA,Imile Fast,Sat Aug 22 2026 04:00:00 GMT-0300 (Brasilia Standard Time),7
BRXSP24,NA,Imile Fast,Mon Aug 24 2026 04:00:00 GMT-0300 (Brasilia Standard Time),21
BRXSP24,NA,Imile Fast,Wed Aug 26 2026 04:00:00 GMT-0300 (Brasilia Standard Time),4
BRXSP24,NA,Imile Fast,Thu Aug 27 2026 04:00:00 GMT-0300 (Brasilia Standard Time),1
BRXSP24,NA,Imile Fast,Fri Aug 28 2026 04:00:00 GMT-0300 (Brasilia Standard Time),2
BRXSP24,NA,Imile Slow,Mon Aug 17 2026 04:00:00 GMT-0300 (Brasilia Standard Time),3
BRXSP24,NA,Imile Slow,Tue Aug 18 2026 04:00:00 GMT-0300 (Brasilia Standard Time),40
BRXSP24,NA,Imile Slow,Wed Aug 19 2026 04:00:00 GMT-0300 (Brasilia Standard Time),81
BRXSP24,NA,Imile Slow,Thu Aug 20 2026 04:00:00 GMT-0300 (Brasilia Standard Time),271
BRXSP24,NA,Imile Slow,Fri Aug 21 2026 04:00:00 GMT-0300 (Brasilia Standard Time),92
BRXSP24,NA,Imile Slow,Sat Aug 22 2026 04:00:00 GMT-0300 (Brasilia Standard Time),50
BRXSP24,NA,Imile Slow,Mon Aug 24 2026 04:00:00 GMT-0300 (Brasilia Standard Time),25
BRXSP24,NA,Imile Slow,Tue Aug 25 2026 04:00:00 GMT-0300 (Brasilia Standard Time),122
BRXSP24,NA,Imile Slow,Wed Aug 26 2026 04:00:00 GMT-0300 (Brasilia Standard Time),97
BRXSP24,NA,Imile Slow,Thu Aug 27 2026 04:00:00 GMT-0300 (Brasilia Standard Time),25
BRXSP24,NA,Imile Slow,Fri Aug 28 2026 04:00:00 GMT-0300 (Brasilia Standard Time),4
BRXSP24,NA,Imile Slow,Sat Aug 29 2026 04:00:00 GMT-0300 (Brasilia Standard Time),8
BRXSP24,NA,Jad,Mon Aug 17 2026 04:00:00 GMT-0300 (Brasilia Standard Time),8
BRXSP24,NA,Jad,Tue Aug 18 2026 04:00:00 GMT-0300 (Brasilia Standard Time),18
BRXSP24,NA,Jad,Wed Aug 19 2026 04:00:00 GMT-0300 (Brasilia Standard Time),79
BRXSP24,NA,Jad,Thu Aug 20 2026 04:00:00 GMT-0300 (Brasilia Standard Time),77
BRXSP24,NA,Jad,Fri Aug 21 2026 04:00:00 GMT-0300 (Brasilia Standard Time),50
BRXSP24,NA,Jad,Sat Aug 22 2026 04:00:00 GMT-0300 (Brasilia Standard Time),29
BRXSP24,NA,Jad,Mon Aug 24 2026 04:00:00 GMT-0300 (Brasilia Standard Time),20
BRXSP24,NA,Jad,Tue Aug 25 2026 04:00:00 GMT-0300 (Brasilia Standard Time),12
BRXSP24,NA,Jad,Wed Aug 26 2026 04:00:00 GMT-0300 (Brasilia Standard Time),2
BRXSP24,NA,Jad,Thu Aug 27 2026 04:00:00 GMT-0300 (Brasilia Standard Time),23
BRXSP24,NA,Jad,Fri Aug 28 2026 04:00:00 GMT-0300 (Brasilia Standard Time),1
BRXSP24,NA,Jad,Mon Aug 31 2026 04:00:00 GMT-0300 (Brasilia Standard Time),1
BRXSP24,NA,Loggi,Mon Aug 10 2026 04:00:00 GMT-0300 (Brasilia Standard Time),1
BRXSP24,NA,Loggi,Tue Aug 11 2026 04:00:00 GMT-0300 (Brasilia Standard Time),2
BRXSP24,NA,Loggi,Wed Aug 12 2026 04:00:00 GMT-0300 (Brasilia Standard Time),10
BRXSP24,NA,Loggi,Thu Aug 13 2026 04:00:00 GMT-0300 (Brasilia Standard Time),2
BRXSP24,NA,Loggi,Fri Aug 14 2026 04:00:00 GMT-0300 (Brasilia Standard Time),12
BRXSP24,NA,Loggi,Sat Aug 15 2026 04:00:00 GMT-0300 (Brasilia Standard Time),38
BRXSP24,NA,Loggi,Mon Aug 17 2026 04:00:00 GMT-0300 (Brasilia Standard Time),13
BRXSP24,NA,Loggi,Tue Aug 18 2026 04:00:00 GMT-0300 (Brasilia Standard Time),100
BRXSP24,NA,Loggi,Wed Aug 19 2026 04:00:00 GMT-0300 (Brasilia Standard Time),50
BRXSP24,NA,Loggi,Thu Aug 20 2026 04:00:00 GMT-0300 (Brasilia Standard Time),57
BRXSP24,NA,Loggi,Fri Aug 21 2026 04:00:00 GMT-0300 (Brasilia Standard Time),54
BRXSP24,NA,Loggi,Sat Aug 22 2026 04:00:00 GMT-0300 (Brasilia Standard Time),14
BRXSP24,NA,Loggi,Mon Aug 24 2026 04:00:00 GMT-0300 (Brasilia Standard Time),12
BRXSP24,NA,Loggi,Tue Aug 25 2026 04:00:00 GMT-0300 (Brasilia Standard Time),47
BRXSP24,NA,Loggi,Wed Aug 26 2026 04:00:00 GMT-0300 (Brasilia Standard Time),21
BRXSP24,NA,Loggi,Thu Aug 27 2026 04:00:00 GMT-0300 (Brasilia Standard Time),4
BRXSP24,OVERSIZE,Dominalog,Wed Aug 05 2026 04:00:00 GMT-0300 (Brasilia Standard Time),1
BRXSP24,OVERSIZE,Dominalog,Fri Aug 14 2026 04:00:00 GMT-0300 (Brasilia Standard Time),38
BRXSP24,OVERSIZE,Dominalog,Sat Aug 15 2026 04:00:00 GMT-0300 (Brasilia Standard Time),113
BRXSP24,OVERSIZE,Dominalog,Mon Aug 17 2026 04:00:00 GMT-0300 (Brasilia Standard Time),479
BRXSP24,OVERSIZE,Dominalog,Tue Aug 18 2026 04:00:00 GMT-0300 (Brasilia Standard Time),7
BRXSP24,OVERSIZE,Dominalog,Wed Aug 19 2026 04:00:00 GMT-0300 (Brasilia Standard Time),45
BRXSP24,OVERSIZE,Dominalog,Thu Aug 20 2026 04:00:00 GMT-0300 (Brasilia Standard Time),2
BRXSP24,OVERSIZE,Dominalog,Fri Aug 21 2026 04:00:00 GMT-0300 (Brasilia Standard Time),151
BRXSP24,OVERSIZE,Dominalog,Sat Aug 22 2026 04:00:00 GMT-0300 (Brasilia Standard Time),254
BRXSP24,OVERSIZE,Dominalog,Mon Aug 24 2026 04:00:00 GMT-0300 (Brasilia Standard Time),341
BRXSP24,OVERSIZE,Dominalog,Tue Aug 25 2026 04:00:00 GMT-0300 (Brasilia Standard Time),30
BRXSP24,OVERSIZE,Dominalog,Wed Aug 26 2026 04:00:00 GMT-0300 (Brasilia Standard Time),129
BRXSP24,OVERSIZE,Dominalog,Thu Aug 27 2026 04:00:00 GMT-0300 (Brasilia Standard Time),52
BRXSP24,OVERSIZE,Dominalog,Fri Aug 28 2026 04:00:00 GMT-0300 (Brasilia Standard Time),4
BRXSP24,OVERSIZE,Dominalog,Sat Aug 29 2026 04:00:00 GMT-0300 (Brasilia Standard Time),2
BRXSP24,OVERSIZE,Dominalog,Mon Aug 31 2026 04:00:00 GMT-0300 (Brasilia Standard Time),2
BRXSP24,OVERSIZE,Imile Fast,Sat Aug 15 2026 04:00:00 GMT-0300 (Brasilia Standard Time),3
BRXSP24,OVERSIZE,Imile Fast,Mon Aug 17 2026 04:00:00 GMT-0300 (Brasilia Standard Time),3
BRXSP24,OVERSIZE,Imile Fast,Tue Aug 18 2026 04:00:00 GMT-0300 (Brasilia Standard Time),1
BRXSP24,OVERSIZE,Imile Fast,Wed Aug 19 2026 04:00:00 GMT-0300 (Brasilia Standard Time),1
BRXSP24,OVERSIZE,Imile Fast,Thu Aug 20 2026 04:00:00 GMT-0300 (Brasilia Standard Time),1
BRXSP24,OVERSIZE,Imile Fast,Fri Aug 21 2026 04:00:00 GMT-0300 (Brasilia Standard Time),1
BRXSP24,OVERSIZE,Imile Fast,Sat Aug 22 2026 04:00:00 GMT-0300 (Brasilia Standard Time),1
BRXSP24,OVERSIZE,Imile Fast,Mon Aug 24 2026 04:00:00 GMT-0300 (Brasilia Standard Time),2
BRXSP24,OVERSIZE,Imile Slow,Mon Aug 17 2026 04:00:00 GMT-0300 (Brasilia Standard Time),1
BRXSP24,OVERSIZE,Jad,Fri Aug 07 2026 04:00:00 GMT-0300 (Brasilia Standard Time),1
BRXSP24,OVERSIZE,Jad,Thu Aug 13 2026 04:00:00 GMT-0300 (Brasilia Standard Time),2
BRXSP24,OVERSIZE,Jad,Fri Aug 14 2026 04:00:00 GMT-0300 (Brasilia Standard Time),84
BRXSP24,OVERSIZE,Jad,Sat Aug 15 2026 04:00:00 GMT-0300 (Brasilia Standard Time),235
BRXSP24,OVERSIZE,Jad,Mon Aug 17 2026 04:00:00 GMT-0300 (Brasilia Standard Time),237
BRXSP24,OVERSIZE,Jad,Tue Aug 18 2026 04:00:00 GMT-0300 (Brasilia Standard Time),265
BRXSP24,OVERSIZE,Jad,Wed Aug 19 2026 04:00:00 GMT-0300 (Brasilia Standard Time),134
BRXSP24,OVERSIZE,Jad,Thu Aug 20 2026 04:00:00 GMT-0300 (Brasilia Standard Time),257
BRXSP24,OVERSIZE,Jad,Fri Aug 21 2026 04:00:00 GMT-0300 (Brasilia Standard Time),158
BRXSP24,OVERSIZE,Jad,Sat Aug 22 2026 04:00:00 GMT-0300 (Brasilia Standard Time),100
BRXSP24,OVERSIZE,Jad,Mon Aug 24 2026 04:00:00 GMT-0300 (Brasilia Standard Time),32
BRXSP24,OVERSIZE,Jad,Tue Aug 25 2026 04:00:00 GMT-0300 (Brasilia Standard Time),38
BRXSP24,OVERSIZE,Jad,Wed Aug 26 2026 04:00:00 GMT-0300 (Brasilia Standard Time),2
BRXSP24,OVERSIZE,Jad,Thu Aug 27 2026 04:00:00 GMT-0300 (Brasilia Standard Time),7
BRXSP24,OVERSIZE,Jad,Fri Aug 28 2026 04:00:00 GMT-0300 (Brasilia Standard Time),11
BRXSP24,OVERSIZE,Jad,Sat Aug 29 2026 04:00:00 GMT-0300 (Brasilia Standard Time),3
BRXSP24,OVERSIZE,Loggi,Thu Aug 06 2026 04:00:00 GMT-0300 (Brasilia Standard Time),20
BRXSP24,OVERSIZE,Loggi,Fri Aug 07 2026 04:00:00 GMT-0300 (Brasilia Standard Time),32
BRXSP24,OVERSIZE,Loggi,Sat Aug 08 2026 04:00:00 GMT-0300 (Brasilia Standard Time),29
BRXSP24,OVERSIZE,Loggi,Mon Aug 10 2026 04:00:00 GMT-0300 (Brasilia Standard Time),26
BRXSP24,OVERSIZE,Loggi,Tue Aug 11 2026 04:00:00 GMT-0300 (Brasilia Standard Time),45
BRXSP24,OVERSIZE,Loggi,Wed Aug 12 2026 04:00:00 GMT-0300 (Brasilia Standard Time),69
BRXSP24,OVERSIZE,Loggi,Thu Aug 13 2026 04:00:00 GMT-0300 (Brasilia Standard Time),58
BRXSP24,OVERSIZE,Loggi,Fri Aug 14 2026 04:00:00 GMT-0300 (Brasilia Standard Time),37
BRXSP24,OVERSIZE,Loggi,Sat Aug 15 2026 04:00:00 GMT-0300 (Brasilia Standard Time),73
BRXSP24,OVERSIZE,Loggi,Mon Aug 17 2026 04:00:00 GMT-0300 (Brasilia Standard Time),79
BRXSP24,OVERSIZE,Loggi,Tue Aug 18 2026 04:00:00 GMT-0300 (Brasilia Standard Time),79
BRXSP24,OVERSIZE,Loggi,Wed Aug 19 2026 04:00:00 GMT-0300 (Brasilia Standard Time),67
BRXSP24,OVERSIZE,Loggi,Thu Aug 20 2026 04:00:00 GMT-0300 (Brasilia Standard Time),154
BRXSP24,OVERSIZE,Loggi,Fri Aug 21 2026 04:00:00 GMT-0300 (Brasilia Standard Time),66
BRXSP24,OVERSIZE,Loggi,Sat Aug 22 2026 04:00:00 GMT-0300 (Brasilia Standard Time),11
BRXSP24,OVERSIZE,Loggi,Mon Aug 24 2026 04:00:00 GMT-0300 (Brasilia Standard Time),3
BRXSP24,OVERSIZE,Loggi,Tue Aug 25 2026 04:00:00 GMT-0300 (Brasilia Standard Time),3
BRXSP24,OVERSIZE,Loggi,Wed Aug 26 2026 04:00:00 GMT-0300 (Brasilia Standard Time),1
BRXSP24,OVERSIZE,Loggi,Thu Aug 27 2026 04:00:00 GMT-0300 (Brasilia Standard Time),1
BRXSP24,OVERSIZE,Loggi,Mon Aug 31 2026 04:00:00 GMT-0300 (Brasilia Standard Time),3
BRXSP5,GM,Carvalima,Sat Jul 25 2026 04:00:00 GMT-0300 (Brasilia Standard Time),1
BRXSP5,GM,Carvalima,Thu Jul 30 2026 04:00:00 GMT-0300 (Brasilia Standard Time),4
BRXSP5,GM,Carvalima,Wed Aug 05 2026 04:00:00 GMT-0300 (Brasilia Standard Time),1
BRXSP5,GM,Imile Fast,Wed Jul 29 2026 04:00:00 GMT-0300 (Brasilia Standard Time),1
BRXSP5,GM,J&T Fast,Tue Jul 21 2026 04:00:00 GMT-0300 (Brasilia Standard Time),500
BRXSP5,GM,J&T Fast,Wed Jul 22 2026 04:00:00 GMT-0300 (Brasilia Standard Time),551
BRXSP5,GM,J&T Fast,Thu Jul 23 2026 04:00:00 GMT-0300 (Brasilia Standard Time),476
BRXSP5,GM,J&T Fast,Fri Jul 24 2026 04:00:00 GMT-0300 (Brasilia Standard Time),386
BRXSP5,GM,J&T Fast,Sat Jul 25 2026 04:00:00 GMT-0300 (Brasilia Standard Time),267
BRXSP5,GM,J&T Fast,Tue Jul 28 2026 04:00:00 GMT-0300 (Brasilia Standard Time),484
BRXSP5,GM,J&T Fast,Wed Jul 29 2026 04:00:00 GMT-0300 (Brasilia Standard Time),351
BRXSP5,GM,J&T Fast,Thu Jul 30 2026 04:00:00 GMT-0300 (Brasilia Standard Time),295
BRXSP5,GM,J&T Fast,Fri Jul 31 2026 04:00:00 GMT-0300 (Brasilia Standard Time),269
BRXSP5,GM,J&T Fast,Sat Aug 01 2026 04:00:00 GMT-0300 (Brasilia Standard Time),217
BRXSP5,GM,J&T Fast,Tue Aug 04 2026 04:00:00 GMT-0300 (Brasilia Standard Time),588
BRXSP5,GM,J&T Fast,Wed Aug 05 2026 04:00:00 GMT-0300 (Brasilia Standard Time),384
BRXSP5,GM,J&T Fast,Thu Aug 06 2026 04:00:00 GMT-0300 (Brasilia Standard Time),342
BRXSP5,GM,J&T Fast,Fri Aug 07 2026 04:00:00 GMT-0300 (Brasilia Standard Time),352
BRXSP5,GM,J&T Fast,Sat Aug 08 2026 04:00:00 GMT-0300 (Brasilia Standard Time),291
BRXSP5,GM,J&T Fast,Tue Aug 11 2026 04:00:00 GMT-0300 (Brasilia Standard Time),594
BRXSP5,GM,J&T Fast,Wed Aug 12 2026 04:00:00 GMT-0300 (Brasilia Standard Time),360
BRXSP5,GM,J&T Fast,Thu Aug 13 2026 04:00:00 GMT-0300 (Brasilia Standard Time),444
BRXSP5,GM,J&T Fast,Fri Aug 14 2026 04:00:00 GMT-0300 (Brasilia Standard Time),332
BRXSP5,GM,J&T Fast,Sat Aug 15 2026 04:00:00 GMT-0300 (Brasilia Standard Time),300
BRXSP5,GM,J&T Fast,Tue Aug 18 2026 04:00:00 GMT-0300 (Brasilia Standard Time),479
BRXSP5,GM,J&T Fast,Wed Aug 19 2026 04:00:00 GMT-0300 (Brasilia Standard Time),108
BRXSP5,GM,J&T Fast,Thu Aug 20 2026 04:00:00 GMT-0300 (Brasilia Standard Time),41
BRXSP5,GM,J&T Fast,Fri Aug 21 2026 04:00:00 GMT-0300 (Brasilia Standard Time),18
BRXSP5,GM,J&T Fast,Sat Aug 22 2026 04:00:00 GMT-0300 (Brasilia Standard Time),18
BRXSP5,GM,J&T Fast,Tue Aug 25 2026 04:00:00 GMT-0300 (Brasilia Standard Time),12
BRXSP5,GM,J&T Fast,Wed Aug 26 2026 04:00:00 GMT-0300 (Brasilia Standard Time),11
BRXSP5,GM,J&T Fast,Thu Aug 27 2026 04:00:00 GMT-0300 (Brasilia Standard Time),5
BRXSP5,GM,J&T Fast,Fri Aug 28 2026 04:00:00 GMT-0300 (Brasilia Standard Time),6
BRXSP5,GM,J&T Fast,Sat Aug 29 2026 04:00:00 GMT-0300 (Brasilia Standard Time),1
BRXSP5,GM,J&T Fast,Tue Sep 01 2026 04:00:00 GMT-0300 (Brasilia Standard Time),1
BRXSP5,GM,J&T Nodos,Wed Jul 22 2026 04:00:00 GMT-0300 (Brasilia Standard Time),1
BRXSP5,GM,J&T Nodos,Thu Jul 23 2026 04:00:00 GMT-0300 (Brasilia Standard Time),34
BRXSP5,GM,J&T Nodos,Fri Jul 24 2026 04:00:00 GMT-0300 (Brasilia Standard Time),62
BRXSP5,GM,J&T Nodos,Sat Jul 25 2026 04:00:00 GMT-0300 (Brasilia Standard Time),219
BRXSP5,GM,J&T Nodos,Mon Jul 27 2026 04:00:00 GMT-0300 (Brasilia Standard Time),682
BRXSP5,GM,J&T Nodos,Tue Jul 28 2026 04:00:00 GMT-0300 (Brasilia Standard Time),1
BRXSP5,GM,J&T Nodos,Wed Jul 29 2026 04:00:00 GMT-0300 (Brasilia Standard Time),6
BRXSP5,GM,J&T Nodos,Thu Jul 30 2026 04:00:00 GMT-0300 (Brasilia Standard Time),60
BRXSP5,GM,J&T Nodos,Fri Jul 31 2026 04:00:00 GMT-0300 (Brasilia Standard Time),60
BRXSP5,GM,J&T Nodos,Sat Aug 01 2026 04:00:00 GMT-0300 (Brasilia Standard Time),178
BRXSP5,GM,J&T Nodos,Mon Aug 03 2026 04:00:00 GMT-0300 (Brasilia Standard Time),509
BRXSP5,GM,J&T Nodos,Thu Aug 06 2026 04:00:00 GMT-0300 (Brasilia Standard Time),48
BRXSP5,GM,J&T Nodos,Fri Aug 07 2026 04:00:00 GMT-0300 (Brasilia Standard Time),103
BRXSP5,GM,J&T Nodos,Sat Aug 08 2026 04:00:00 GMT-0300 (Brasilia Standard Time),254
BRXSP5,GM,J&T Nodos,Mon Aug 10 2026 04:00:00 GMT-0300 (Brasilia Standard Time),455
BRXSP5,GM,J&T Nodos,Wed Aug 12 2026 04:00:00 GMT-0300 (Brasilia Standard Time),3
BRXSP5,GM,J&T Nodos,Thu Aug 13 2026 04:00:00 GMT-0300 (Brasilia Standard Time),133
BRXSP5,GM,J&T Nodos,Fri Aug 14 2026 04:00:00 GMT-0300 (Brasilia Standard Time),248
BRXSP5,GM,J&T Nodos,Sat Aug 15 2026 04:00:00 GMT-0300 (Brasilia Standard Time),226
BRXSP5,GM,J&T Nodos,Mon Aug 17 2026 04:00:00 GMT-0300 (Brasilia Standard Time),390
BRXSP5,GM,J&T Nodos,Wed Aug 19 2026 04:00:00 GMT-0300 (Brasilia Standard Time),1
BRXSP5,GM,J&T Nodos,Thu Aug 20 2026 04:00:00 GMT-0300 (Brasilia Standard Time),56
BRXSP5,GM,J&T Nodos,Fri Aug 21 2026 04:00:00 GMT-0300 (Brasilia Standard Time),184
BRXSP5,GM,J&T Nodos,Sat Aug 22 2026 04:00:00 GMT-0300 (Brasilia Standard Time),20
BRXSP5,GM,J&T Nodos,Mon Aug 24 2026 04:00:00 GMT-0300 (Brasilia Standard Time),13
BRXSP5,GM,J&T Slow,Tue Jul 21 2026 04:00:00 GMT-0300 (Brasilia Standard Time),397
BRXSP5,GM,J&T Slow,Wed Jul 22 2026 04:00:00 GMT-0300 (Brasilia Standard Time),4715
BRXSP5,GM,J&T Slow,Thu Jul 23 2026 04:00:00 GMT-0300 (Brasilia Standard Time),13365
BRXSP5,GM,J&T Slow,Fri Jul 24 2026 04:00:00 GMT-0300 (Brasilia Standard Time),11532
BRXSP5,GM,J&T Slow,Sat Jul 25 2026 04:00:00 GMT-0300 (Brasilia Standard Time),34806
BRXSP5,GM,J&T Slow,Tue Jul 28 2026 04:00:00 GMT-0300 (Brasilia Standard Time),635
BRXSP5,GM,J&T Slow,Wed Jul 29 2026 04:00:00 GMT-0300 (Brasilia Standard Time),7852
BRXSP5,GM,J&T Slow,Thu Jul 30 2026 04:00:00 GMT-0300 (Brasilia Standard Time),19514
BRXSP5,GM,J&T Slow,Fri Jul 31 2026 04:00:00 GMT-0300 (Brasilia Standard Time),15511
BRXSP5,GM,J&T Slow,Sat Aug 01 2026 04:00:00 GMT-0300 (Brasilia Standard Time),32388
BRXSP5,GM,J&T Slow,Tue Aug 04 2026 04:00:00 GMT-0300 (Brasilia Standard Time),1487
BRXSP5,GM,J&T Slow,Wed Aug 05 2026 04:00:00 GMT-0300 (Brasilia Standard Time),14145
BRXSP5,GM,J&T Slow,Thu Aug 06 2026 04:00:00 GMT-0300 (Brasilia Standard Time),17014
BRXSP5,GM,J&T Slow,Fri Aug 07 2026 04:00:00 GMT-0300 (Brasilia Standard Time),15831
BRXSP5,GM,J&T Slow,Sat Aug 08 2026 04:00:00 GMT-0300 (Brasilia Standard Time),27370
BRXSP5,GM,J&T Slow,Tue Aug 11 2026 04:00:00 GMT-0300 (Brasilia Standard Time),725
BRXSP5,GM,J&T Slow,Wed Aug 12 2026 04:00:00 GMT-0300 (Brasilia Standard Time),14188
BRXSP5,GM,J&T Slow,Thu Aug 13 2026 04:00:00 GMT-0300 (Brasilia Standard Time),16741
BRXSP5,GM,J&T Slow,Fri Aug 14 2026 04:00:00 GMT-0300 (Brasilia Standard Time),14736
BRXSP5,GM,J&T Slow,Sat Aug 15 2026 04:00:00 GMT-0300 (Brasilia Standard Time),25687
BRXSP5,GM,J&T Slow,Tue Aug 18 2026 04:00:00 GMT-0300 (Brasilia Standard Time),712
BRXSP5,GM,J&T Slow,Wed Aug 19 2026 04:00:00 GMT-0300 (Brasilia Standard Time),7594
BRXSP5,GM,J&T Slow,Thu Aug 20 2026 04:00:00 GMT-0300 (Brasilia Standard Time),9924
BRXSP5,GM,J&T Slow,Fri Aug 21 2026 04:00:00 GMT-0300 (Brasilia Standard Time),1752
BRXSP5,GM,J&T Slow,Sat Aug 22 2026 04:00:00 GMT-0300 (Brasilia Standard Time),945
BRXSP5,GM,J&T Slow,Tue Aug 25 2026 04:00:00 GMT-0300 (Brasilia Standard Time),31
BRXSP5,GM,J&T Slow,Wed Aug 26 2026 04:00:00 GMT-0300 (Brasilia Standard Time),310
BRXSP5,GM,J&T Slow,Thu Aug 27 2026 04:00:00 GMT-0300 (Brasilia Standard Time),122
BRXSP5,GM,J&T Slow,Fri Aug 28 2026 04:00:00 GMT-0300 (Brasilia Standard Time),76
BRXSP5,GM,J&T Slow,Sat Aug 29 2026 04:00:00 GMT-0300 (Brasilia Standard Time),55
BRXSP5,GM,J&T Slow,Tue Sep 01 2026 04:00:00 GMT-0300 (Brasilia Standard Time),4
BRXSP5,GM,Jad,Fri Jul 24 2026 04:00:00 GMT-0300 (Brasilia Standard Time),5
BRXSP5,GM,Jad,Sat Jul 25 2026 04:00:00 GMT-0300 (Brasilia Standard Time),8
BRXSP5,GM,Jad,Tue Jul 28 2026 04:00:00 GMT-0300 (Brasilia Standard Time),20
BRXSP5,GM,Jad,Wed Jul 29 2026 04:00:00 GMT-0300 (Brasilia Standard Time),9
BRXSP5,GM,Jad,Thu Jul 30 2026 04:00:00 GMT-0300 (Brasilia Standard Time),3
BRXSP5,GM,Jad,Fri Jul 31 2026 04:00:00 GMT-0300 (Brasilia Standard Time),4
BRXSP5,GM,Jad,Sat Aug 01 2026 04:00:00 GMT-0300 (Brasilia Standard Time),5
BRXSP5,GM,Jad,Tue Aug 04 2026 04:00:00 GMT-0300 (Brasilia Standard Time),3
BRXSP5,GM,Jad,Wed Aug 05 2026 04:00:00 GMT-0300 (Brasilia Standard Time),8
BRXSP5,GM,Loggi,Fri Jul 24 2026 04:00:00 GMT-0300 (Brasilia Standard Time),1
BRXSP5,GM,Loggi,Sat Jul 25 2026 04:00:00 GMT-0300 (Brasilia Standard Time),1
BRXSP5,GM,Loggi,Wed Jul 29 2026 04:00:00 GMT-0300 (Brasilia Standard Time),1
BRXSP5,GM,Loggi,Thu Jul 30 2026 04:00:00 GMT-0300 (Brasilia Standard Time),2
BRXSP5,GM,Loggi,Wed Aug 05 2026 04:00:00 GMT-0300 (Brasilia Standard Time),1
BRXSP5,LARGE,Carvalima,Tue Jul 28 2026 04:00:00 GMT-0300 (Brasilia Standard Time),1
BRXSP5,LARGE,Carvalima,Wed Jul 29 2026 04:00:00 GMT-0300 (Brasilia Standard Time),2
BRXSP5,LARGE,Carvalima,Thu Jul 30 2026 04:00:00 GMT-0300 (Brasilia Standard Time),1
BRXSP5,LARGE,Carvalima,Fri Jul 31 2026 04:00:00 GMT-0300 (Brasilia Standard Time),1
BRXSP5,LARGE,Carvalima,Wed Aug 05 2026 04:00:00 GMT-0300 (Brasilia Standard Time),4
BRXSP5,LARGE,J&T Fast,Tue Jul 21 2026 04:00:00 GMT-0300 (Brasilia Standard Time),2
BRXSP5,LARGE,J&T Fast,Wed Jul 22 2026 04:00:00 GMT-0300 (Brasilia Standard Time),4
BRXSP5,LARGE,J&T Fast,Thu Jul 23 2026 04:00:00 GMT-0300 (Brasilia Standard Time),3
BRXSP5,LARGE,J&T Fast,Fri Jul 24 2026 04:00:00 GMT-0300 (Brasilia Standard Time),2
BRXSP5,LARGE,J&T Fast,Tue Jul 28 2026 04:00:00 GMT-0300 (Brasilia Standard Time),2
BRXSP5,LARGE,J&T Fast,Wed Jul 29 2026 04:00:00 GMT-0300 (Brasilia Standard Time),1
BRXSP5,LARGE,J&T Fast,Thu Jul 30 2026 04:00:00 GMT-0300 (Brasilia Standard Time),1
BRXSP5,LARGE,J&T Fast,Fri Jul 31 2026 04:00:00 GMT-0300 (Brasilia Standard Time),4
BRXSP5,LARGE,J&T Fast,Sat Aug 01 2026 04:00:00 GMT-0300 (Brasilia Standard Time),3
BRXSP5,LARGE,J&T Fast,Wed Aug 05 2026 04:00:00 GMT-0300 (Brasilia Standard Time),3
BRXSP5,LARGE,J&T Fast,Thu Aug 06 2026 04:00:00 GMT-0300 (Brasilia Standard Time),1
BRXSP5,LARGE,J&T Fast,Fri Aug 07 2026 04:00:00 GMT-0300 (Brasilia Standard Time),2
BRXSP5,LARGE,J&T Fast,Sat Aug 08 2026 04:00:00 GMT-0300 (Brasilia Standard Time),3
BRXSP5,LARGE,J&T Fast,Tue Aug 11 2026 04:00:00 GMT-0300 (Brasilia Standard Time),5
BRXSP5,LARGE,J&T Fast,Wed Aug 12 2026 04:00:00 GMT-0300 (Brasilia Standard Time),3
BRXSP5,LARGE,J&T Fast,Thu Aug 13 2026 04:00:00 GMT-0300 (Brasilia Standard Time),4
BRXSP5,LARGE,J&T Fast,Fri Aug 14 2026 04:00:00 GMT-0300 (Brasilia Standard Time),2
BRXSP5,LARGE,J&T Fast,Sat Aug 15 2026 04:00:00 GMT-0300 (Brasilia Standard Time),1
BRXSP5,LARGE,J&T Fast,Tue Aug 18 2026 04:00:00 GMT-0300 (Brasilia Standard Time),3
BRXSP5,LARGE,J&T Fast,Wed Aug 19 2026 04:00:00 GMT-0300 (Brasilia Standard Time),1
BRXSP5,LARGE,J&T Fast,Sat Aug 22 2026 04:00:00 GMT-0300 (Brasilia Standard Time),1
BRXSP5,LARGE,J&T Fast,Fri Aug 28 2026 04:00:00 GMT-0300 (Brasilia Standard Time),1
BRXSP5,LARGE,J&T Fast,Sat Aug 29 2026 04:00:00 GMT-0300 (Brasilia Standard Time),1
BRXSP5,LARGE,J&T Nodos,Fri Jul 24 2026 04:00:00 GMT-0300 (Brasilia Standard Time),1
BRXSP5,LARGE,J&T Nodos,Sat Jul 25 2026 04:00:00 GMT-0300 (Brasilia Standard Time),1
BRXSP5,LARGE,J&T Nodos,Mon Jul 27 2026 04:00:00 GMT-0300 (Brasilia Standard Time),1
BRXSP5,LARGE,J&T Nodos,Fri Jul 31 2026 04:00:00 GMT-0300 (Brasilia Standard Time),1
BRXSP5,LARGE,J&T Nodos,Sat Aug 01 2026 04:00:00 GMT-0300 (Brasilia Standard Time),1
BRXSP5,LARGE,J&T Slow,Tue Jul 21 2026 04:00:00 GMT-0300 (Brasilia Standard Time),1
BRXSP5,LARGE,J&T Slow,Wed Jul 22 2026 04:00:00 GMT-0300 (Brasilia Standard Time),8
BRXSP5,LARGE,J&T Slow,Thu Jul 23 2026 04:00:00 GMT-0300 (Brasilia Standard Time),19
BRXSP5,LARGE,J&T Slow,Fri Jul 24 2026 04:00:00 GMT-0300 (Brasilia Standard Time),19
BRXSP5,LARGE,J&T Slow,Sat Jul 25 2026 04:00:00 GMT-0300 (Brasilia Standard Time),49
BRXSP5,LARGE,J&T Slow,Tue Jul 28 2026 04:00:00 GMT-0300 (Brasilia Standard Time),2
BRXSP5,LARGE,J&T Slow,Wed Jul 29 2026 04:00:00 GMT-0300 (Brasilia Standard Time),23
BRXSP5,LARGE,J&T Slow,Thu Jul 30 2026 04:00:00 GMT-0300 (Brasilia Standard Time),32
BRXSP5,LARGE,J&T Slow,Fri Jul 31 2026 04:00:00 GMT-0300 (Brasilia Standard Time),26
BRXSP5,LARGE,J&T Slow,Sat Aug 01 2026 04:00:00 GMT-0300 (Brasilia Standard Time),60
BRXSP5,LARGE,J&T Slow,Tue Aug 04 2026 04:00:00 GMT-0300 (Brasilia Standard Time),4
BRXSP5,LARGE,J&T Slow,Wed Aug 05 2026 04:00:00 GMT-0300 (Brasilia Standard Time),14
BRXSP5,LARGE,J&T Slow,Thu Aug 06 2026 04:00:00 GMT-0300 (Brasilia Standard Time),31
BRXSP5,LARGE,J&T Slow,Fri Aug 07 2026 04:00:00 GMT-0300 (Brasilia Standard Time),30
BRXSP5,LARGE,J&T Slow,Sat Aug 08 2026 04:00:00 GMT-0300 (Brasilia Standard Time),48
BRXSP5,LARGE,J&T Slow,Wed Aug 12 2026 04:00:00 GMT-0300 (Brasilia Standard Time),19
BRXSP5,LARGE,J&T Slow,Thu Aug 13 2026 04:00:00 GMT-0300 (Brasilia Standard Time),23
BRXSP5,LARGE,J&T Slow,Fri Aug 14 2026 04:00:00 GMT-0300 (Brasilia Standard Time),32
BRXSP5,LARGE,J&T Slow,Sat Aug 15 2026 04:00:00 GMT-0300 (Brasilia Standard Time),42
BRXSP5,LARGE,J&T Slow,Tue Aug 18 2026 04:00:00 GMT-0300 (Brasilia Standard Time),3
BRXSP5,LARGE,J&T Slow,Wed Aug 19 2026 04:00:00 GMT-0300 (Brasilia Standard Time),15
BRXSP5,LARGE,J&T Slow,Thu Aug 20 2026 04:00:00 GMT-0300 (Brasilia Standard Time),10
BRXSP5,LARGE,J&T Slow,Fri Aug 21 2026 04:00:00 GMT-0300 (Brasilia Standard Time),4
BRXSP5,LARGE,J&T Slow,Sat Aug 22 2026 04:00:00 GMT-0300 (Brasilia Standard Time),1
BRXSP5,LARGE,Jad,Fri Jul 24 2026 04:00:00 GMT-0300 (Brasilia Standard Time),6
BRXSP5,LARGE,Jad,Sat Jul 25 2026 04:00:00 GMT-0300 (Brasilia Standard Time),1
BRXSP5,LARGE,Jad,Tue Jul 28 2026 04:00:00 GMT-0300 (Brasilia Standard Time),5
BRXSP5,LARGE,Jad,Wed Jul 29 2026 04:00:00 GMT-0300 (Brasilia Standard Time),11
BRXSP5,LARGE,Jad,Thu Jul 30 2026 04:00:00 GMT-0300 (Brasilia Standard Time),6
BRXSP5,LARGE,Jad,Fri Jul 31 2026 04:00:00 GMT-0300 (Brasilia Standard Time),3
BRXSP5,LARGE,Jad,Sat Aug 01 2026 04:00:00 GMT-0300 (Brasilia Standard Time),2
BRXSP5,LARGE,Jad,Wed Aug 05 2026 04:00:00 GMT-0300 (Brasilia Standard Time),3
BRXSP5,LARGE,Loggi,Fri Jul 24 2026 04:00:00 GMT-0300 (Brasilia Standard Time),2
BRXSP5,LARGE,Loggi,Sat Jul 25 2026 04:00:00 GMT-0300 (Brasilia Standard Time),3
BRXSP5,LARGE,Loggi,Thu Jul 30 2026 04:00:00 GMT-0300 (Brasilia Standard Time),1
BRXSP5,LARGE,Loggi,Sat Aug 01 2026 04:00:00 GMT-0300 (Brasilia Standard Time),1
BRXSP5,LARGE,Loggi,Wed Aug 05 2026 04:00:00 GMT-0300 (Brasilia Standard Time),2
BRXSP5,NA,J&T Fast,Tue Aug 18 2026 04:00:00 GMT-0300 (Brasilia Standard Time),11
BRXSP5,NA,J&T Fast,Wed Aug 19 2026 04:00:00 GMT-0300 (Brasilia Standard Time),9
BRXSP5,NA,J&T Fast,Thu Aug 20 2026 04:00:00 GMT-0300 (Brasilia Standard Time),1
BRXSP5,NA,J&T Nodos,Fri Aug 21 2026 04:00:00 GMT-0300 (Brasilia Standard Time),19
BRXSP5,NA,J&T Nodos,Mon Aug 24 2026 04:00:00 GMT-0300 (Brasilia Standard Time),3
BRXSP5,NA,J&T Slow,Fri Jul 31 2026 04:00:00 GMT-0300 (Brasilia Standard Time),2
BRXSP5,NA,J&T Slow,Sat Aug 01 2026 04:00:00 GMT-0300 (Brasilia Standard Time),1
BRXSP5,NA,J&T Slow,Sat Aug 08 2026 04:00:00 GMT-0300 (Brasilia Standard Time),1
BRXSP5,NA,J&T Slow,Wed Aug 12 2026 04:00:00 GMT-0300 (Brasilia Standard Time),1
BRXSP5,NA,J&T Slow,Wed Aug 19 2026 04:00:00 GMT-0300 (Brasilia Standard Time),51
BRXSP5,NA,J&T Slow,Thu Aug 20 2026 04:00:00 GMT-0300 (Brasilia Standard Time),479
BRXSP5,NA,J&T Slow,Fri Aug 21 2026 04:00:00 GMT-0300 (Brasilia Standard Time),78
BRXSP5,NA,J&T Slow,Sat Aug 22 2026 04:00:00 GMT-0300 (Brasilia Standard Time),36
BRXSP5,NA,J&T Slow,Tue Aug 25 2026 04:00:00 GMT-0300 (Brasilia Standard Time),1
BRXSP5,NA,J&T Slow,Wed Aug 26 2026 04:00:00 GMT-0300 (Brasilia Standard Time),3
BRXSP5,NA,J&T Slow,Thu Aug 27 2026 04:00:00 GMT-0300 (Brasilia Standard Time),9
BRXSP5,NA,J&T Slow,Fri Aug 28 2026 04:00:00 GMT-0300 (Brasilia Standard Time),13
BRXSP5,NA,J&T Slow,Sat Aug 29 2026 04:00:00 GMT-0300 (Brasilia Standard Time),3
BRXSP5,NA,J&T Slow,Tue Sep 01 2026 04:00:00 GMT-0300 (Brasilia Standard Time),1
BRXSP5,OVERSIZE,J&T Fast,Tue Jul 21 2026 04:00:00 GMT-0300 (Brasilia Standard Time),2
BRXSP5,OVERSIZE,J&T Fast,Wed Jul 22 2026 04:00:00 GMT-0300 (Brasilia Standard Time),1
BRXSP5,OVERSIZE,J&T Fast,Thu Jul 23 2026 04:00:00 GMT-0300 (Brasilia Standard Time),4
BRXSP5,OVERSIZE,J&T Fast,Fri Jul 24 2026 04:00:00 GMT-0300 (Brasilia Standard Time),1
BRXSP5,OVERSIZE,J&T Fast,Sat Jul 25 2026 04:00:00 GMT-0300 (Brasilia Standard Time),2
BRXSP5,OVERSIZE,J&T Fast,Tue Jul 28 2026 04:00:00 GMT-0300 (Brasilia Standard Time),3
BRXSP5,OVERSIZE,J&T Fast,Wed Jul 29 2026 04:00:00 GMT-0300 (Brasilia Standard Time),3
BRXSP5,OVERSIZE,J&T Fast,Thu Jul 30 2026 04:00:00 GMT-0300 (Brasilia Standard Time),2
BRXSP5,OVERSIZE,J&T Fast,Fri Jul 31 2026 04:00:00 GMT-0300 (Brasilia Standard Time),2
BRXSP5,OVERSIZE,J&T Fast,Sat Aug 01 2026 04:00:00 GMT-0300 (Brasilia Standard Time),5
BRXSP5,OVERSIZE,J&T Fast,Tue Aug 04 2026 04:00:00 GMT-0300 (Brasilia Standard Time),1
BRXSP5,OVERSIZE,J&T Fast,Thu Aug 06 2026 04:00:00 GMT-0300 (Brasilia Standard Time),1
BRXSP5,OVERSIZE,J&T Fast,Fri Aug 07 2026 04:00:00 GMT-0300 (Brasilia Standard Time),1
BRXSP5,OVERSIZE,J&T Fast,Sat Aug 08 2026 04:00:00 GMT-0300 (Brasilia Standard Time),1
BRXSP5,OVERSIZE,J&T Fast,Tue Aug 11 2026 04:00:00 GMT-0300 (Brasilia Standard Time),3
BRXSP5,OVERSIZE,J&T Fast,Wed Aug 12 2026 04:00:00 GMT-0300 (Brasilia Standard Time),2
BRXSP5,OVERSIZE,J&T Fast,Thu Aug 13 2026 04:00:00 GMT-0300 (Brasilia Standard Time),1
BRXSP5,OVERSIZE,J&T Fast,Fri Aug 14 2026 04:00:00 GMT-0300 (Brasilia Standard Time),2
BRXSP5,OVERSIZE,J&T Fast,Sat Aug 15 2026 04:00:00 GMT-0300 (Brasilia Standard Time),1
BRXSP5,OVERSIZE,J&T Fast,Tue Aug 18 2026 04:00:00 GMT-0300 (Brasilia Standard Time),8
BRXSP5,OVERSIZE,J&T Fast,Thu Aug 20 2026 04:00:00 GMT-0300 (Brasilia Standard Time),1
BRXSP5,OVERSIZE,J&T Fast,Sat Aug 22 2026 04:00:00 GMT-0300 (Brasilia Standard Time),1
BRXSP5,OVERSIZE,J&T Fast,Sat Aug 29 2026 04:00:00 GMT-0300 (Brasilia Standard Time),1
BRXSP5,OVERSIZE,J&T Slow,Sat Jul 25 2026 04:00:00 GMT-0300 (Brasilia Standard Time),2
BRXSP5,OVERSIZE,J&T Slow,Thu Jul 30 2026 04:00:00 GMT-0300 (Brasilia Standard Time),1
BRXSP5,OVERSIZE,J&T Slow,Fri Jul 31 2026 04:00:00 GMT-0300 (Brasilia Standard Time),1
BRXSP5,OVERSIZE,J&T Slow,Sat Aug 01 2026 04:00:00 GMT-0300 (Brasilia Standard Time),3
BRXSP5,OVERSIZE,J&T Slow,Wed Aug 05 2026 04:00:00 GMT-0300 (Brasilia Standard Time),2
BRXSP5,OVERSIZE,J&T Slow,Fri Aug 07 2026 04:00:00 GMT-0300 (Brasilia Standard Time),2
BRXSP5,OVERSIZE,J&T Slow,Sat Aug 08 2026 04:00:00 GMT-0300 (Brasilia Standard Time),2
BRXSP5,OVERSIZE,J&T Slow,Wed Aug 12 2026 04:00:00 GMT-0300 (Brasilia Standard Time),2
BRXSP5,OVERSIZE,J&T Slow,Fri Aug 14 2026 04:00:00 GMT-0300 (Brasilia Standard Time),1
BRXSP5,OVERSIZE,J&T Slow,Sat Aug 15 2026 04:00:00 GMT-0300 (Brasilia Standard Time),1
BRXSP5,OVERSIZE,Jad,Fri Jul 24 2026 04:00:00 GMT-0300 (Brasilia Standard Time),3
BRXSP5,OVERSIZE,Jad,Sat Jul 25 2026 04:00:00 GMT-0300 (Brasilia Standard Time),1
BRXSP5,OVERSIZE,Jad,Tue Jul 28 2026 04:00:00 GMT-0300 (Brasilia Standard Time),6
BRXSP5,OVERSIZE,Jad,Wed Jul 29 2026 04:00:00 GMT-0300 (Brasilia Standard Time),10
BRXSP5,OVERSIZE,Jad,Thu Jul 30 2026 04:00:00 GMT-0300 (Brasilia Standard Time),4
BRXSP5,OVERSIZE,Jad,Fri Jul 31 2026 04:00:00 GMT-0300 (Brasilia Standard Time),1
BRXSP5,OVERSIZE,Jad,Sat Aug 01 2026 04:00:00 GMT-0300 (Brasilia Standard Time),2
BRXSP5,OVERSIZE,Jad,Tue Aug 04 2026 04:00:00 GMT-0300 (Brasilia Standard Time),9
BRXSP7,LARGE,Jad,Tue Jul 28 2026 04:00:00 GMT-0300 (Brasilia Standard Time),1
BRXSP7,LARGE,Jad,Tue Aug 04 2026 04:00:00 GMT-0300 (Brasilia Standard Time),1
BRXSP7,LARGE,Loggi,Fri Jul 31 2026 04:00:00 GMT-0300 (Brasilia Standard Time),1
BRXSP9,GM,Carvalima,Tue Jul 21 2026 04:00:00 GMT-0300 (Brasilia Standard Time),4352
BRXSP9,GM,Carvalima,Wed Jul 22 2026 04:00:00 GMT-0300 (Brasilia Standard Time),3059
BRXSP9,GM,Carvalima,Thu Jul 23 2026 04:00:00 GMT-0300 (Brasilia Standard Time),2772
BRXSP9,GM,Carvalima,Fri Jul 24 2026 04:00:00 GMT-0300 (Brasilia Standard Time),1969
BRXSP9,GM,Carvalima,Sat Jul 25 2026 04:00:00 GMT-0300 (Brasilia Standard Time),2289
BRXSP9,GM,Carvalima,Mon Jul 27 2026 04:00:00 GMT-0300 (Brasilia Standard Time),3805
BRXSP9,GM,Carvalima,Tue Jul 28 2026 04:00:00 GMT-0300 (Brasilia Standard Time),4236
BRXSP9,GM,Carvalima,Wed Jul 29 2026 04:00:00 GMT-0300 (Brasilia Standard Time),4101
BRXSP9,GM,Carvalima,Thu Jul 30 2026 04:00:00 GMT-0300 (Brasilia Standard Time),1884
BRXSP9,GM,Carvalima,Fri Jul 31 2026 04:00:00 GMT-0300 (Brasilia Standard Time),1818
BRXSP9,GM,Carvalima,Sat Aug 01 2026 04:00:00 GMT-0300 (Brasilia Standard Time),2327
BRXSP9,GM,Carvalima,Mon Aug 03 2026 04:00:00 GMT-0300 (Brasilia Standard Time),3686
BRXSP9,GM,Carvalima,Tue Aug 04 2026 04:00:00 GMT-0300 (Brasilia Standard Time),3132
BRXSP9,GM,Carvalima,Wed Aug 05 2026 04:00:00 GMT-0300 (Brasilia Standard Time),2926
BRXSP9,GM,Carvalima,Thu Aug 06 2026 04:00:00 GMT-0300 (Brasilia Standard Time),2890
BRXSP9,GM,Carvalima,Fri Aug 07 2026 04:00:00 GMT-0300 (Brasilia Standard Time),2088
BRXSP9,GM,Carvalima,Sat Aug 08 2026 04:00:00 GMT-0300 (Brasilia Standard Time),1887
BRXSP9,GM,Carvalima,Mon Aug 10 2026 04:00:00 GMT-0300 (Brasilia Standard Time),3912
BRXSP9,GM,Carvalima,Tue Aug 11 2026 04:00:00 GMT-0300 (Brasilia Standard Time),4183
BRXSP9,GM,Carvalima,Wed Aug 12 2026 04:00:00 GMT-0300 (Brasilia Standard Time),3811
BRXSP9,GM,Carvalima,Thu Aug 13 2026 04:00:00 GMT-0300 (Brasilia Standard Time),2892
BRXSP9,GM,Carvalima,Fri Aug 14 2026 04:00:00 GMT-0300 (Brasilia Standard Time),2086
BRXSP9,GM,Carvalima,Sat Aug 15 2026 04:00:00 GMT-0300 (Brasilia Standard Time),2228
BRXSP9,GM,Carvalima,Mon Aug 17 2026 04:00:00 GMT-0300 (Brasilia Standard Time),3771
BRXSP9,GM,Carvalima,Tue Aug 18 2026 04:00:00 GMT-0300 (Brasilia Standard Time),2311
BRXSP9,GM,Carvalima,Wed Aug 19 2026 04:00:00 GMT-0300 (Brasilia Standard Time),1121
BRXSP9,GM,Carvalima,Thu Aug 20 2026 04:00:00 GMT-0300 (Brasilia Standard Time),293
BRXSP9,GM,Carvalima,Fri Aug 21 2026 04:00:00 GMT-0300 (Brasilia Standard Time),93
BRXSP9,GM,Carvalima,Sat Aug 22 2026 04:00:00 GMT-0300 (Brasilia Standard Time),49
BRXSP9,GM,Carvalima,Mon Aug 24 2026 04:00:00 GMT-0300 (Brasilia Standard Time),51
BRXSP9,GM,Carvalima,Tue Aug 25 2026 04:00:00 GMT-0300 (Brasilia Standard Time),90
BRXSP9,GM,Carvalima,Wed Aug 26 2026 04:00:00 GMT-0300 (Brasilia Standard Time),21
BRXSP9,GM,Carvalima,Thu Aug 27 2026 04:00:00 GMT-0300 (Brasilia Standard Time),19
BRXSP9,GM,Carvalima,Fri Aug 28 2026 04:00:00 GMT-0300 (Brasilia Standard Time),13
BRXSP9,GM,Carvalima,Sat Aug 29 2026 04:00:00 GMT-0300 (Brasilia Standard Time),5
BRXSP9,GM,Carvalima,Mon Aug 31 2026 04:00:00 GMT-0300 (Brasilia Standard Time),5
BRXSP9,GM,Carvalima,Tue Sep 01 2026 04:00:00 GMT-0300 (Brasilia Standard Time),7
BRXSP9,GM,Dominalog,Tue Jul 21 2026 04:00:00 GMT-0300 (Brasilia Standard Time),97
BRXSP9,GM,Dominalog,Wed Jul 22 2026 04:00:00 GMT-0300 (Brasilia Standard Time),77
BRXSP9,GM,Dominalog,Thu Jul 23 2026 04:00:00 GMT-0300 (Brasilia Standard Time),113
BRXSP9,GM,Dominalog,Fri Jul 24 2026 04:00:00 GMT-0300 (Brasilia Standard Time),73
BRXSP9,GM,Dominalog,Sat Jul 25 2026 04:00:00 GMT-0300 (Brasilia Standard Time),37
BRXSP9,GM,Dominalog,Mon Jul 27 2026 04:00:00 GMT-0300 (Brasilia Standard Time),44
BRXSP9,GM,Dominalog,Tue Jul 28 2026 04:00:00 GMT-0300 (Brasilia Standard Time),60
BRXSP9,GM,Dominalog,Wed Jul 29 2026 04:00:00 GMT-0300 (Brasilia Standard Time),66
BRXSP9,GM,Dominalog,Thu Jul 30 2026 04:00:00 GMT-0300 (Brasilia Standard Time),75
BRXSP9,GM,Dominalog,Fri Jul 31 2026 04:00:00 GMT-0300 (Brasilia Standard Time),31
BRXSP9,GM,Dominalog,Sat Aug 01 2026 04:00:00 GMT-0300 (Brasilia Standard Time),37
BRXSP9,GM,Dominalog,Mon Aug 03 2026 04:00:00 GMT-0300 (Brasilia Standard Time),102
BRXSP9,GM,Dominalog,Tue Aug 04 2026 04:00:00 GMT-0300 (Brasilia Standard Time),100
BRXSP9,GM,Dominalog,Wed Aug 05 2026 04:00:00 GMT-0300 (Brasilia Standard Time),140
BRXSP9,GM,Dominalog,Thu Aug 06 2026 04:00:00 GMT-0300 (Brasilia Standard Time),74
BRXSP9,GM,Dominalog,Fri Aug 07 2026 04:00:00 GMT-0300 (Brasilia Standard Time),119
BRXSP9,GM,Dominalog,Sat Aug 08 2026 04:00:00 GMT-0300 (Brasilia Standard Time),37
BRXSP9,GM,Dominalog,Mon Aug 10 2026 04:00:00 GMT-0300 (Brasilia Standard Time),73
BRXSP9,GM,Dominalog,Tue Aug 11 2026 04:00:00 GMT-0300 (Brasilia Standard Time),103
BRXSP9,GM,Dominalog,Wed Aug 12 2026 04:00:00 GMT-0300 (Brasilia Standard Time),88
BRXSP9,GM,Dominalog,Thu Aug 13 2026 04:00:00 GMT-0300 (Brasilia Standard Time),98
BRXSP9,GM,Dominalog,Fri Aug 14 2026 04:00:00 GMT-0300 (Brasilia Standard Time),73
BRXSP9,GM,Dominalog,Sat Aug 15 2026 04:00:00 GMT-0300 (Brasilia Standard Time),36
BRXSP9,GM,Dominalog,Mon Aug 17 2026 04:00:00 GMT-0300 (Brasilia Standard Time),16
BRXSP9,GM,Dominalog,Tue Aug 18 2026 04:00:00 GMT-0300 (Brasilia Standard Time),3
BRXSP9,GM,Dominalog,Wed Aug 19 2026 04:00:00 GMT-0300 (Brasilia Standard Time),2
BRXSP9,GM,Dominalog,Thu Aug 20 2026 04:00:00 GMT-0300 (Brasilia Standard Time),1
BRXSP9,GM,Imile Fast,Tue Jul 21 2026 04:00:00 GMT-0300 (Brasilia Standard Time),6711
BRXSP9,GM,Imile Fast,Wed Jul 22 2026 04:00:00 GMT-0300 (Brasilia Standard Time),5508
BRXSP9,GM,Imile Fast,Thu Jul 23 2026 04:00:00 GMT-0300 (Brasilia Standard Time),5726
BRXSP9,GM,Imile Fast,Fri Jul 24 2026 04:00:00 GMT-0300 (Brasilia Standard Time),4010
BRXSP9,GM,Imile Fast,Sat Jul 25 2026 04:00:00 GMT-0300 (Brasilia Standard Time),5181
BRXSP9,GM,Imile Fast,Mon Jul 27 2026 04:00:00 GMT-0300 (Brasilia Standard Time),7941
BRXSP9,GM,Imile Fast,Tue Jul 28 2026 04:00:00 GMT-0300 (Brasilia Standard Time),6266
BRXSP9,GM,Imile Fast,Wed Jul 29 2026 04:00:00 GMT-0300 (Brasilia Standard Time),5313
BRXSP9,GM,Imile Fast,Thu Jul 30 2026 04:00:00 GMT-0300 (Brasilia Standard Time),4899
BRXSP9,GM,Imile Fast,Fri Jul 31 2026 04:00:00 GMT-0300 (Brasilia Standard Time),4534
BRXSP9,GM,Imile Fast,Sat Aug 01 2026 04:00:00 GMT-0300 (Brasilia Standard Time),5080
BRXSP9,GM,Imile Fast,Mon Aug 03 2026 04:00:00 GMT-0300 (Brasilia Standard Time),7848
BRXSP9,GM,Imile Fast,Tue Aug 04 2026 04:00:00 GMT-0300 (Brasilia Standard Time),6337
BRXSP9,GM,Imile Fast,Wed Aug 05 2026 04:00:00 GMT-0300 (Brasilia Standard Time),5414
BRXSP9,GM,Imile Fast,Thu Aug 06 2026 04:00:00 GMT-0300 (Brasilia Standard Time),5292
BRXSP9,GM,Imile Fast,Fri Aug 07 2026 04:00:00 GMT-0300 (Brasilia Standard Time),5114
BRXSP9,GM,Imile Fast,Sat Aug 08 2026 04:00:00 GMT-0300 (Brasilia Standard Time),3643
BRXSP9,GM,Imile Fast,Mon Aug 10 2026 04:00:00 GMT-0300 (Brasilia Standard Time),7085
BRXSP9,GM,Imile Fast,Tue Aug 11 2026 04:00:00 GMT-0300 (Brasilia Standard Time),5363
BRXSP9,GM,Imile Fast,Wed Aug 12 2026 04:00:00 GMT-0300 (Brasilia Standard Time),5672
BRXSP9,GM,Imile Fast,Thu Aug 13 2026 04:00:00 GMT-0300 (Brasilia Standard Time),4656
BRXSP9,GM,Imile Fast,Fri Aug 14 2026 04:00:00 GMT-0300 (Brasilia Standard Time),3440
BRXSP9,GM,Imile Fast,Sat Aug 15 2026 04:00:00 GMT-0300 (Brasilia Standard Time),1512
BRXSP9,GM,Imile Fast,Mon Aug 17 2026 04:00:00 GMT-0300 (Brasilia Standard Time),2506
BRXSP9,GM,Imile Fast,Tue Aug 18 2026 04:00:00 GMT-0300 (Brasilia Standard Time),336
BRXSP9,GM,Imile Fast,Wed Aug 19 2026 04:00:00 GMT-0300 (Brasilia Standard Time),414
BRXSP9,GM,Imile Fast,Thu Aug 20 2026 04:00:00 GMT-0300 (Brasilia Standard Time),149
BRXSP9,GM,Imile Fast,Fri Aug 21 2026 04:00:00 GMT-0300 (Brasilia Standard Time),78
BRXSP9,GM,Imile Fast,Sat Aug 22 2026 04:00:00 GMT-0300 (Brasilia Standard Time),31
BRXSP9,GM,Imile Fast,Mon Aug 24 2026 04:00:00 GMT-0300 (Brasilia Standard Time),48
BRXSP9,GM,Imile Fast,Tue Aug 25 2026 04:00:00 GMT-0300 (Brasilia Standard Time),17
BRXSP9,GM,Imile Fast,Wed Aug 26 2026 04:00:00 GMT-0300 (Brasilia Standard Time),11
BRXSP9,GM,Imile Fast,Thu Aug 27 2026 04:00:00 GMT-0300 (Brasilia Standard Time),19
BRXSP9,GM,Imile Fast,Fri Aug 28 2026 04:00:00 GMT-0300 (Brasilia Standard Time),13
BRXSP9,GM,Imile Fast,Sat Aug 29 2026 04:00:00 GMT-0300 (Brasilia Standard Time),7
BRXSP9,GM,Imile Fast,Mon Aug 31 2026 04:00:00 GMT-0300 (Brasilia Standard Time),10
BRXSP9,GM,Imile Fast,Tue Sep 01 2026 04:00:00 GMT-0300 (Brasilia Standard Time),15
BRXSP9,GM,Imile Slow,Tue Jul 21 2026 04:00:00 GMT-0300 (Brasilia Standard Time),6054
BRXSP9,GM,Imile Slow,Wed Jul 22 2026 04:00:00 GMT-0300 (Brasilia Standard Time),7631
BRXSP9,GM,Imile Slow,Thu Jul 23 2026 04:00:00 GMT-0300 (Brasilia Standard Time),7580
BRXSP9,GM,Imile Slow,Fri Jul 24 2026 04:00:00 GMT-0300 (Brasilia Standard Time),6646
BRXSP9,GM,Imile Slow,Sat Jul 25 2026 04:00:00 GMT-0300 (Brasilia Standard Time),3787
BRXSP9,GM,Imile Slow,Mon Jul 27 2026 04:00:00 GMT-0300 (Brasilia Standard Time),5988
BRXSP9,GM,Imile Slow,Tue Jul 28 2026 04:00:00 GMT-0300 (Brasilia Standard Time),3512
BRXSP9,GM,Imile Slow,Wed Jul 29 2026 04:00:00 GMT-0300 (Brasilia Standard Time),6861
BRXSP9,GM,Imile Slow,Thu Jul 30 2026 04:00:00 GMT-0300 (Brasilia Standard Time),7623
BRXSP9,GM,Imile Slow,Fri Jul 31 2026 04:00:00 GMT-0300 (Brasilia Standard Time),6092
BRXSP9,GM,Imile Slow,Sat Aug 01 2026 04:00:00 GMT-0300 (Brasilia Standard Time),4606
BRXSP9,GM,Imile Slow,Mon Aug 03 2026 04:00:00 GMT-0300 (Brasilia Standard Time),4099
BRXSP9,GM,Imile Slow,Tue Aug 04 2026 04:00:00 GMT-0300 (Brasilia Standard Time),5819
BRXSP9,GM,Imile Slow,Wed Aug 05 2026 04:00:00 GMT-0300 (Brasilia Standard Time),7264
BRXSP9,GM,Imile Slow,Thu Aug 06 2026 04:00:00 GMT-0300 (Brasilia Standard Time),6610
BRXSP9,GM,Imile Slow,Fri Aug 07 2026 04:00:00 GMT-0300 (Brasilia Standard Time),5467
BRXSP9,GM,Imile Slow,Sat Aug 08 2026 04:00:00 GMT-0300 (Brasilia Standard Time),4531
BRXSP9,GM,Imile Slow,Mon Aug 10 2026 04:00:00 GMT-0300 (Brasilia Standard Time),4828
BRXSP9,GM,Imile Slow,Tue Aug 11 2026 04:00:00 GMT-0300 (Brasilia Standard Time),4228
BRXSP9,GM,Imile Slow,Wed Aug 12 2026 04:00:00 GMT-0300 (Brasilia Standard Time),5985
BRXSP9,GM,Imile Slow,Thu Aug 13 2026 04:00:00 GMT-0300 (Brasilia Standard Time),4353
BRXSP9,GM,Imile Slow,Fri Aug 14 2026 04:00:00 GMT-0300 (Brasilia Standard Time),3943
BRXSP9,GM,Imile Slow,Sat Aug 15 2026 04:00:00 GMT-0300 (Brasilia Standard Time),1940
BRXSP9,GM,Imile Slow,Mon Aug 17 2026 04:00:00 GMT-0300 (Brasilia Standard Time),5498
BRXSP9,GM,Imile Slow,Tue Aug 18 2026 04:00:00 GMT-0300 (Brasilia Standard Time),2229
BRXSP9,GM,Imile Slow,Wed Aug 19 2026 04:00:00 GMT-0300 (Brasilia Standard Time),3268
BRXSP9,GM,Imile Slow,Thu Aug 20 2026 04:00:00 GMT-0300 (Brasilia Standard Time),1472
BRXSP9,GM,Imile Slow,Fri Aug 21 2026 04:00:00 GMT-0300 (Brasilia Standard Time),630
BRXSP9,GM,Imile Slow,Sat Aug 22 2026 04:00:00 GMT-0300 (Brasilia Standard Time),226
BRXSP9,GM,Imile Slow,Mon Aug 24 2026 04:00:00 GMT-0300 (Brasilia Standard Time),255
BRXSP9,GM,Imile Slow,Tue Aug 25 2026 04:00:00 GMT-0300 (Brasilia Standard Time),63
BRXSP9,GM,Imile Slow,Wed Aug 26 2026 04:00:00 GMT-0300 (Brasilia Standard Time),71
BRXSP9,GM,Imile Slow,Thu Aug 27 2026 04:00:00 GMT-0300 (Brasilia Standard Time),7
BRXSP9,GM,Imile Slow,Fri Aug 28 2026 04:00:00 GMT-0300 (Brasilia Standard Time),4
BRXSP9,GM,Imile Slow,Sat Aug 29 2026 04:00:00 GMT-0300 (Brasilia Standard Time),1
BRXSP9,GM,Imile Slow,Mon Aug 31 2026 04:00:00 GMT-0300 (Brasilia Standard Time),2
BRXSP9,GM,Imile Slow,Tue Sep 01 2026 04:00:00 GMT-0300 (Brasilia Standard Time),9
BRXSP9,GM,J&T Fast,Tue Jul 21 2026 04:00:00 GMT-0300 (Brasilia Standard Time),5736
BRXSP9,GM,J&T Fast,Wed Jul 22 2026 04:00:00 GMT-0300 (Brasilia Standard Time),6050
BRXSP9,GM,J&T Fast,Thu Jul 23 2026 04:00:00 GMT-0300 (Brasilia Standard Time),5157
BRXSP9,GM,J&T Fast,Fri Jul 24 2026 04:00:00 GMT-0300 (Brasilia Standard Time),4259
BRXSP9,GM,J&T Fast,Sat Jul 25 2026 04:00:00 GMT-0300 (Brasilia Standard Time),4406
BRXSP9,GM,J&T Fast,Mon Jul 27 2026 04:00:00 GMT-0300 (Brasilia Standard Time),8181
BRXSP9,GM,J&T Fast,Tue Jul 28 2026 04:00:00 GMT-0300 (Brasilia Standard Time),4432
BRXSP9,GM,J&T Fast,Wed Jul 29 2026 04:00:00 GMT-0300 (Brasilia Standard Time),4833
BRXSP9,GM,J&T Fast,Thu Jul 30 2026 04:00:00 GMT-0300 (Brasilia Standard Time),3933
BRXSP9,GM,J&T Fast,Fri Jul 31 2026 04:00:00 GMT-0300 (Brasilia Standard Time),3310
BRXSP9,GM,J&T Fast,Sat Aug 01 2026 04:00:00 GMT-0300 (Brasilia Standard Time),3729
BRXSP9,GM,J&T Fast,Mon Aug 03 2026 04:00:00 GMT-0300 (Brasilia Standard Time),7715
BRXSP9,GM,J&T Fast,Tue Aug 04 2026 04:00:00 GMT-0300 (Brasilia Standard Time),4158
BRXSP9,GM,J&T Fast,Wed Aug 05 2026 04:00:00 GMT-0300 (Brasilia Standard Time),4691
BRXSP9,GM,J&T Fast,Thu Aug 06 2026 04:00:00 GMT-0300 (Brasilia Standard Time),4980
BRXSP9,GM,J&T Fast,Fri Aug 07 2026 04:00:00 GMT-0300 (Brasilia Standard Time),4820
BRXSP9,GM,J&T Fast,Sat Aug 08 2026 04:00:00 GMT-0300 (Brasilia Standard Time),3783
BRXSP9,GM,J&T Fast,Mon Aug 10 2026 04:00:00 GMT-0300 (Brasilia Standard Time),10169
BRXSP9,GM,J&T Fast,Tue Aug 11 2026 04:00:00 GMT-0300 (Brasilia Standard Time),4612
BRXSP9,GM,J&T Fast,Wed Aug 12 2026 04:00:00 GMT-0300 (Brasilia Standard Time),6000
BRXSP9,GM,J&T Fast,Thu Aug 13 2026 04:00:00 GMT-0300 (Brasilia Standard Time),5246
BRXSP9,GM,J&T Fast,Fri Aug 14 2026 04:00:00 GMT-0300 (Brasilia Standard Time),4403
BRXSP9,GM,J&T Fast,Sat Aug 15 2026 04:00:00 GMT-0300 (Brasilia Standard Time),4177
BRXSP9,GM,J&T Fast,Mon Aug 17 2026 04:00:00 GMT-0300 (Brasilia Standard Time),7881
BRXSP9,GM,J&T Fast,Tue Aug 18 2026 04:00:00 GMT-0300 (Brasilia Standard Time),2437
BRXSP9,GM,J&T Fast,Wed Aug 19 2026 04:00:00 GMT-0300 (Brasilia Standard Time),2862
BRXSP9,GM,J&T Fast,Thu Aug 20 2026 04:00:00 GMT-0300 (Brasilia Standard Time),911
BRXSP9,GM,J&T Fast,Fri Aug 21 2026 04:00:00 GMT-0300 (Brasilia Standard Time),351
BRXSP9,GM,J&T Fast,Sat Aug 22 2026 04:00:00 GMT-0300 (Brasilia Standard Time),224
BRXSP9,GM,J&T Fast,Mon Aug 24 2026 04:00:00 GMT-0300 (Brasilia Standard Time),118
BRXSP9,GM,J&T Fast,Tue Aug 25 2026 04:00:00 GMT-0300 (Brasilia Standard Time),88
BRXSP9,GM,J&T Fast,Wed Aug 26 2026 04:00:00 GMT-0300 (Brasilia Standard Time),89
BRXSP9,GM,J&T Fast,Thu Aug 27 2026 04:00:00 GMT-0300 (Brasilia Standard Time),71
BRXSP9,GM,J&T Fast,Fri Aug 28 2026 04:00:00 GMT-0300 (Brasilia Standard Time),52
BRXSP9,GM,J&T Fast,Sat Aug 29 2026 04:00:00 GMT-0300 (Brasilia Standard Time),58
BRXSP9,GM,J&T Fast,Mon Aug 31 2026 04:00:00 GMT-0300 (Brasilia Standard Time),12
BRXSP9,GM,J&T Fast,Tue Sep 01 2026 04:00:00 GMT-0300 (Brasilia Standard Time),30
BRXSP9,GM,J&T Nodos,Tue Jul 21 2026 04:00:00 GMT-0300 (Brasilia Standard Time),9665
BRXSP9,GM,J&T Nodos,Wed Jul 22 2026 04:00:00 GMT-0300 (Brasilia Standard Time),7709
BRXSP9,GM,J&T Nodos,Thu Jul 23 2026 04:00:00 GMT-0300 (Brasilia Standard Time),5157
BRXSP9,GM,J&T Nodos,Fri Jul 24 2026 04:00:00 GMT-0300 (Brasilia Standard Time),6417
BRXSP9,GM,J&T Nodos,Sat Jul 25 2026 04:00:00 GMT-0300 (Brasilia Standard Time),7737
BRXSP9,GM,J&T Nodos,Mon Jul 27 2026 04:00:00 GMT-0300 (Brasilia Standard Time),12360
BRXSP9,GM,J&T Nodos,Tue Jul 28 2026 04:00:00 GMT-0300 (Brasilia Standard Time),8899
BRXSP9,GM,J&T Nodos,Wed Jul 29 2026 04:00:00 GMT-0300 (Brasilia Standard Time),7400
BRXSP9,GM,J&T Nodos,Thu Jul 30 2026 04:00:00 GMT-0300 (Brasilia Standard Time),6972
BRXSP9,GM,J&T Nodos,Fri Jul 31 2026 04:00:00 GMT-0300 (Brasilia Standard Time),5928
BRXSP9,GM,J&T Nodos,Sat Aug 01 2026 04:00:00 GMT-0300 (Brasilia Standard Time),7478
BRXSP9,GM,J&T Nodos,Mon Aug 03 2026 04:00:00 GMT-0300 (Brasilia Standard Time),10373
BRXSP9,GM,J&T Nodos,Tue Aug 04 2026 04:00:00 GMT-0300 (Brasilia Standard Time),8084
BRXSP9,GM,J&T Nodos,Wed Aug 05 2026 04:00:00 GMT-0300 (Brasilia Standard Time),6763
BRXSP9,GM,J&T Nodos,Thu Aug 06 2026 04:00:00 GMT-0300 (Brasilia Standard Time),5078
BRXSP9,GM,J&T Nodos,Fri Aug 07 2026 04:00:00 GMT-0300 (Brasilia Standard Time),5103
BRXSP9,GM,J&T Nodos,Sat Aug 08 2026 04:00:00 GMT-0300 (Brasilia Standard Time),7289
BRXSP9,GM,J&T Nodos,Mon Aug 10 2026 04:00:00 GMT-0300 (Brasilia Standard Time),9204
BRXSP9,GM,J&T Nodos,Tue Aug 11 2026 04:00:00 GMT-0300 (Brasilia Standard Time),9511
BRXSP9,GM,J&T Nodos,Wed Aug 12 2026 04:00:00 GMT-0300 (Brasilia Standard Time),6211
BRXSP9,GM,J&T Nodos,Thu Aug 13 2026 04:00:00 GMT-0300 (Brasilia Standard Time),4982
BRXSP9,GM,J&T Nodos,Fri Aug 14 2026 04:00:00 GMT-0300 (Brasilia Standard Time),6297
BRXSP9,GM,J&T Nodos,Sat Aug 15 2026 04:00:00 GMT-0300 (Brasilia Standard Time),8007
BRXSP9,GM,J&T Nodos,Mon Aug 17 2026 04:00:00 GMT-0300 (Brasilia Standard Time),10456
BRXSP9,GM,J&T Nodos,Tue Aug 18 2026 04:00:00 GMT-0300 (Brasilia Standard Time),10340
BRXSP9,GM,J&T Nodos,Wed Aug 19 2026 04:00:00 GMT-0300 (Brasilia Standard Time),8156
BRXSP9,GM,J&T Nodos,Thu Aug 20 2026 04:00:00 GMT-0300 (Brasilia Standard Time),4783
BRXSP9,GM,J&T Nodos,Fri Aug 21 2026 04:00:00 GMT-0300 (Brasilia Standard Time),6244
BRXSP9,GM,J&T Nodos,Sat Aug 22 2026 04:00:00 GMT-0300 (Brasilia Standard Time),6117
BRXSP9,GM,J&T Nodos,Mon Aug 24 2026 04:00:00 GMT-0300 (Brasilia Standard Time),6683
BRXSP9,GM,J&T Nodos,Tue Aug 25 2026 04:00:00 GMT-0300 (Brasilia Standard Time),4101
BRXSP9,GM,J&T Nodos,Wed Aug 26 2026 04:00:00 GMT-0300 (Brasilia Standard Time),2580
BRXSP9,GM,J&T Nodos,Thu Aug 27 2026 04:00:00 GMT-0300 (Brasilia Standard Time),485
BRXSP9,GM,J&T Nodos,Fri Aug 28 2026 04:00:00 GMT-0300 (Brasilia Standard Time),728
BRXSP9,GM,J&T Nodos,Sat Aug 29 2026 04:00:00 GMT-0300 (Brasilia Standard Time),526
BRXSP9,GM,J&T Nodos,Mon Aug 31 2026 04:00:00 GMT-0300 (Brasilia Standard Time),203
BRXSP9,GM,J&T Nodos,Tue Sep 01 2026 04:00:00 GMT-0300 (Brasilia Standard Time),77
BRXSP9,GM,J&T Slow,Tue Jul 21 2026 04:00:00 GMT-0300 (Brasilia Standard Time),79620
BRXSP9,GM,J&T Slow,Wed Jul 22 2026 04:00:00 GMT-0300 (Brasilia Standard Time),87518
BRXSP9,GM,J&T Slow,Thu Jul 23 2026 04:00:00 GMT-0300 (Brasilia Standard Time),82199
BRXSP9,GM,J&T Slow,Fri Jul 24 2026 04:00:00 GMT-0300 (Brasilia Standard Time),83292
BRXSP9,GM,J&T Slow,Sat Jul 25 2026 04:00:00 GMT-0300 (Brasilia Standard Time),79352
BRXSP9,GM,J&T Slow,Mon Jul 27 2026 04:00:00 GMT-0300 (Brasilia Standard Time),73278
BRXSP9,GM,J&T Slow,Tue Jul 28 2026 04:00:00 GMT-0300 (Brasilia Standard Time),81425
BRXSP9,GM,J&T Slow,Wed Jul 29 2026 04:00:00 GMT-0300 (Brasilia Standard Time),75421
BRXSP9,GM,J&T Slow,Thu Jul 30 2026 04:00:00 GMT-0300 (Brasilia Standard Time),78036
BRXSP9,GM,J&T Slow,Fri Jul 31 2026 04:00:00 GMT-0300 (Brasilia Standard Time),74445
BRXSP9,GM,J&T Slow,Sat Aug 01 2026 04:00:00 GMT-0300 (Brasilia Standard Time),87657
BRXSP9,GM,J&T Slow,Mon Aug 03 2026 04:00:00 GMT-0300 (Brasilia Standard Time),105699
BRXSP9,GM,J&T Slow,Tue Aug 04 2026 04:00:00 GMT-0300 (Brasilia Standard Time),71395
BRXSP9,GM,J&T Slow,Wed Aug 05 2026 04:00:00 GMT-0300 (Brasilia Standard Time),75778
BRXSP9,GM,J&T Slow,Thu Aug 06 2026 04:00:00 GMT-0300 (Brasilia Standard Time),85491
BRXSP9,GM,J&T Slow,Fri Aug 07 2026 04:00:00 GMT-0300 (Brasilia Standard Time),104242
BRXSP9,GM,J&T Slow,Sat Aug 08 2026 04:00:00 GMT-0300 (Brasilia Standard Time),99201
BRXSP9,GM,J&T Slow,Mon Aug 10 2026 04:00:00 GMT-0300 (Brasilia Standard Time),114299
BRXSP9,GM,J&T Slow,Tue Aug 11 2026 04:00:00 GMT-0300 (Brasilia Standard Time),44186
BRXSP9,GM,J&T Slow,Wed Aug 12 2026 04:00:00 GMT-0300 (Brasilia Standard Time),85488
BRXSP9,GM,J&T Slow,Thu Aug 13 2026 04:00:00 GMT-0300 (Brasilia Standard Time),91371
BRXSP9,GM,J&T Slow,Fri Aug 14 2026 04:00:00 GMT-0300 (Brasilia Standard Time),111494
BRXSP9,GM,J&T Slow,Sat Aug 15 2026 04:00:00 GMT-0300 (Brasilia Standard Time),84984
BRXSP9,GM,J&T Slow,Mon Aug 17 2026 04:00:00 GMT-0300 (Brasilia Standard Time),93505
BRXSP9,GM,J&T Slow,Tue Aug 18 2026 04:00:00 GMT-0300 (Brasilia Standard Time),41031
BRXSP9,GM,J&T Slow,Wed Aug 19 2026 04:00:00 GMT-0300 (Brasilia Standard Time),71098
BRXSP9,GM,J&T Slow,Thu Aug 20 2026 04:00:00 GMT-0300 (Brasilia Standard Time),60106
BRXSP9,GM,J&T Slow,Fri Aug 21 2026 04:00:00 GMT-0300 (Brasilia Standard Time),41757
BRXSP9,GM,J&T Slow,Sat Aug 22 2026 04:00:00 GMT-0300 (Brasilia Standard Time),13840
BRXSP9,GM,J&T Slow,Mon Aug 24 2026 04:00:00 GMT-0300 (Brasilia Standard Time),7774
BRXSP9,GM,J&T Slow,Tue Aug 25 2026 04:00:00 GMT-0300 (Brasilia Standard Time),1340
BRXSP9,GM,J&T Slow,Wed Aug 26 2026 04:00:00 GMT-0300 (Brasilia Standard Time),2330
BRXSP9,GM,J&T Slow,Thu Aug 27 2026 04:00:00 GMT-0300 (Brasilia Standard Time),2015
BRXSP9,GM,J&T Slow,Fri Aug 28 2026 04:00:00 GMT-0300 (Brasilia Standard Time),1381
BRXSP9,GM,J&T Slow,Sat Aug 29 2026 04:00:00 GMT-0300 (Brasilia Standard Time),637
BRXSP9,GM,J&T Slow,Mon Aug 31 2026 04:00:00 GMT-0300 (Brasilia Standard Time),289
BRXSP9,GM,J&T Slow,Tue Sep 01 2026 04:00:00 GMT-0300 (Brasilia Standard Time),82
BRXSP9,GM,Jad,Tue Jul 21 2026 04:00:00 GMT-0300 (Brasilia Standard Time),772
BRXSP9,GM,Jad,Wed Jul 22 2026 04:00:00 GMT-0300 (Brasilia Standard Time),1175
BRXSP9,GM,Jad,Thu Jul 23 2026 04:00:00 GMT-0300 (Brasilia Standard Time),1250
BRXSP9,GM,Jad,Fri Jul 24 2026 04:00:00 GMT-0300 (Brasilia Standard Time),720
BRXSP9,GM,Jad,Sat Jul 25 2026 04:00:00 GMT-0300 (Brasilia Standard Time),1005
BRXSP9,GM,Jad,Mon Jul 27 2026 04:00:00 GMT-0300 (Brasilia Standard Time),888
BRXSP9,GM,Jad,Tue Jul 28 2026 04:00:00 GMT-0300 (Brasilia Standard Time),841
BRXSP9,GM,Jad,Wed Jul 29 2026 04:00:00 GMT-0300 (Brasilia Standard Time),1010
BRXSP9,GM,Jad,Thu Jul 30 2026 04:00:00 GMT-0300 (Brasilia Standard Time),849
BRXSP9,GM,Jad,Fri Jul 31 2026 04:00:00 GMT-0300 (Brasilia Standard Time),667
BRXSP9,GM,Jad,Sat Aug 01 2026 04:00:00 GMT-0300 (Brasilia Standard Time),1073
BRXSP9,GM,Jad,Mon Aug 03 2026 04:00:00 GMT-0300 (Brasilia Standard Time),775
BRXSP9,GM,Jad,Tue Aug 04 2026 04:00:00 GMT-0300 (Brasilia Standard Time),1198
BRXSP9,GM,Jad,Wed Aug 05 2026 04:00:00 GMT-0300 (Brasilia Standard Time),751
BRXSP9,GM,Jad,Thu Aug 06 2026 04:00:00 GMT-0300 (Brasilia Standard Time),801
BRXSP9,GM,Jad,Fri Aug 07 2026 04:00:00 GMT-0300 (Brasilia Standard Time),1656
BRXSP9,GM,Jad,Sat Aug 08 2026 04:00:00 GMT-0300 (Brasilia Standard Time),1041
BRXSP9,GM,Jad,Mon Aug 10 2026 04:00:00 GMT-0300 (Brasilia Standard Time),1269
BRXSP9,GM,Jad,Tue Aug 11 2026 04:00:00 GMT-0300 (Brasilia Standard Time),1417
BRXSP9,GM,Jad,Wed Aug 12 2026 04:00:00 GMT-0300 (Brasilia Standard Time),1275
BRXSP9,GM,Jad,Thu Aug 13 2026 04:00:00 GMT-0300 (Brasilia Standard Time),1322
BRXSP9,GM,Jad,Fri Aug 14 2026 04:00:00 GMT-0300 (Brasilia Standard Time),1041
BRXSP9,GM,Jad,Sat Aug 15 2026 04:00:00 GMT-0300 (Brasilia Standard Time),913
BRXSP9,GM,Jad,Mon Aug 17 2026 04:00:00 GMT-0300 (Brasilia Standard Time),650
BRXSP9,GM,Jad,Tue Aug 18 2026 04:00:00 GMT-0300 (Brasilia Standard Time),1574
BRXSP9,GM,Jad,Wed Aug 19 2026 04:00:00 GMT-0300 (Brasilia Standard Time),320
BRXSP9,GM,Jad,Thu Aug 20 2026 04:00:00 GMT-0300 (Brasilia Standard Time),696
BRXSP9,GM,Jad,Fri Aug 21 2026 04:00:00 GMT-0300 (Brasilia Standard Time),222
BRXSP9,GM,Jad,Sat Aug 22 2026 04:00:00 GMT-0300 (Brasilia Standard Time),77
BRXSP9,GM,Jad,Mon Aug 24 2026 04:00:00 GMT-0300 (Brasilia Standard Time),31
BRXSP9,GM,Jad,Tue Aug 25 2026 04:00:00 GMT-0300 (Brasilia Standard Time),82
BRXSP9,GM,Jad,Wed Aug 26 2026 04:00:00 GMT-0300 (Brasilia Standard Time),13
BRXSP9,GM,Jad,Thu Aug 27 2026 04:00:00 GMT-0300 (Brasilia Standard Time),10
BRXSP9,GM,Jad,Fri Aug 28 2026 04:00:00 GMT-0300 (Brasilia Standard Time),3
BRXSP9,GM,Jad,Sat Aug 29 2026 04:00:00 GMT-0300 (Brasilia Standard Time),3
BRXSP9,GM,Jad,Mon Aug 31 2026 04:00:00 GMT-0300 (Brasilia Standard Time),6
BRXSP9,GM,Jad,Tue Sep 01 2026 04:00:00 GMT-0300 (Brasilia Standard Time),2
BRXSP9,GM,Loggi,Tue Jul 21 2026 04:00:00 GMT-0300 (Brasilia Standard Time),2954
BRXSP9,GM,Loggi,Wed Jul 22 2026 04:00:00 GMT-0300 (Brasilia Standard Time),2528
BRXSP9,GM,Loggi,Thu Jul 23 2026 04:00:00 GMT-0300 (Brasilia Standard Time),2060
BRXSP9,GM,Loggi,Fri Jul 24 2026 04:00:00 GMT-0300 (Brasilia Standard Time),2084
BRXSP9,GM,Loggi,Sat Jul 25 2026 04:00:00 GMT-0300 (Brasilia Standard Time),2554
BRXSP9,GM,Loggi,Mon Jul 27 2026 04:00:00 GMT-0300 (Brasilia Standard Time),3157
BRXSP9,GM,Loggi,Tue Jul 28 2026 04:00:00 GMT-0300 (Brasilia Standard Time),2267
BRXSP9,GM,Loggi,Wed Jul 29 2026 04:00:00 GMT-0300 (Brasilia Standard Time),2383
BRXSP9,GM,Loggi,Thu Jul 30 2026 04:00:00 GMT-0300 (Brasilia Standard Time),1929
BRXSP9,GM,Loggi,Fri Jul 31 2026 04:00:00 GMT-0300 (Brasilia Standard Time),1713
BRXSP9,GM,Loggi,Sat Aug 01 2026 04:00:00 GMT-0300 (Brasilia Standard Time),2111
BRXSP9,GM,Loggi,Mon Aug 03 2026 04:00:00 GMT-0300 (Brasilia Standard Time),2223
BRXSP9,GM,Loggi,Tue Aug 04 2026 04:00:00 GMT-0300 (Brasilia Standard Time),4716
BRXSP9,GM,Loggi,Wed Aug 05 2026 04:00:00 GMT-0300 (Brasilia Standard Time),2258
BRXSP9,GM,Loggi,Thu Aug 06 2026 04:00:00 GMT-0300 (Brasilia Standard Time),581
BRXSP9,GM,Loggi,Fri Aug 07 2026 04:00:00 GMT-0300 (Brasilia Standard Time),1294
BRXSP9,GM,Loggi,Sat Aug 08 2026 04:00:00 GMT-0300 (Brasilia Standard Time),1029
BRXSP9,GM,Loggi,Mon Aug 10 2026 04:00:00 GMT-0300 (Brasilia Standard Time),335
BRXSP9,GM,Loggi,Tue Aug 11 2026 04:00:00 GMT-0300 (Brasilia Standard Time),727
BRXSP9,GM,Loggi,Wed Aug 12 2026 04:00:00 GMT-0300 (Brasilia Standard Time),586
BRXSP9,GM,Loggi,Thu Aug 13 2026 04:00:00 GMT-0300 (Brasilia Standard Time),682
BRXSP9,GM,Loggi,Fri Aug 14 2026 04:00:00 GMT-0300 (Brasilia Standard Time),5
BRXSP9,GM,Loggi,Sat Aug 15 2026 04:00:00 GMT-0300 (Brasilia Standard Time),2
BRXSP9,GM,Loggi,Mon Aug 17 2026 04:00:00 GMT-0300 (Brasilia Standard Time),11
BRXSP9,GM,Loggi,Tue Aug 18 2026 04:00:00 GMT-0300 (Brasilia Standard Time),426
BRXSP9,GM,Loggi,Wed Aug 19 2026 04:00:00 GMT-0300 (Brasilia Standard Time),10
BRXSP9,GM,Loggi,Thu Aug 20 2026 04:00:00 GMT-0300 (Brasilia Standard Time),8
BRXSP9,GM,Loggi,Fri Aug 21 2026 04:00:00 GMT-0300 (Brasilia Standard Time),6
BRXSP9,GM,Loggi,Sat Aug 22 2026 04:00:00 GMT-0300 (Brasilia Standard Time),2
BRXSP9,GM,Loggi,Mon Aug 24 2026 04:00:00 GMT-0300 (Brasilia Standard Time),10
BRXSP9,GM,Loggi,Wed Aug 26 2026 04:00:00 GMT-0300 (Brasilia Standard Time),11
BRXSP9,GM,Loggi,Fri Aug 28 2026 04:00:00 GMT-0300 (Brasilia Standard Time),2
BRXSP9,GM,Loggi,Sat Aug 29 2026 04:00:00 GMT-0300 (Brasilia Standard Time),1
BRXSP9,LARGE,Carvalima,Tue Jul 21 2026 04:00:00 GMT-0300 (Brasilia Standard Time),1364
BRXSP9,LARGE,Carvalima,Wed Jul 22 2026 04:00:00 GMT-0300 (Brasilia Standard Time),1178
BRXSP9,LARGE,Carvalima,Thu Jul 23 2026 04:00:00 GMT-0300 (Brasilia Standard Time),940
BRXSP9,LARGE,Carvalima,Fri Jul 24 2026 04:00:00 GMT-0300 (Brasilia Standard Time),919
BRXSP9,LARGE,Carvalima,Sat Jul 25 2026 04:00:00 GMT-0300 (Brasilia Standard Time),892
BRXSP9,LARGE,Carvalima,Mon Jul 27 2026 04:00:00 GMT-0300 (Brasilia Standard Time),1166
BRXSP9,LARGE,Carvalima,Tue Jul 28 2026 04:00:00 GMT-0300 (Brasilia Standard Time),1721
BRXSP9,LARGE,Carvalima,Wed Jul 29 2026 04:00:00 GMT-0300 (Brasilia Standard Time),1095
BRXSP9,LARGE,Carvalima,Thu Jul 30 2026 04:00:00 GMT-0300 (Brasilia Standard Time),982
BRXSP9,LARGE,Carvalima,Fri Jul 31 2026 04:00:00 GMT-0300 (Brasilia Standard Time),789
BRXSP9,LARGE,Carvalima,Sat Aug 01 2026 04:00:00 GMT-0300 (Brasilia Standard Time),848
BRXSP9,LARGE,Carvalima,Mon Aug 03 2026 04:00:00 GMT-0300 (Brasilia Standard Time),1218
BRXSP9,LARGE,Carvalima,Tue Aug 04 2026 04:00:00 GMT-0300 (Brasilia Standard Time),1045
BRXSP9,LARGE,Carvalima,Wed Aug 05 2026 04:00:00 GMT-0300 (Brasilia Standard Time),1011
BRXSP9,LARGE,Carvalima,Thu Aug 06 2026 04:00:00 GMT-0300 (Brasilia Standard Time),939
BRXSP9,LARGE,Carvalima,Fri Aug 07 2026 04:00:00 GMT-0300 (Brasilia Standard Time),790
BRXSP9,LARGE,Carvalima,Sat Aug 08 2026 04:00:00 GMT-0300 (Brasilia Standard Time),946
BRXSP9,LARGE,Carvalima,Mon Aug 10 2026 04:00:00 GMT-0300 (Brasilia Standard Time),1507
BRXSP9,LARGE,Carvalima,Tue Aug 11 2026 04:00:00 GMT-0300 (Brasilia Standard Time),1382
BRXSP9,LARGE,Carvalima,Wed Aug 12 2026 04:00:00 GMT-0300 (Brasilia Standard Time),947
BRXSP9,LARGE,Carvalima,Thu Aug 13 2026 04:00:00 GMT-0300 (Brasilia Standard Time),1085
BRXSP9,LARGE,Carvalima,Fri Aug 14 2026 04:00:00 GMT-0300 (Brasilia Standard Time),1042
BRXSP9,LARGE,Carvalima,Sat Aug 15 2026 04:00:00 GMT-0300 (Brasilia Standard Time),959
BRXSP9,LARGE,Carvalima,Mon Aug 17 2026 04:00:00 GMT-0300 (Brasilia Standard Time),1578
BRXSP9,LARGE,Carvalima,Tue Aug 18 2026 04:00:00 GMT-0300 (Brasilia Standard Time),1468
BRXSP9,LARGE,Carvalima,Wed Aug 19 2026 04:00:00 GMT-0300 (Brasilia Standard Time),1037
BRXSP9,LARGE,Carvalima,Thu Aug 20 2026 04:00:00 GMT-0300 (Brasilia Standard Time),1186
BRXSP9,LARGE,Carvalima,Fri Aug 21 2026 04:00:00 GMT-0300 (Brasilia Standard Time),983
BRXSP9,LARGE,Carvalima,Sat Aug 22 2026 04:00:00 GMT-0300 (Brasilia Standard Time),261
BRXSP9,LARGE,Carvalima,Mon Aug 24 2026 04:00:00 GMT-0300 (Brasilia Standard Time),120
BRXSP9,LARGE,Carvalima,Tue Aug 25 2026 04:00:00 GMT-0300 (Brasilia Standard Time),134
BRXSP9,LARGE,Carvalima,Wed Aug 26 2026 04:00:00 GMT-0300 (Brasilia Standard Time),23
BRXSP9,LARGE,Carvalima,Thu Aug 27 2026 04:00:00 GMT-0300 (Brasilia Standard Time),12
BRXSP9,LARGE,Carvalima,Fri Aug 28 2026 04:00:00 GMT-0300 (Brasilia Standard Time),11
BRXSP9,LARGE,Carvalima,Sat Aug 29 2026 04:00:00 GMT-0300 (Brasilia Standard Time),3
BRXSP9,LARGE,Carvalima,Mon Aug 31 2026 04:00:00 GMT-0300 (Brasilia Standard Time),5
BRXSP9,LARGE,Carvalima,Tue Sep 01 2026 04:00:00 GMT-0300 (Brasilia Standard Time),9
BRXSP9,LARGE,Dominalog,Tue Jul 21 2026 04:00:00 GMT-0300 (Brasilia Standard Time),1345
BRXSP9,LARGE,Dominalog,Wed Jul 22 2026 04:00:00 GMT-0300 (Brasilia Standard Time),1135
BRXSP9,LARGE,Dominalog,Thu Jul 23 2026 04:00:00 GMT-0300 (Brasilia Standard Time),1244
BRXSP9,LARGE,Dominalog,Fri Jul 24 2026 04:00:00 GMT-0300 (Brasilia Standard Time),1220
BRXSP9,LARGE,Dominalog,Sat Jul 25 2026 04:00:00 GMT-0300 (Brasilia Standard Time),976
BRXSP9,LARGE,Dominalog,Mon Jul 27 2026 04:00:00 GMT-0300 (Brasilia Standard Time),1137
BRXSP9,LARGE,Dominalog,Tue Jul 28 2026 04:00:00 GMT-0300 (Brasilia Standard Time),1385
BRXSP9,LARGE,Dominalog,Wed Jul 29 2026 04:00:00 GMT-0300 (Brasilia Standard Time),1070
BRXSP9,LARGE,Dominalog,Thu Jul 30 2026 04:00:00 GMT-0300 (Brasilia Standard Time),1226
BRXSP9,LARGE,Dominalog,Fri Jul 31 2026 04:00:00 GMT-0300 (Brasilia Standard Time),1148
BRXSP9,LARGE,Dominalog,Sat Aug 01 2026 04:00:00 GMT-0300 (Brasilia Standard Time),1181
BRXSP9,LARGE,Dominalog,Mon Aug 03 2026 04:00:00 GMT-0300 (Brasilia Standard Time),1408
BRXSP9,LARGE,Dominalog,Tue Aug 04 2026 04:00:00 GMT-0300 (Brasilia Standard Time),2033
BRXSP9,LARGE,Dominalog,Wed Aug 05 2026 04:00:00 GMT-0300 (Brasilia Standard Time),1875
BRXSP9,LARGE,Dominalog,Thu Aug 06 2026 04:00:00 GMT-0300 (Brasilia Standard Time),1867
BRXSP9,LARGE,Dominalog,Fri Aug 07 2026 04:00:00 GMT-0300 (Brasilia Standard Time),1844
BRXSP9,LARGE,Dominalog,Sat Aug 08 2026 04:00:00 GMT-0300 (Brasilia Standard Time),1253
BRXSP9,LARGE,Dominalog,Mon Aug 10 2026 04:00:00 GMT-0300 (Brasilia Standard Time),1466
BRXSP9,LARGE,Dominalog,Tue Aug 11 2026 04:00:00 GMT-0300 (Brasilia Standard Time),1415
BRXSP9,LARGE,Dominalog,Wed Aug 12 2026 04:00:00 GMT-0300 (Brasilia Standard Time),1446
BRXSP9,LARGE,Dominalog,Thu Aug 13 2026 04:00:00 GMT-0300 (Brasilia Standard Time),1412
BRXSP9,LARGE,Dominalog,Fri Aug 14 2026 04:00:00 GMT-0300 (Brasilia Standard Time),1022
BRXSP9,LARGE,Dominalog,Sat Aug 15 2026 04:00:00 GMT-0300 (Brasilia Standard Time),530
BRXSP9,LARGE,Dominalog,Mon Aug 17 2026 04:00:00 GMT-0300 (Brasilia Standard Time),818
BRXSP9,LARGE,Dominalog,Tue Aug 18 2026 04:00:00 GMT-0300 (Brasilia Standard Time),809
BRXSP9,LARGE,Dominalog,Wed Aug 19 2026 04:00:00 GMT-0300 (Brasilia Standard Time),532
BRXSP9,LARGE,Dominalog,Thu Aug 20 2026 04:00:00 GMT-0300 (Brasilia Standard Time),229
BRXSP9,LARGE,Dominalog,Fri Aug 21 2026 04:00:00 GMT-0300 (Brasilia Standard Time),24
BRXSP9,LARGE,Dominalog,Sat Aug 22 2026 04:00:00 GMT-0300 (Brasilia Standard Time),21
BRXSP9,LARGE,Dominalog,Mon Aug 24 2026 04:00:00 GMT-0300 (Brasilia Standard Time),22
BRXSP9,LARGE,Dominalog,Tue Aug 25 2026 04:00:00 GMT-0300 (Brasilia Standard Time),11
BRXSP9,LARGE,Dominalog,Wed Aug 26 2026 04:00:00 GMT-0300 (Brasilia Standard Time),8
BRXSP9,LARGE,Dominalog,Thu Aug 27 2026 04:00:00 GMT-0300 (Brasilia Standard Time),2
BRXSP9,LARGE,Dominalog,Fri Aug 28 2026 04:00:00 GMT-0300 (Brasilia Standard Time),3
BRXSP9,LARGE,Dominalog,Sat Aug 29 2026 04:00:00 GMT-0300 (Brasilia Standard Time),1
BRXSP9,LARGE,Dominalog,Mon Aug 31 2026 04:00:00 GMT-0300 (Brasilia Standard Time),3
BRXSP9,LARGE,Dominalog,Tue Sep 01 2026 04:00:00 GMT-0300 (Brasilia Standard Time),1
BRXSP9,LARGE,Imile Fast,Tue Jul 21 2026 04:00:00 GMT-0300 (Brasilia Standard Time),433
BRXSP9,LARGE,Imile Fast,Wed Jul 22 2026 04:00:00 GMT-0300 (Brasilia Standard Time),292
BRXSP9,LARGE,Imile Fast,Thu Jul 23 2026 04:00:00 GMT-0300 (Brasilia Standard Time),246
BRXSP9,LARGE,Imile Fast,Fri Jul 24 2026 04:00:00 GMT-0300 (Brasilia Standard Time),227
BRXSP9,LARGE,Imile Fast,Sat Jul 25 2026 04:00:00 GMT-0300 (Brasilia Standard Time),216
BRXSP9,LARGE,Imile Fast,Mon Jul 27 2026 04:00:00 GMT-0300 (Brasilia Standard Time),461
BRXSP9,LARGE,Imile Fast,Tue Jul 28 2026 04:00:00 GMT-0300 (Brasilia Standard Time),466
BRXSP9,LARGE,Imile Fast,Wed Jul 29 2026 04:00:00 GMT-0300 (Brasilia Standard Time),280
BRXSP9,LARGE,Imile Fast,Thu Jul 30 2026 04:00:00 GMT-0300 (Brasilia Standard Time),257
BRXSP9,LARGE,Imile Fast,Fri Jul 31 2026 04:00:00 GMT-0300 (Brasilia Standard Time),254
BRXSP9,LARGE,Imile Fast,Sat Aug 01 2026 04:00:00 GMT-0300 (Brasilia Standard Time),194
BRXSP9,LARGE,Imile Fast,Mon Aug 03 2026 04:00:00 GMT-0300 (Brasilia Standard Time),419
BRXSP9,LARGE,Imile Fast,Tue Aug 04 2026 04:00:00 GMT-0300 (Brasilia Standard Time),372
BRXSP9,LARGE,Imile Fast,Wed Aug 05 2026 04:00:00 GMT-0300 (Brasilia Standard Time),285
BRXSP9,LARGE,Imile Fast,Thu Aug 06 2026 04:00:00 GMT-0300 (Brasilia Standard Time),268
BRXSP9,LARGE,Imile Fast,Fri Aug 07 2026 04:00:00 GMT-0300 (Brasilia Standard Time),257
BRXSP9,LARGE,Imile Fast,Sat Aug 08 2026 04:00:00 GMT-0300 (Brasilia Standard Time),245
BRXSP9,LARGE,Imile Fast,Mon Aug 10 2026 04:00:00 GMT-0300 (Brasilia Standard Time),470
BRXSP9,LARGE,Imile Fast,Tue Aug 11 2026 04:00:00 GMT-0300 (Brasilia Standard Time),359
BRXSP9,LARGE,Imile Fast,Wed Aug 12 2026 04:00:00 GMT-0300 (Brasilia Standard Time),324
BRXSP9,LARGE,Imile Fast,Thu Aug 13 2026 04:00:00 GMT-0300 (Brasilia Standard Time),282
BRXSP9,LARGE,Imile Fast,Fri Aug 14 2026 04:00:00 GMT-0300 (Brasilia Standard Time),278
BRXSP9,LARGE,Imile Fast,Sat Aug 15 2026 04:00:00 GMT-0300 (Brasilia Standard Time),174
BRXSP9,LARGE,Imile Fast,Mon Aug 17 2026 04:00:00 GMT-0300 (Brasilia Standard Time),399
BRXSP9,LARGE,Imile Fast,Tue Aug 18 2026 04:00:00 GMT-0300 (Brasilia Standard Time),227
BRXSP9,LARGE,Imile Fast,Wed Aug 19 2026 04:00:00 GMT-0300 (Brasilia Standard Time),181
BRXSP9,LARGE,Imile Fast,Thu Aug 20 2026 04:00:00 GMT-0300 (Brasilia Standard Time),54
BRXSP9,LARGE,Imile Fast,Fri Aug 21 2026 04:00:00 GMT-0300 (Brasilia Standard Time),9
BRXSP9,LARGE,Imile Fast,Sat Aug 22 2026 04:00:00 GMT-0300 (Brasilia Standard Time),6
BRXSP9,LARGE,Imile Fast,Mon Aug 24 2026 04:00:00 GMT-0300 (Brasilia Standard Time),9
BRXSP9,LARGE,Imile Fast,Tue Aug 25 2026 04:00:00 GMT-0300 (Brasilia Standard Time),2
BRXSP9,LARGE,Imile Fast,Wed Aug 26 2026 04:00:00 GMT-0300 (Brasilia Standard Time),12
BRXSP9,LARGE,Imile Fast,Thu Aug 27 2026 04:00:00 GMT-0300 (Brasilia Standard Time),1
BRXSP9,LARGE,Imile Fast,Fri Aug 28 2026 04:00:00 GMT-0300 (Brasilia Standard Time),1
BRXSP9,LARGE,Imile Slow,Tue Jul 21 2026 04:00:00 GMT-0300 (Brasilia Standard Time),74
BRXSP9,LARGE,Imile Slow,Wed Jul 22 2026 04:00:00 GMT-0300 (Brasilia Standard Time),137
BRXSP9,LARGE,Imile Slow,Thu Jul 23 2026 04:00:00 GMT-0300 (Brasilia Standard Time),112
BRXSP9,LARGE,Imile Slow,Fri Jul 24 2026 04:00:00 GMT-0300 (Brasilia Standard Time),75
BRXSP9,LARGE,Imile Slow,Sat Jul 25 2026 04:00:00 GMT-0300 (Brasilia Standard Time),62
BRXSP9,LARGE,Imile Slow,Mon Jul 27 2026 04:00:00 GMT-0300 (Brasilia Standard Time),18
BRXSP9,LARGE,Imile Slow,Tue Jul 28 2026 04:00:00 GMT-0300 (Brasilia Standard Time),56
BRXSP9,LARGE,Imile Slow,Wed Jul 29 2026 04:00:00 GMT-0300 (Brasilia Standard Time),59
BRXSP9,LARGE,Imile Slow,Thu Jul 30 2026 04:00:00 GMT-0300 (Brasilia Standard Time),33
BRXSP9,LARGE,Imile Slow,Fri Jul 31 2026 04:00:00 GMT-0300 (Brasilia Standard Time),32
BRXSP9,LARGE,Imile Slow,Sat Aug 01 2026 04:00:00 GMT-0300 (Brasilia Standard Time),18
BRXSP9,LARGE,Imile Slow,Mon Aug 03 2026 04:00:00 GMT-0300 (Brasilia Standard Time),9
BRXSP9,LARGE,Imile Slow,Tue Aug 04 2026 04:00:00 GMT-0300 (Brasilia Standard Time),32
BRXSP9,LARGE,Imile Slow,Wed Aug 05 2026 04:00:00 GMT-0300 (Brasilia Standard Time),45
BRXSP9,LARGE,Imile Slow,Thu Aug 06 2026 04:00:00 GMT-0300 (Brasilia Standard Time),23
BRXSP9,LARGE,Imile Slow,Fri Aug 07 2026 04:00:00 GMT-0300 (Brasilia Standard Time),22
BRXSP9,LARGE,Imile Slow,Sat Aug 08 2026 04:00:00 GMT-0300 (Brasilia Standard Time),30
BRXSP9,LARGE,Imile Slow,Mon Aug 10 2026 04:00:00 GMT-0300 (Brasilia Standard Time),12
BRXSP9,LARGE,Imile Slow,Tue Aug 11 2026 04:00:00 GMT-0300 (Brasilia Standard Time),37
BRXSP9,LARGE,Imile Slow,Wed Aug 12 2026 04:00:00 GMT-0300 (Brasilia Standard Time),29
BRXSP9,LARGE,Imile Slow,Thu Aug 13 2026 04:00:00 GMT-0300 (Brasilia Standard Time),12
BRXSP9,LARGE,Imile Slow,Fri Aug 14 2026 04:00:00 GMT-0300 (Brasilia Standard Time),5
BRXSP9,LARGE,Imile Slow,Sat Aug 15 2026 04:00:00 GMT-0300 (Brasilia Standard Time),13
BRXSP9,LARGE,Imile Slow,Mon Aug 17 2026 04:00:00 GMT-0300 (Brasilia Standard Time),8
BRXSP9,LARGE,Imile Slow,Tue Aug 18 2026 04:00:00 GMT-0300 (Brasilia Standard Time),21
BRXSP9,LARGE,Imile Slow,Wed Aug 19 2026 04:00:00 GMT-0300 (Brasilia Standard Time),21
BRXSP9,LARGE,Imile Slow,Thu Aug 20 2026 04:00:00 GMT-0300 (Brasilia Standard Time),5
BRXSP9,LARGE,Imile Slow,Fri Aug 21 2026 04:00:00 GMT-0300 (Brasilia Standard Time),2
BRXSP9,LARGE,Imile Slow,Sat Aug 22 2026 04:00:00 GMT-0300 (Brasilia Standard Time),6
BRXSP9,LARGE,Imile Slow,Tue Aug 25 2026 04:00:00 GMT-0300 (Brasilia Standard Time),6
BRXSP9,LARGE,Imile Slow,Wed Aug 26 2026 04:00:00 GMT-0300 (Brasilia Standard Time),3
BRXSP9,LARGE,Imile Slow,Tue Sep 01 2026 04:00:00 GMT-0300 (Brasilia Standard Time),1
BRXSP9,LARGE,J&T Fast,Tue Jul 21 2026 04:00:00 GMT-0300 (Brasilia Standard Time),22
BRXSP9,LARGE,J&T Fast,Wed Jul 22 2026 04:00:00 GMT-0300 (Brasilia Standard Time),29
BRXSP9,LARGE,J&T Fast,Thu Jul 23 2026 04:00:00 GMT-0300 (Brasilia Standard Time),18
BRXSP9,LARGE,J&T Fast,Fri Jul 24 2026 04:00:00 GMT-0300 (Brasilia Standard Time),27
BRXSP9,LARGE,J&T Fast,Sat Jul 25 2026 04:00:00 GMT-0300 (Brasilia Standard Time),19
BRXSP9,LARGE,J&T Fast,Mon Jul 27 2026 04:00:00 GMT-0300 (Brasilia Standard Time),17
BRXSP9,LARGE,J&T Fast,Tue Jul 28 2026 04:00:00 GMT-0300 (Brasilia Standard Time),15
BRXSP9,LARGE,J&T Fast,Wed Jul 29 2026 04:00:00 GMT-0300 (Brasilia Standard Time),25
BRXSP9,LARGE,J&T Fast,Thu Jul 30 2026 04:00:00 GMT-0300 (Brasilia Standard Time),25
BRXSP9,LARGE,J&T Fast,Fri Jul 31 2026 04:00:00 GMT-0300 (Brasilia Standard Time),19
BRXSP9,LARGE,J&T Fast,Sat Aug 01 2026 04:00:00 GMT-0300 (Brasilia Standard Time),21
BRXSP9,LARGE,J&T Fast,Mon Aug 03 2026 04:00:00 GMT-0300 (Brasilia Standard Time),19
BRXSP9,LARGE,J&T Fast,Tue Aug 04 2026 04:00:00 GMT-0300 (Brasilia Standard Time),10
BRXSP9,LARGE,J&T Fast,Wed Aug 05 2026 04:00:00 GMT-0300 (Brasilia Standard Time),29
BRXSP9,LARGE,J&T Fast,Thu Aug 06 2026 04:00:00 GMT-0300 (Brasilia Standard Time),16
BRXSP9,LARGE,J&T Fast,Fri Aug 07 2026 04:00:00 GMT-0300 (Brasilia Standard Time),19
BRXSP9,LARGE,J&T Fast,Sat Aug 08 2026 04:00:00 GMT-0300 (Brasilia Standard Time),18
BRXSP9,LARGE,J&T Fast,Mon Aug 10 2026 04:00:00 GMT-0300 (Brasilia Standard Time),9
BRXSP9,LARGE,J&T Fast,Tue Aug 11 2026 04:00:00 GMT-0300 (Brasilia Standard Time),11
BRXSP9,LARGE,J&T Fast,Wed Aug 12 2026 04:00:00 GMT-0300 (Brasilia Standard Time),23
BRXSP9,LARGE,J&T Fast,Thu Aug 13 2026 04:00:00 GMT-0300 (Brasilia Standard Time),27
BRXSP9,LARGE,J&T Fast,Fri Aug 14 2026 04:00:00 GMT-0300 (Brasilia Standard Time),22
BRXSP9,LARGE,J&T Fast,Sat Aug 15 2026 04:00:00 GMT-0300 (Brasilia Standard Time),15
BRXSP9,LARGE,J&T Fast,Mon Aug 17 2026 04:00:00 GMT-0300 (Brasilia Standard Time),12
BRXSP9,LARGE,J&T Fast,Tue Aug 18 2026 04:00:00 GMT-0300 (Brasilia Standard Time),7
BRXSP9,LARGE,J&T Fast,Wed Aug 19 2026 04:00:00 GMT-0300 (Brasilia Standard Time),6
BRXSP9,LARGE,J&T Fast,Thu Aug 20 2026 04:00:00 GMT-0300 (Brasilia Standard Time),5
BRXSP9,LARGE,J&T Fast,Fri Aug 21 2026 04:00:00 GMT-0300 (Brasilia Standard Time),6
BRXSP9,LARGE,J&T Fast,Sat Aug 22 2026 04:00:00 GMT-0300 (Brasilia Standard Time),5
BRXSP9,LARGE,J&T Fast,Mon Aug 24 2026 04:00:00 GMT-0300 (Brasilia Standard Time),3
BRXSP9,LARGE,J&T Fast,Fri Aug 28 2026 04:00:00 GMT-0300 (Brasilia Standard Time),1
BRXSP9,LARGE,J&T Fast,Sat Aug 29 2026 04:00:00 GMT-0300 (Brasilia Standard Time),1
BRXSP9,LARGE,J&T Fast,Mon Aug 31 2026 04:00:00 GMT-0300 (Brasilia Standard Time),5
BRXSP9,LARGE,J&T Nodos,Tue Jul 21 2026 04:00:00 GMT-0300 (Brasilia Standard Time),24
BRXSP9,LARGE,J&T Nodos,Wed Jul 22 2026 04:00:00 GMT-0300 (Brasilia Standard Time),16
BRXSP9,LARGE,J&T Nodos,Thu Jul 23 2026 04:00:00 GMT-0300 (Brasilia Standard Time),5
BRXSP9,LARGE,J&T Nodos,Fri Jul 24 2026 04:00:00 GMT-0300 (Brasilia Standard Time),7
BRXSP9,LARGE,J&T Nodos,Sat Jul 25 2026 04:00:00 GMT-0300 (Brasilia Standard Time),13
BRXSP9,LARGE,J&T Nodos,Mon Jul 27 2026 04:00:00 GMT-0300 (Brasilia Standard Time),29
BRXSP9,LARGE,J&T Nodos,Tue Jul 28 2026 04:00:00 GMT-0300 (Brasilia Standard Time),11
BRXSP9,LARGE,J&T Nodos,Wed Jul 29 2026 04:00:00 GMT-0300 (Brasilia Standard Time),8
BRXSP9,LARGE,J&T Nodos,Thu Jul 30 2026 04:00:00 GMT-0300 (Brasilia Standard Time),5
BRXSP9,LARGE,J&T Nodos,Fri Jul 31 2026 04:00:00 GMT-0300 (Brasilia Standard Time),8
BRXSP9,LARGE,J&T Nodos,Sat Aug 01 2026 04:00:00 GMT-0300 (Brasilia Standard Time),7
BRXSP9,LARGE,J&T Nodos,Mon Aug 03 2026 04:00:00 GMT-0300 (Brasilia Standard Time),21
BRXSP9,LARGE,J&T Nodos,Tue Aug 04 2026 04:00:00 GMT-0300 (Brasilia Standard Time),14
BRXSP9,LARGE,J&T Nodos,Wed Aug 05 2026 04:00:00 GMT-0300 (Brasilia Standard Time),6
BRXSP9,LARGE,J&T Nodos,Thu Aug 06 2026 04:00:00 GMT-0300 (Brasilia Standard Time),1
BRXSP9,LARGE,J&T Nodos,Fri Aug 07 2026 04:00:00 GMT-0300 (Brasilia Standard Time),8
BRXSP9,LARGE,J&T Nodos,Sat Aug 08 2026 04:00:00 GMT-0300 (Brasilia Standard Time),13
BRXSP9,LARGE,J&T Nodos,Mon Aug 10 2026 04:00:00 GMT-0300 (Brasilia Standard Time),13
BRXSP9,LARGE,J&T Nodos,Tue Aug 11 2026 04:00:00 GMT-0300 (Brasilia Standard Time),7
BRXSP9,LARGE,J&T Nodos,Wed Aug 12 2026 04:00:00 GMT-0300 (Brasilia Standard Time),7
BRXSP9,LARGE,J&T Nodos,Thu Aug 13 2026 04:00:00 GMT-0300 (Brasilia Standard Time),1
BRXSP9,LARGE,J&T Nodos,Fri Aug 14 2026 04:00:00 GMT-0300 (Brasilia Standard Time),12
BRXSP9,LARGE,J&T Nodos,Sat Aug 15 2026 04:00:00 GMT-0300 (Brasilia Standard Time),13
BRXSP9,LARGE,J&T Nodos,Mon Aug 17 2026 04:00:00 GMT-0300 (Brasilia Standard Time),21
BRXSP9,LARGE,J&T Nodos,Tue Aug 18 2026 04:00:00 GMT-0300 (Brasilia Standard Time),23
BRXSP9,LARGE,J&T Nodos,Wed Aug 19 2026 04:00:00 GMT-0300 (Brasilia Standard Time),6
BRXSP9,LARGE,J&T Nodos,Thu Aug 20 2026 04:00:00 GMT-0300 (Brasilia Standard Time),1
BRXSP9,LARGE,J&T Nodos,Fri Aug 21 2026 04:00:00 GMT-0300 (Brasilia Standard Time),7
BRXSP9,LARGE,J&T Nodos,Sat Aug 22 2026 04:00:00 GMT-0300 (Brasilia Standard Time),14
BRXSP9,LARGE,J&T Nodos,Mon Aug 24 2026 04:00:00 GMT-0300 (Brasilia Standard Time),17
BRXSP9,LARGE,J&T Nodos,Tue Aug 25 2026 04:00:00 GMT-0300 (Brasilia Standard Time),8
BRXSP9,LARGE,J&T Nodos,Wed Aug 26 2026 04:00:00 GMT-0300 (Brasilia Standard Time),7
BRXSP9,LARGE,J&T Nodos,Mon Aug 31 2026 04:00:00 GMT-0300 (Brasilia Standard Time),1
BRXSP9,LARGE,J&T Slow,Tue Jul 21 2026 04:00:00 GMT-0300 (Brasilia Standard Time),152
BRXSP9,LARGE,J&T Slow,Wed Jul 22 2026 04:00:00 GMT-0300 (Brasilia Standard Time),168
BRXSP9,LARGE,J&T Slow,Thu Jul 23 2026 04:00:00 GMT-0300 (Brasilia Standard Time),167
BRXSP9,LARGE,J&T Slow,Fri Jul 24 2026 04:00:00 GMT-0300 (Brasilia Standard Time),187
BRXSP9,LARGE,J&T Slow,Sat Jul 25 2026 04:00:00 GMT-0300 (Brasilia Standard Time),209
BRXSP9,LARGE,J&T Slow,Mon Jul 27 2026 04:00:00 GMT-0300 (Brasilia Standard Time),74
BRXSP9,LARGE,J&T Slow,Tue Jul 28 2026 04:00:00 GMT-0300 (Brasilia Standard Time),119
BRXSP9,LARGE,J&T Slow,Wed Jul 29 2026 04:00:00 GMT-0300 (Brasilia Standard Time),236
BRXSP9,LARGE,J&T Slow,Thu Jul 30 2026 04:00:00 GMT-0300 (Brasilia Standard Time),170
BRXSP9,LARGE,J&T Slow,Fri Jul 31 2026 04:00:00 GMT-0300 (Brasilia Standard Time),180
BRXSP9,LARGE,J&T Slow,Sat Aug 01 2026 04:00:00 GMT-0300 (Brasilia Standard Time),223
BRXSP9,LARGE,J&T Slow,Mon Aug 03 2026 04:00:00 GMT-0300 (Brasilia Standard Time),129
BRXSP9,LARGE,J&T Slow,Tue Aug 04 2026 04:00:00 GMT-0300 (Brasilia Standard Time),69
BRXSP9,LARGE,J&T Slow,Wed Aug 05 2026 04:00:00 GMT-0300 (Brasilia Standard Time),105
BRXSP9,LARGE,J&T Slow,Thu Aug 06 2026 04:00:00 GMT-0300 (Brasilia Standard Time),180
BRXSP9,LARGE,J&T Slow,Fri Aug 07 2026 04:00:00 GMT-0300 (Brasilia Standard Time),185
BRXSP9,LARGE,J&T Slow,Sat Aug 08 2026 04:00:00 GMT-0300 (Brasilia Standard Time),203
BRXSP9,LARGE,J&T Slow,Mon Aug 10 2026 04:00:00 GMT-0300 (Brasilia Standard Time),118
BRXSP9,LARGE,J&T Slow,Tue Aug 11 2026 04:00:00 GMT-0300 (Brasilia Standard Time),49
BRXSP9,LARGE,J&T Slow,Wed Aug 12 2026 04:00:00 GMT-0300 (Brasilia Standard Time),146
BRXSP9,LARGE,J&T Slow,Thu Aug 13 2026 04:00:00 GMT-0300 (Brasilia Standard Time),159
BRXSP9,LARGE,J&T Slow,Fri Aug 14 2026 04:00:00 GMT-0300 (Brasilia Standard Time),244
BRXSP9,LARGE,J&T Slow,Sat Aug 15 2026 04:00:00 GMT-0300 (Brasilia Standard Time),170
BRXSP9,LARGE,J&T Slow,Mon Aug 17 2026 04:00:00 GMT-0300 (Brasilia Standard Time),112
BRXSP9,LARGE,J&T Slow,Tue Aug 18 2026 04:00:00 GMT-0300 (Brasilia Standard Time),84
BRXSP9,LARGE,J&T Slow,Wed Aug 19 2026 04:00:00 GMT-0300 (Brasilia Standard Time),153
BRXSP9,LARGE,J&T Slow,Thu Aug 20 2026 04:00:00 GMT-0300 (Brasilia Standard Time),143
BRXSP9,LARGE,J&T Slow,Fri Aug 21 2026 04:00:00 GMT-0300 (Brasilia Standard Time),75
BRXSP9,LARGE,J&T Slow,Sat Aug 22 2026 04:00:00 GMT-0300 (Brasilia Standard Time),21
BRXSP9,LARGE,J&T Slow,Mon Aug 24 2026 04:00:00 GMT-0300 (Brasilia Standard Time),12
BRXSP9,LARGE,J&T Slow,Tue Aug 25 2026 04:00:00 GMT-0300 (Brasilia Standard Time),5
BRXSP9,LARGE,J&T Slow,Wed Aug 26 2026 04:00:00 GMT-0300 (Brasilia Standard Time),1
BRXSP9,LARGE,J&T Slow,Thu Aug 27 2026 04:00:00 GMT-0300 (Brasilia Standard Time),2
BRXSP9,LARGE,J&T Slow,Fri Aug 28 2026 04:00:00 GMT-0300 (Brasilia Standard Time),2
BRXSP9,LARGE,Jad,Tue Jul 21 2026 04:00:00 GMT-0300 (Brasilia Standard Time),1236
BRXSP9,LARGE,Jad,Wed Jul 22 2026 04:00:00 GMT-0300 (Brasilia Standard Time),1843
BRXSP9,LARGE,Jad,Thu Jul 23 2026 04:00:00 GMT-0300 (Brasilia Standard Time),1531
BRXSP9,LARGE,Jad,Fri Jul 24 2026 04:00:00 GMT-0300 (Brasilia Standard Time),1320
BRXSP9,LARGE,Jad,Sat Jul 25 2026 04:00:00 GMT-0300 (Brasilia Standard Time),1465
BRXSP9,LARGE,Jad,Mon Jul 27 2026 04:00:00 GMT-0300 (Brasilia Standard Time),1316
BRXSP9,LARGE,Jad,Tue Jul 28 2026 04:00:00 GMT-0300 (Brasilia Standard Time),1467
BRXSP9,LARGE,Jad,Wed Jul 29 2026 04:00:00 GMT-0300 (Brasilia Standard Time),1646
BRXSP9,LARGE,Jad,Thu Jul 30 2026 04:00:00 GMT-0300 (Brasilia Standard Time),1589
BRXSP9,LARGE,Jad,Fri Jul 31 2026 04:00:00 GMT-0300 (Brasilia Standard Time),1089
BRXSP9,LARGE,Jad,Sat Aug 01 2026 04:00:00 GMT-0300 (Brasilia Standard Time),1084
BRXSP9,LARGE,Jad,Mon Aug 03 2026 04:00:00 GMT-0300 (Brasilia Standard Time),1168
BRXSP9,LARGE,Jad,Tue Aug 04 2026 04:00:00 GMT-0300 (Brasilia Standard Time),1486
BRXSP9,LARGE,Jad,Wed Aug 05 2026 04:00:00 GMT-0300 (Brasilia Standard Time),1253
BRXSP9,LARGE,Jad,Thu Aug 06 2026 04:00:00 GMT-0300 (Brasilia Standard Time),1210
BRXSP9,LARGE,Jad,Fri Aug 07 2026 04:00:00 GMT-0300 (Brasilia Standard Time),2086
BRXSP9,LARGE,Jad,Sat Aug 08 2026 04:00:00 GMT-0300 (Brasilia Standard Time),1354
BRXSP9,LARGE,Jad,Mon Aug 10 2026 04:00:00 GMT-0300 (Brasilia Standard Time),1529
BRXSP9,LARGE,Jad,Tue Aug 11 2026 04:00:00 GMT-0300 (Brasilia Standard Time),1791
BRXSP9,LARGE,Jad,Wed Aug 12 2026 04:00:00 GMT-0300 (Brasilia Standard Time),1871
BRXSP9,LARGE,Jad,Thu Aug 13 2026 04:00:00 GMT-0300 (Brasilia Standard Time),1504
BRXSP9,LARGE,Jad,Fri Aug 14 2026 04:00:00 GMT-0300 (Brasilia Standard Time),825
BRXSP9,LARGE,Jad,Sat Aug 15 2026 04:00:00 GMT-0300 (Brasilia Standard Time),717
BRXSP9,LARGE,Jad,Mon Aug 17 2026 04:00:00 GMT-0300 (Brasilia Standard Time),390
BRXSP9,LARGE,Jad,Tue Aug 18 2026 04:00:00 GMT-0300 (Brasilia Standard Time),827
BRXSP9,LARGE,Jad,Wed Aug 19 2026 04:00:00 GMT-0300 (Brasilia Standard Time),809
BRXSP9,LARGE,Jad,Thu Aug 20 2026 04:00:00 GMT-0300 (Brasilia Standard Time),439
BRXSP9,LARGE,Jad,Fri Aug 21 2026 04:00:00 GMT-0300 (Brasilia Standard Time),119
BRXSP9,LARGE,Jad,Sat Aug 22 2026 04:00:00 GMT-0300 (Brasilia Standard Time),21
BRXSP9,LARGE,Jad,Mon Aug 24 2026 04:00:00 GMT-0300 (Brasilia Standard Time),33
BRXSP9,LARGE,Jad,Tue Aug 25 2026 04:00:00 GMT-0300 (Brasilia Standard Time),9
BRXSP9,LARGE,Jad,Wed Aug 26 2026 04:00:00 GMT-0300 (Brasilia Standard Time),18
BRXSP9,LARGE,Jad,Thu Aug 27 2026 04:00:00 GMT-0300 (Brasilia Standard Time),14
BRXSP9,LARGE,Jad,Fri Aug 28 2026 04:00:00 GMT-0300 (Brasilia Standard Time),4
BRXSP9,LARGE,Jad,Sat Aug 29 2026 04:00:00 GMT-0300 (Brasilia Standard Time),23
BRXSP9,LARGE,Jad,Mon Aug 31 2026 04:00:00 GMT-0300 (Brasilia Standard Time),11
BRXSP9,LARGE,Jad,Tue Sep 01 2026 04:00:00 GMT-0300 (Brasilia Standard Time),5
BRXSP9,LARGE,Loggi,Tue Jul 21 2026 04:00:00 GMT-0300 (Brasilia Standard Time),835
BRXSP9,LARGE,Loggi,Wed Jul 22 2026 04:00:00 GMT-0300 (Brasilia Standard Time),327
BRXSP9,LARGE,Loggi,Thu Jul 23 2026 04:00:00 GMT-0300 (Brasilia Standard Time),655
BRXSP9,LARGE,Loggi,Fri Jul 24 2026 04:00:00 GMT-0300 (Brasilia Standard Time),507
BRXSP9,LARGE,Loggi,Sat Jul 25 2026 04:00:00 GMT-0300 (Brasilia Standard Time),765
BRXSP9,LARGE,Loggi,Mon Jul 27 2026 04:00:00 GMT-0300 (Brasilia Standard Time),1331
BRXSP9,LARGE,Loggi,Tue Jul 28 2026 04:00:00 GMT-0300 (Brasilia Standard Time),477
BRXSP9,LARGE,Loggi,Wed Jul 29 2026 04:00:00 GMT-0300 (Brasilia Standard Time),432
BRXSP9,LARGE,Loggi,Thu Jul 30 2026 04:00:00 GMT-0300 (Brasilia Standard Time),455
BRXSP9,LARGE,Loggi,Fri Jul 31 2026 04:00:00 GMT-0300 (Brasilia Standard Time),544
BRXSP9,LARGE,Loggi,Sat Aug 01 2026 04:00:00 GMT-0300 (Brasilia Standard Time),578
BRXSP9,LARGE,Loggi,Mon Aug 03 2026 04:00:00 GMT-0300 (Brasilia Standard Time),954
BRXSP9,LARGE,Loggi,Tue Aug 04 2026 04:00:00 GMT-0300 (Brasilia Standard Time),2697
BRXSP9,LARGE,Loggi,Wed Aug 05 2026 04:00:00 GMT-0300 (Brasilia Standard Time),1025
BRXSP9,LARGE,Loggi,Thu Aug 06 2026 04:00:00 GMT-0300 (Brasilia Standard Time),485
BRXSP9,LARGE,Loggi,Fri Aug 07 2026 04:00:00 GMT-0300 (Brasilia Standard Time),944
BRXSP9,LARGE,Loggi,Sat Aug 08 2026 04:00:00 GMT-0300 (Brasilia Standard Time),1043
BRXSP9,LARGE,Loggi,Mon Aug 10 2026 04:00:00 GMT-0300 (Brasilia Standard Time),369
BRXSP9,LARGE,Loggi,Tue Aug 11 2026 04:00:00 GMT-0300 (Brasilia Standard Time),546
BRXSP9,LARGE,Loggi,Wed Aug 12 2026 04:00:00 GMT-0300 (Brasilia Standard Time),266
BRXSP9,LARGE,Loggi,Thu Aug 13 2026 04:00:00 GMT-0300 (Brasilia Standard Time),225
BRXSP9,LARGE,Loggi,Fri Aug 14 2026 04:00:00 GMT-0300 (Brasilia Standard Time),3
BRXSP9,LARGE,Loggi,Mon Aug 17 2026 04:00:00 GMT-0300 (Brasilia Standard Time),8
BRXSP9,LARGE,Loggi,Tue Aug 18 2026 04:00:00 GMT-0300 (Brasilia Standard Time),99
BRXSP9,LARGE,Loggi,Wed Aug 19 2026 04:00:00 GMT-0300 (Brasilia Standard Time),1
BRXSP9,LARGE,Loggi,Thu Aug 20 2026 04:00:00 GMT-0300 (Brasilia Standard Time),3
BRXSP9,LARGE,Loggi,Thu Aug 27 2026 04:00:00 GMT-0300 (Brasilia Standard Time),1
BRXSP9,NA,Carvalima,Sat Jul 25 2026 04:00:00 GMT-0300 (Brasilia Standard Time),1
BRXSP9,NA,Carvalima,Mon Aug 17 2026 04:00:00 GMT-0300 (Brasilia Standard Time),80
BRXSP9,NA,Carvalima,Tue Aug 18 2026 04:00:00 GMT-0300 (Brasilia Standard Time),88
BRXSP9,NA,Carvalima,Wed Aug 19 2026 04:00:00 GMT-0300 (Brasilia Standard Time),83
BRXSP9,NA,Carvalima,Thu Aug 20 2026 04:00:00 GMT-0300 (Brasilia Standard Time),27
BRXSP9,NA,Carvalima,Fri Aug 21 2026 04:00:00 GMT-0300 (Brasilia Standard Time),56
BRXSP9,NA,Carvalima,Sat Aug 22 2026 04:00:00 GMT-0300 (Brasilia Standard Time),19
BRXSP9,NA,Carvalima,Mon Aug 24 2026 04:00:00 GMT-0300 (Brasilia Standard Time),7
BRXSP9,NA,Carvalima,Tue Aug 25 2026 04:00:00 GMT-0300 (Brasilia Standard Time),7
BRXSP9,NA,Carvalima,Wed Aug 26 2026 04:00:00 GMT-0300 (Brasilia Standard Time),14
BRXSP9,NA,Imile Fast,Tue Jul 21 2026 04:00:00 GMT-0300 (Brasilia Standard Time),2
BRXSP9,NA,Imile Fast,Wed Jul 22 2026 04:00:00 GMT-0300 (Brasilia Standard Time),2
BRXSP9,NA,Imile Fast,Thu Jul 23 2026 04:00:00 GMT-0300 (Brasilia Standard Time),1
BRXSP9,NA,Imile Fast,Sat Jul 25 2026 04:00:00 GMT-0300 (Brasilia Standard Time),1
BRXSP9,NA,Imile Fast,Tue Jul 28 2026 04:00:00 GMT-0300 (Brasilia Standard Time),2
BRXSP9,NA,Imile Fast,Wed Jul 29 2026 04:00:00 GMT-0300 (Brasilia Standard Time),6
BRXSP9,NA,Imile Fast,Thu Jul 30 2026 04:00:00 GMT-0300 (Brasilia Standard Time),1
BRXSP9,NA,Imile Fast,Fri Jul 31 2026 04:00:00 GMT-0300 (Brasilia Standard Time),11
BRXSP9,NA,Imile Fast,Sat Aug 01 2026 04:00:00 GMT-0300 (Brasilia Standard Time),5
BRXSP9,NA,Imile Fast,Mon Aug 03 2026 04:00:00 GMT-0300 (Brasilia Standard Time),6
BRXSP9,NA,Imile Fast,Thu Aug 06 2026 04:00:00 GMT-0300 (Brasilia Standard Time),1
BRXSP9,NA,Imile Fast,Fri Aug 07 2026 04:00:00 GMT-0300 (Brasilia Standard Time),10
BRXSP9,NA,Imile Fast,Sat Aug 08 2026 04:00:00 GMT-0300 (Brasilia Standard Time),9
BRXSP9,NA,Imile Fast,Mon Aug 10 2026 04:00:00 GMT-0300 (Brasilia Standard Time),15
BRXSP9,NA,Imile Fast,Wed Aug 12 2026 04:00:00 GMT-0300 (Brasilia Standard Time),42
BRXSP9,NA,Imile Fast,Thu Aug 13 2026 04:00:00 GMT-0300 (Brasilia Standard Time),10
BRXSP9,NA,Imile Fast,Fri Aug 14 2026 04:00:00 GMT-0300 (Brasilia Standard Time),10
BRXSP9,NA,Imile Fast,Sat Aug 15 2026 04:00:00 GMT-0300 (Brasilia Standard Time),7
BRXSP9,NA,Imile Fast,Mon Aug 17 2026 04:00:00 GMT-0300 (Brasilia Standard Time),8
BRXSP9,NA,Imile Fast,Tue Aug 18 2026 04:00:00 GMT-0300 (Brasilia Standard Time),18
BRXSP9,NA,Imile Fast,Wed Aug 19 2026 04:00:00 GMT-0300 (Brasilia Standard Time),7
BRXSP9,NA,Imile Fast,Mon Aug 24 2026 04:00:00 GMT-0300 (Brasilia Standard Time),1
BRXSP9,NA,Imile Slow,Mon Aug 03 2026 04:00:00 GMT-0300 (Brasilia Standard Time),1
BRXSP9,NA,Imile Slow,Fri Aug 07 2026 04:00:00 GMT-0300 (Brasilia Standard Time),1
BRXSP9,NA,Imile Slow,Sat Aug 08 2026 04:00:00 GMT-0300 (Brasilia Standard Time),9
BRXSP9,NA,Imile Slow,Mon Aug 10 2026 04:00:00 GMT-0300 (Brasilia Standard Time),14
BRXSP9,NA,Imile Slow,Wed Aug 12 2026 04:00:00 GMT-0300 (Brasilia Standard Time),98
BRXSP9,NA,Imile Slow,Thu Aug 13 2026 04:00:00 GMT-0300 (Brasilia Standard Time),51
BRXSP9,NA,Imile Slow,Fri Aug 14 2026 04:00:00 GMT-0300 (Brasilia Standard Time),41
BRXSP9,NA,Imile Slow,Sat Aug 15 2026 04:00:00 GMT-0300 (Brasilia Standard Time),28
BRXSP9,NA,Imile Slow,Mon Aug 17 2026 04:00:00 GMT-0300 (Brasilia Standard Time),58
BRXSP9,NA,Imile Slow,Wed Aug 19 2026 04:00:00 GMT-0300 (Brasilia Standard Time),36
BRXSP9,NA,Imile Slow,Fri Aug 21 2026 04:00:00 GMT-0300 (Brasilia Standard Time),11
BRXSP9,NA,Imile Slow,Tue Aug 25 2026 04:00:00 GMT-0300 (Brasilia Standard Time),41
BRXSP9,NA,J&T Fast,Tue Jul 21 2026 04:00:00 GMT-0300 (Brasilia Standard Time),6
BRXSP9,NA,J&T Fast,Wed Jul 22 2026 04:00:00 GMT-0300 (Brasilia Standard Time),1
BRXSP9,NA,J&T Fast,Thu Jul 23 2026 04:00:00 GMT-0300 (Brasilia Standard Time),9
BRXSP9,NA,J&T Fast,Fri Jul 24 2026 04:00:00 GMT-0300 (Brasilia Standard Time),8
BRXSP9,NA,J&T Fast,Sat Jul 25 2026 04:00:00 GMT-0300 (Brasilia Standard Time),19
BRXSP9,NA,J&T Fast,Mon Jul 27 2026 04:00:00 GMT-0300 (Brasilia Standard Time),76
BRXSP9,NA,J&T Fast,Tue Jul 28 2026 04:00:00 GMT-0300 (Brasilia Standard Time),14
BRXSP9,NA,J&T Fast,Wed Jul 29 2026 04:00:00 GMT-0300 (Brasilia Standard Time),4
BRXSP9,NA,J&T Fast,Thu Jul 30 2026 04:00:00 GMT-0300 (Brasilia Standard Time),8
BRXSP9,NA,J&T Fast,Fri Jul 31 2026 04:00:00 GMT-0300 (Brasilia Standard Time),7
BRXSP9,NA,J&T Fast,Sat Aug 01 2026 04:00:00 GMT-0300 (Brasilia Standard Time),10
BRXSP9,NA,J&T Fast,Mon Aug 03 2026 04:00:00 GMT-0300 (Brasilia Standard Time),63
BRXSP9,NA,J&T Fast,Tue Aug 04 2026 04:00:00 GMT-0300 (Brasilia Standard Time),5
BRXSP9,NA,J&T Fast,Wed Aug 05 2026 04:00:00 GMT-0300 (Brasilia Standard Time),7
BRXSP9,NA,J&T Fast,Thu Aug 06 2026 04:00:00 GMT-0300 (Brasilia Standard Time),5
BRXSP9,NA,J&T Fast,Fri Aug 07 2026 04:00:00 GMT-0300 (Brasilia Standard Time),6
BRXSP9,NA,J&T Fast,Sat Aug 08 2026 04:00:00 GMT-0300 (Brasilia Standard Time),9
BRXSP9,NA,J&T Fast,Mon Aug 10 2026 04:00:00 GMT-0300 (Brasilia Standard Time),74
BRXSP9,NA,J&T Fast,Tue Aug 11 2026 04:00:00 GMT-0300 (Brasilia Standard Time),11
BRXSP9,NA,J&T Fast,Wed Aug 12 2026 04:00:00 GMT-0300 (Brasilia Standard Time),3
BRXSP9,NA,J&T Fast,Thu Aug 13 2026 04:00:00 GMT-0300 (Brasilia Standard Time),9
BRXSP9,NA,J&T Fast,Fri Aug 14 2026 04:00:00 GMT-0300 (Brasilia Standard Time),26
BRXSP9,NA,J&T Fast,Sat Aug 15 2026 04:00:00 GMT-0300 (Brasilia Standard Time),20
BRXSP9,NA,J&T Fast,Mon Aug 17 2026 04:00:00 GMT-0300 (Brasilia Standard Time),273
BRXSP9,NA,J&T Fast,Tue Aug 18 2026 04:00:00 GMT-0300 (Brasilia Standard Time),116
BRXSP9,NA,J&T Fast,Wed Aug 19 2026 04:00:00 GMT-0300 (Brasilia Standard Time),116
BRXSP9,NA,J&T Fast,Thu Aug 20 2026 04:00:00 GMT-0300 (Brasilia Standard Time),63
BRXSP9,NA,J&T Fast,Fri Aug 21 2026 04:00:00 GMT-0300 (Brasilia Standard Time),10
BRXSP9,NA,J&T Fast,Sat Aug 22 2026 04:00:00 GMT-0300 (Brasilia Standard Time),4
BRXSP9,NA,J&T Fast,Mon Aug 24 2026 04:00:00 GMT-0300 (Brasilia Standard Time),24
BRXSP9,NA,J&T Fast,Tue Aug 25 2026 04:00:00 GMT-0300 (Brasilia Standard Time),6
BRXSP9,NA,J&T Fast,Wed Aug 26 2026 04:00:00 GMT-0300 (Brasilia Standard Time),4
BRXSP9,NA,J&T Fast,Thu Aug 27 2026 04:00:00 GMT-0300 (Brasilia Standard Time),5
BRXSP9,NA,J&T Fast,Sat Aug 29 2026 04:00:00 GMT-0300 (Brasilia Standard Time),1
BRXSP9,NA,J&T Fast,Mon Aug 31 2026 04:00:00 GMT-0300 (Brasilia Standard Time),1
BRXSP9,NA,J&T Nodos,Mon Jul 27 2026 04:00:00 GMT-0300 (Brasilia Standard Time),2
BRXSP9,NA,J&T Nodos,Wed Aug 19 2026 04:00:00 GMT-0300 (Brasilia Standard Time),7
BRXSP9,NA,J&T Nodos,Thu Aug 20 2026 04:00:00 GMT-0300 (Brasilia Standard Time),15
BRXSP9,NA,J&T Nodos,Fri Aug 21 2026 04:00:00 GMT-0300 (Brasilia Standard Time),13
BRXSP9,NA,J&T Nodos,Sat Aug 22 2026 04:00:00 GMT-0300 (Brasilia Standard Time),44
BRXSP9,NA,J&T Nodos,Mon Aug 24 2026 04:00:00 GMT-0300 (Brasilia Standard Time),46
BRXSP9,NA,J&T Nodos,Tue Aug 25 2026 04:00:00 GMT-0300 (Brasilia Standard Time),157
BRXSP9,NA,J&T Nodos,Wed Aug 26 2026 04:00:00 GMT-0300 (Brasilia Standard Time),31
BRXSP9,NA,J&T Nodos,Thu Aug 27 2026 04:00:00 GMT-0300 (Brasilia Standard Time),103
BRXSP9,NA,J&T Nodos,Fri Aug 28 2026 04:00:00 GMT-0300 (Brasilia Standard Time),51
BRXSP9,NA,J&T Nodos,Sat Aug 29 2026 04:00:00 GMT-0300 (Brasilia Standard Time),30
BRXSP9,NA,J&T Nodos,Mon Aug 31 2026 04:00:00 GMT-0300 (Brasilia Standard Time),4
BRXSP9,NA,J&T Slow,Tue Jul 21 2026 04:00:00 GMT-0300 (Brasilia Standard Time),130
BRXSP9,NA,J&T Slow,Wed Jul 22 2026 04:00:00 GMT-0300 (Brasilia Standard Time),121
BRXSP9,NA,J&T Slow,Thu Jul 23 2026 04:00:00 GMT-0300 (Brasilia Standard Time),82
BRXSP9,NA,J&T Slow,Fri Jul 24 2026 04:00:00 GMT-0300 (Brasilia Standard Time),65
BRXSP9,NA,J&T Slow,Sat Jul 25 2026 04:00:00 GMT-0300 (Brasilia Standard Time),34
BRXSP9,NA,J&T Slow,Mon Jul 27 2026 04:00:00 GMT-0300 (Brasilia Standard Time),1682
BRXSP9,NA,J&T Slow,Tue Jul 28 2026 04:00:00 GMT-0300 (Brasilia Standard Time),41
BRXSP9,NA,J&T Slow,Wed Jul 29 2026 04:00:00 GMT-0300 (Brasilia Standard Time),51
BRXSP9,NA,J&T Slow,Thu Jul 30 2026 04:00:00 GMT-0300 (Brasilia Standard Time),53
BRXSP9,NA,J&T Slow,Fri Jul 31 2026 04:00:00 GMT-0300 (Brasilia Standard Time),29
BRXSP9,NA,J&T Slow,Sat Aug 01 2026 04:00:00 GMT-0300 (Brasilia Standard Time),6
BRXSP9,NA,J&T Slow,Mon Aug 03 2026 04:00:00 GMT-0300 (Brasilia Standard Time),241
BRXSP9,NA,J&T Slow,Tue Aug 04 2026 04:00:00 GMT-0300 (Brasilia Standard Time),44
BRXSP9,NA,J&T Slow,Wed Aug 05 2026 04:00:00 GMT-0300 (Brasilia Standard Time),27
BRXSP9,NA,J&T Slow,Thu Aug 06 2026 04:00:00 GMT-0300 (Brasilia Standard Time),24
BRXSP9,NA,J&T Slow,Fri Aug 07 2026 04:00:00 GMT-0300 (Brasilia Standard Time),29
BRXSP9,NA,J&T Slow,Sat Aug 08 2026 04:00:00 GMT-0300 (Brasilia Standard Time),5
BRXSP9,NA,J&T Slow,Mon Aug 10 2026 04:00:00 GMT-0300 (Brasilia Standard Time),169
BRXSP9,NA,J&T Slow,Tue Aug 11 2026 04:00:00 GMT-0300 (Brasilia Standard Time),22
BRXSP9,NA,J&T Slow,Wed Aug 12 2026 04:00:00 GMT-0300 (Brasilia Standard Time),35
BRXSP9,NA,J&T Slow,Thu Aug 13 2026 04:00:00 GMT-0300 (Brasilia Standard Time),26
BRXSP9,NA,J&T Slow,Fri Aug 14 2026 04:00:00 GMT-0300 (Brasilia Standard Time),30
BRXSP9,NA,J&T Slow,Sat Aug 15 2026 04:00:00 GMT-0300 (Brasilia Standard Time),2
BRXSP9,NA,J&T Slow,Mon Aug 17 2026 04:00:00 GMT-0300 (Brasilia Standard Time),148
BRXSP9,NA,J&T Slow,Tue Aug 18 2026 04:00:00 GMT-0300 (Brasilia Standard Time),41
BRXSP9,NA,J&T Slow,Wed Aug 19 2026 04:00:00 GMT-0300 (Brasilia Standard Time),1080
BRXSP9,NA,J&T Slow,Thu Aug 20 2026 04:00:00 GMT-0300 (Brasilia Standard Time),1056
BRXSP9,NA,J&T Slow,Fri Aug 21 2026 04:00:00 GMT-0300 (Brasilia Standard Time),2515
BRXSP9,NA,J&T Slow,Sat Aug 22 2026 04:00:00 GMT-0300 (Brasilia Standard Time),616
BRXSP9,NA,J&T Slow,Mon Aug 24 2026 04:00:00 GMT-0300 (Brasilia Standard Time),413
BRXSP9,NA,J&T Slow,Tue Aug 25 2026 04:00:00 GMT-0300 (Brasilia Standard Time),53
BRXSP9,NA,J&T Slow,Wed Aug 26 2026 04:00:00 GMT-0300 (Brasilia Standard Time),63
BRXSP9,NA,J&T Slow,Thu Aug 27 2026 04:00:00 GMT-0300 (Brasilia Standard Time),87
BRXSP9,NA,J&T Slow,Fri Aug 28 2026 04:00:00 GMT-0300 (Brasilia Standard Time),132
BRXSP9,NA,J&T Slow,Sat Aug 29 2026 04:00:00 GMT-0300 (Brasilia Standard Time),77
BRXSP9,NA,J&T Slow,Mon Aug 31 2026 04:00:00 GMT-0300 (Brasilia Standard Time),68
BRXSP9,NA,J&T Slow,Tue Sep 01 2026 04:00:00 GMT-0300 (Brasilia Standard Time),3
BRXSP9,NA,Jad,Tue Jul 21 2026 04:00:00 GMT-0300 (Brasilia Standard Time),2
BRXSP9,NA,Jad,Wed Jul 22 2026 04:00:00 GMT-0300 (Brasilia Standard Time),1
BRXSP9,NA,Jad,Thu Jul 23 2026 04:00:00 GMT-0300 (Brasilia Standard Time),1
BRXSP9,NA,Jad,Fri Jul 24 2026 04:00:00 GMT-0300 (Brasilia Standard Time),2
BRXSP9,NA,Jad,Mon Jul 27 2026 04:00:00 GMT-0300 (Brasilia Standard Time),1
BRXSP9,NA,Jad,Wed Jul 29 2026 04:00:00 GMT-0300 (Brasilia Standard Time),1
BRXSP9,NA,Jad,Thu Jul 30 2026 04:00:00 GMT-0300 (Brasilia Standard Time),1
BRXSP9,NA,Jad,Fri Jul 31 2026 04:00:00 GMT-0300 (Brasilia Standard Time),1
BRXSP9,NA,Jad,Sat Aug 01 2026 04:00:00 GMT-0300 (Brasilia Standard Time),2
BRXSP9,NA,Jad,Thu Aug 06 2026 04:00:00 GMT-0300 (Brasilia Standard Time),3
BRXSP9,NA,Jad,Fri Aug 07 2026 04:00:00 GMT-0300 (Brasilia Standard Time),1
BRXSP9,NA,Jad,Sat Aug 08 2026 04:00:00 GMT-0300 (Brasilia Standard Time),2
BRXSP9,NA,Jad,Mon Aug 10 2026 04:00:00 GMT-0300 (Brasilia Standard Time),5
BRXSP9,NA,Jad,Tue Aug 11 2026 04:00:00 GMT-0300 (Brasilia Standard Time),3
BRXSP9,NA,Jad,Wed Aug 12 2026 04:00:00 GMT-0300 (Brasilia Standard Time),3
BRXSP9,NA,Jad,Thu Aug 13 2026 04:00:00 GMT-0300 (Brasilia Standard Time),6
BRXSP9,NA,Jad,Fri Aug 14 2026 04:00:00 GMT-0300 (Brasilia Standard Time),16
BRXSP9,NA,Jad,Sat Aug 15 2026 04:00:00 GMT-0300 (Brasilia Standard Time),14
BRXSP9,NA,Jad,Mon Aug 17 2026 04:00:00 GMT-0300 (Brasilia Standard Time),11
BRXSP9,NA,Jad,Tue Aug 18 2026 04:00:00 GMT-0300 (Brasilia Standard Time),17
BRXSP9,NA,Jad,Wed Aug 19 2026 04:00:00 GMT-0300 (Brasilia Standard Time),6
BRXSP9,NA,Jad,Thu Aug 20 2026 04:00:00 GMT-0300 (Brasilia Standard Time),14
BRXSP9,NA,Loggi,Tue Jul 21 2026 04:00:00 GMT-0300 (Brasilia Standard Time),9
BRXSP9,NA,Loggi,Wed Jul 22 2026 04:00:00 GMT-0300 (Brasilia Standard Time),8
BRXSP9,NA,Loggi,Thu Jul 23 2026 04:00:00 GMT-0300 (Brasilia Standard Time),13
BRXSP9,NA,Loggi,Fri Jul 24 2026 04:00:00 GMT-0300 (Brasilia Standard Time),4
BRXSP9,NA,Loggi,Sat Jul 25 2026 04:00:00 GMT-0300 (Brasilia Standard Time),13
BRXSP9,NA,Loggi,Mon Jul 27 2026 04:00:00 GMT-0300 (Brasilia Standard Time),2
BRXSP9,NA,Loggi,Tue Jul 28 2026 04:00:00 GMT-0300 (Brasilia Standard Time),14
BRXSP9,NA,Loggi,Wed Jul 29 2026 04:00:00 GMT-0300 (Brasilia Standard Time),19
BRXSP9,NA,Loggi,Thu Jul 30 2026 04:00:00 GMT-0300 (Brasilia Standard Time),9
BRXSP9,NA,Loggi,Fri Jul 31 2026 04:00:00 GMT-0300 (Brasilia Standard Time),16
BRXSP9,NA,Loggi,Sat Aug 01 2026 04:00:00 GMT-0300 (Brasilia Standard Time),7
BRXSP9,NA,Loggi,Mon Aug 03 2026 04:00:00 GMT-0300 (Brasilia Standard Time),8
BRXSP9,NA,Loggi,Tue Aug 04 2026 04:00:00 GMT-0300 (Brasilia Standard Time),6
BRXSP9,NA,Loggi,Thu Aug 06 2026 04:00:00 GMT-0300 (Brasilia Standard Time),1
BRXSP9,NA,Loggi,Fri Aug 07 2026 04:00:00 GMT-0300 (Brasilia Standard Time),2
BRXSP9,NA,Loggi,Sat Aug 08 2026 04:00:00 GMT-0300 (Brasilia Standard Time),2
BRXSP9,NA,Loggi,Mon Aug 10 2026 04:00:00 GMT-0300 (Brasilia Standard Time),5
BRXSP9,NA,Loggi,Tue Aug 11 2026 04:00:00 GMT-0300 (Brasilia Standard Time),9
BRXSP9,NA,Loggi,Wed Aug 12 2026 04:00:00 GMT-0300 (Brasilia Standard Time),14
BRXSP9,NA,Loggi,Thu Aug 13 2026 04:00:00 GMT-0300 (Brasilia Standard Time),20
BRXSP9,NA,Loggi,Sat Aug 15 2026 04:00:00 GMT-0300 (Brasilia Standard Time),1
BRXSP9,NA,Loggi,Mon Aug 17 2026 04:00:00 GMT-0300 (Brasilia Standard Time),7
BRXSP9,NA,Loggi,Tue Aug 18 2026 04:00:00 GMT-0300 (Brasilia Standard Time),7
BRXSP9,NA,Loggi,Wed Aug 19 2026 04:00:00 GMT-0300 (Brasilia Standard Time),10
BRXSP9,NA,Loggi,Thu Aug 20 2026 04:00:00 GMT-0300 (Brasilia Standard Time),4
BRXSP9,OVERSIZE,Carvalima,Tue Jul 21 2026 04:00:00 GMT-0300 (Brasilia Standard Time),57
BRXSP9,OVERSIZE,Carvalima,Wed Jul 22 2026 04:00:00 GMT-0300 (Brasilia Standard Time),78
BRXSP9,OVERSIZE,Carvalima,Thu Jul 23 2026 04:00:00 GMT-0300 (Brasilia Standard Time),64
BRXSP9,OVERSIZE,Carvalima,Fri Jul 24 2026 04:00:00 GMT-0300 (Brasilia Standard Time),62
BRXSP9,OVERSIZE,Carvalima,Sat Jul 25 2026 04:00:00 GMT-0300 (Brasilia Standard Time),50
BRXSP9,OVERSIZE,Carvalima,Mon Jul 27 2026 04:00:00 GMT-0300 (Brasilia Standard Time),28
BRXSP9,OVERSIZE,Carvalima,Tue Jul 28 2026 04:00:00 GMT-0300 (Brasilia Standard Time),102
BRXSP9,OVERSIZE,Carvalima,Wed Jul 29 2026 04:00:00 GMT-0300 (Brasilia Standard Time),133
BRXSP9,OVERSIZE,Carvalima,Thu Jul 30 2026 04:00:00 GMT-0300 (Brasilia Standard Time),120
BRXSP9,OVERSIZE,Carvalima,Fri Jul 31 2026 04:00:00 GMT-0300 (Brasilia Standard Time),91
BRXSP9,OVERSIZE,Carvalima,Sat Aug 01 2026 04:00:00 GMT-0300 (Brasilia Standard Time),108
BRXSP9,OVERSIZE,Carvalima,Mon Aug 03 2026 04:00:00 GMT-0300 (Brasilia Standard Time),31
BRXSP9,OVERSIZE,Carvalima,Tue Aug 04 2026 04:00:00 GMT-0300 (Brasilia Standard Time),170
BRXSP9,OVERSIZE,Carvalima,Wed Aug 05 2026 04:00:00 GMT-0300 (Brasilia Standard Time),171
BRXSP9,OVERSIZE,Carvalima,Thu Aug 06 2026 04:00:00 GMT-0300 (Brasilia Standard Time),138
BRXSP9,OVERSIZE,Carvalima,Fri Aug 07 2026 04:00:00 GMT-0300 (Brasilia Standard Time),127
BRXSP9,OVERSIZE,Carvalima,Sat Aug 08 2026 04:00:00 GMT-0300 (Brasilia Standard Time),139
BRXSP9,OVERSIZE,Carvalima,Mon Aug 10 2026 04:00:00 GMT-0300 (Brasilia Standard Time),44
BRXSP9,OVERSIZE,Carvalima,Tue Aug 11 2026 04:00:00 GMT-0300 (Brasilia Standard Time),137
BRXSP9,OVERSIZE,Carvalima,Wed Aug 12 2026 04:00:00 GMT-0300 (Brasilia Standard Time),113
BRXSP9,OVERSIZE,Carvalima,Thu Aug 13 2026 04:00:00 GMT-0300 (Brasilia Standard Time),164
BRXSP9,OVERSIZE,Carvalima,Fri Aug 14 2026 04:00:00 GMT-0300 (Brasilia Standard Time),110
BRXSP9,OVERSIZE,Carvalima,Sat Aug 15 2026 04:00:00 GMT-0300 (Brasilia Standard Time),112
BRXSP9,OVERSIZE,Carvalima,Mon Aug 17 2026 04:00:00 GMT-0300 (Brasilia Standard Time),42
BRXSP9,OVERSIZE,Carvalima,Tue Aug 18 2026 04:00:00 GMT-0300 (Brasilia Standard Time),203
BRXSP9,OVERSIZE,Carvalima,Wed Aug 19 2026 04:00:00 GMT-0300 (Brasilia Standard Time),139
BRXSP9,OVERSIZE,Carvalima,Thu Aug 20 2026 04:00:00 GMT-0300 (Brasilia Standard Time),78
BRXSP9,OVERSIZE,Carvalima,Fri Aug 21 2026 04:00:00 GMT-0300 (Brasilia Standard Time),82
BRXSP9,OVERSIZE,Carvalima,Sat Aug 22 2026 04:00:00 GMT-0300 (Brasilia Standard Time),76
BRXSP9,OVERSIZE,Carvalima,Mon Aug 24 2026 04:00:00 GMT-0300 (Brasilia Standard Time),48
BRXSP9,OVERSIZE,Carvalima,Tue Aug 25 2026 04:00:00 GMT-0300 (Brasilia Standard Time),30
BRXSP9,OVERSIZE,Carvalima,Wed Aug 26 2026 04:00:00 GMT-0300 (Brasilia Standard Time),21
BRXSP9,OVERSIZE,Carvalima,Thu Aug 27 2026 04:00:00 GMT-0300 (Brasilia Standard Time),2
BRXSP9,OVERSIZE,Carvalima,Tue Sep 01 2026 04:00:00 GMT-0300 (Brasilia Standard Time),4
BRXSP9,OVERSIZE,Dominalog,Tue Jul 21 2026 04:00:00 GMT-0300 (Brasilia Standard Time),278
BRXSP9,OVERSIZE,Dominalog,Wed Jul 22 2026 04:00:00 GMT-0300 (Brasilia Standard Time),298
BRXSP9,OVERSIZE,Dominalog,Thu Jul 23 2026 04:00:00 GMT-0300 (Brasilia Standard Time),317
BRXSP9,OVERSIZE,Dominalog,Fri Jul 24 2026 04:00:00 GMT-0300 (Brasilia Standard Time),305
BRXSP9,OVERSIZE,Dominalog,Sat Jul 25 2026 04:00:00 GMT-0300 (Brasilia Standard Time),287
BRXSP9,OVERSIZE,Dominalog,Mon Jul 27 2026 04:00:00 GMT-0300 (Brasilia Standard Time),250
BRXSP9,OVERSIZE,Dominalog,Tue Jul 28 2026 04:00:00 GMT-0300 (Brasilia Standard Time),317
BRXSP9,OVERSIZE,Dominalog,Wed Jul 29 2026 04:00:00 GMT-0300 (Brasilia Standard Time),281
BRXSP9,OVERSIZE,Dominalog,Thu Jul 30 2026 04:00:00 GMT-0300 (Brasilia Standard Time),309
BRXSP9,OVERSIZE,Dominalog,Fri Jul 31 2026 04:00:00 GMT-0300 (Brasilia Standard Time),366
BRXSP9,OVERSIZE,Dominalog,Sat Aug 01 2026 04:00:00 GMT-0300 (Brasilia Standard Time),384
BRXSP9,OVERSIZE,Dominalog,Mon Aug 03 2026 04:00:00 GMT-0300 (Brasilia Standard Time),413
BRXSP9,OVERSIZE,Dominalog,Tue Aug 04 2026 04:00:00 GMT-0300 (Brasilia Standard Time),571
BRXSP9,OVERSIZE,Dominalog,Wed Aug 05 2026 04:00:00 GMT-0300 (Brasilia Standard Time),751
BRXSP9,OVERSIZE,Dominalog,Thu Aug 06 2026 04:00:00 GMT-0300 (Brasilia Standard Time),655
BRXSP9,OVERSIZE,Dominalog,Fri Aug 07 2026 04:00:00 GMT-0300 (Brasilia Standard Time),669
BRXSP9,OVERSIZE,Dominalog,Sat Aug 08 2026 04:00:00 GMT-0300 (Brasilia Standard Time),469
BRXSP9,OVERSIZE,Dominalog,Mon Aug 10 2026 04:00:00 GMT-0300 (Brasilia Standard Time),273
BRXSP9,OVERSIZE,Dominalog,Tue Aug 11 2026 04:00:00 GMT-0300 (Brasilia Standard Time),443
BRXSP9,OVERSIZE,Dominalog,Wed Aug 12 2026 04:00:00 GMT-0300 (Brasilia Standard Time),515
BRXSP9,OVERSIZE,Dominalog,Thu Aug 13 2026 04:00:00 GMT-0300 (Brasilia Standard Time),449
BRXSP9,OVERSIZE,Dominalog,Fri Aug 14 2026 04:00:00 GMT-0300 (Brasilia Standard Time),361
BRXSP9,OVERSIZE,Dominalog,Sat Aug 15 2026 04:00:00 GMT-0300 (Brasilia Standard Time),210
BRXSP9,OVERSIZE,Dominalog,Mon Aug 17 2026 04:00:00 GMT-0300 (Brasilia Standard Time),210
BRXSP9,OVERSIZE,Dominalog,Tue Aug 18 2026 04:00:00 GMT-0300 (Brasilia Standard Time),252
BRXSP9,OVERSIZE,Dominalog,Wed Aug 19 2026 04:00:00 GMT-0300 (Brasilia Standard Time),288
BRXSP9,OVERSIZE,Dominalog,Thu Aug 20 2026 04:00:00 GMT-0300 (Brasilia Standard Time),318
BRXSP9,OVERSIZE,Dominalog,Fri Aug 21 2026 04:00:00 GMT-0300 (Brasilia Standard Time),123
BRXSP9,OVERSIZE,Dominalog,Sat Aug 22 2026 04:00:00 GMT-0300 (Brasilia Standard Time),13
BRXSP9,OVERSIZE,Dominalog,Mon Aug 24 2026 04:00:00 GMT-0300 (Brasilia Standard Time),16
BRXSP9,OVERSIZE,Dominalog,Tue Aug 25 2026 04:00:00 GMT-0300 (Brasilia Standard Time),2
BRXSP9,OVERSIZE,Dominalog,Wed Aug 26 2026 04:00:00 GMT-0300 (Brasilia Standard Time),3
BRXSP9,OVERSIZE,Dominalog,Thu Aug 27 2026 04:00:00 GMT-0300 (Brasilia Standard Time),4
BRXSP9,OVERSIZE,Dominalog,Fri Aug 28 2026 04:00:00 GMT-0300 (Brasilia Standard Time),3
BRXSP9,OVERSIZE,Dominalog,Sat Aug 29 2026 04:00:00 GMT-0300 (Brasilia Standard Time),1
BRXSP9,OVERSIZE,Imile Fast,Wed Jul 22 2026 04:00:00 GMT-0300 (Brasilia Standard Time),7
BRXSP9,OVERSIZE,Imile Fast,Thu Jul 23 2026 04:00:00 GMT-0300 (Brasilia Standard Time),8
BRXSP9,OVERSIZE,Imile Fast,Fri Jul 24 2026 04:00:00 GMT-0300 (Brasilia Standard Time),5
BRXSP9,OVERSIZE,Imile Fast,Sat Jul 25 2026 04:00:00 GMT-0300 (Brasilia Standard Time),4
BRXSP9,OVERSIZE,Imile Fast,Mon Jul 27 2026 04:00:00 GMT-0300 (Brasilia Standard Time),1
BRXSP9,OVERSIZE,Imile Fast,Tue Jul 28 2026 04:00:00 GMT-0300 (Brasilia Standard Time),6
BRXSP9,OVERSIZE,Imile Fast,Wed Jul 29 2026 04:00:00 GMT-0300 (Brasilia Standard Time),4
BRXSP9,OVERSIZE,Imile Fast,Thu Jul 30 2026 04:00:00 GMT-0300 (Brasilia Standard Time),9
BRXSP9,OVERSIZE,Imile Fast,Fri Jul 31 2026 04:00:00 GMT-0300 (Brasilia Standard Time),3
BRXSP9,OVERSIZE,Imile Fast,Sat Aug 01 2026 04:00:00 GMT-0300 (Brasilia Standard Time),3
BRXSP9,OVERSIZE,Imile Fast,Mon Aug 03 2026 04:00:00 GMT-0300 (Brasilia Standard Time),1
BRXSP9,OVERSIZE,Imile Fast,Tue Aug 04 2026 04:00:00 GMT-0300 (Brasilia Standard Time),7
BRXSP9,OVERSIZE,Imile Fast,Wed Aug 05 2026 04:00:00 GMT-0300 (Brasilia Standard Time),7
BRXSP9,OVERSIZE,Imile Fast,Thu Aug 06 2026 04:00:00 GMT-0300 (Brasilia Standard Time),6
BRXSP9,OVERSIZE,Imile Fast,Fri Aug 07 2026 04:00:00 GMT-0300 (Brasilia Standard Time),5
BRXSP9,OVERSIZE,Imile Fast,Sat Aug 08 2026 04:00:00 GMT-0300 (Brasilia Standard Time),3
BRXSP9,OVERSIZE,Imile Fast,Mon Aug 10 2026 04:00:00 GMT-0300 (Brasilia Standard Time),1
BRXSP9,OVERSIZE,Imile Fast,Tue Aug 11 2026 04:00:00 GMT-0300 (Brasilia Standard Time),5
BRXSP9,OVERSIZE,Imile Fast,Wed Aug 12 2026 04:00:00 GMT-0300 (Brasilia Standard Time),7
BRXSP9,OVERSIZE,Imile Fast,Thu Aug 13 2026 04:00:00 GMT-0300 (Brasilia Standard Time),3
BRXSP9,OVERSIZE,Imile Fast,Fri Aug 14 2026 04:00:00 GMT-0300 (Brasilia Standard Time),3
BRXSP9,OVERSIZE,Imile Fast,Sat Aug 15 2026 04:00:00 GMT-0300 (Brasilia Standard Time),12
BRXSP9,OVERSIZE,Imile Fast,Mon Aug 17 2026 04:00:00 GMT-0300 (Brasilia Standard Time),2
BRXSP9,OVERSIZE,Imile Fast,Wed Aug 19 2026 04:00:00 GMT-0300 (Brasilia Standard Time),1
BRXSP9,OVERSIZE,Imile Fast,Thu Aug 20 2026 04:00:00 GMT-0300 (Brasilia Standard Time),1
BRXSP9,OVERSIZE,Imile Fast,Fri Aug 21 2026 04:00:00 GMT-0300 (Brasilia Standard Time),1
BRXSP9,OVERSIZE,Imile Fast,Sat Aug 22 2026 04:00:00 GMT-0300 (Brasilia Standard Time),1
BRXSP9,OVERSIZE,Imile Fast,Wed Aug 26 2026 04:00:00 GMT-0300 (Brasilia Standard Time),2
BRXSP9,OVERSIZE,Imile Fast,Thu Aug 27 2026 04:00:00 GMT-0300 (Brasilia Standard Time),1
BRXSP9,OVERSIZE,Imile Fast,Sat Aug 29 2026 04:00:00 GMT-0300 (Brasilia Standard Time),1
BRXSP9,OVERSIZE,Imile Slow,Sat Jul 25 2026 04:00:00 GMT-0300 (Brasilia Standard Time),1
BRXSP9,OVERSIZE,Imile Slow,Mon Jul 27 2026 04:00:00 GMT-0300 (Brasilia Standard Time),1
BRXSP9,OVERSIZE,Imile Slow,Fri Jul 31 2026 04:00:00 GMT-0300 (Brasilia Standard Time),1
BRXSP9,OVERSIZE,Imile Slow,Mon Aug 03 2026 04:00:00 GMT-0300 (Brasilia Standard Time),1
BRXSP9,OVERSIZE,Imile Slow,Thu Aug 06 2026 04:00:00 GMT-0300 (Brasilia Standard Time),3
BRXSP9,OVERSIZE,Imile Slow,Thu Aug 13 2026 04:00:00 GMT-0300 (Brasilia Standard Time),2
BRXSP9,OVERSIZE,J&T Fast,Tue Jul 21 2026 04:00:00 GMT-0300 (Brasilia Standard Time),4
BRXSP9,OVERSIZE,J&T Fast,Wed Jul 22 2026 04:00:00 GMT-0300 (Brasilia Standard Time),4
BRXSP9,OVERSIZE,J&T Fast,Thu Jul 23 2026 04:00:00 GMT-0300 (Brasilia Standard Time),1
BRXSP9,OVERSIZE,J&T Fast,Fri Jul 24 2026 04:00:00 GMT-0300 (Brasilia Standard Time),3
BRXSP9,OVERSIZE,J&T Fast,Sat Jul 25 2026 04:00:00 GMT-0300 (Brasilia Standard Time),2
BRXSP9,OVERSIZE,J&T Fast,Mon Jul 27 2026 04:00:00 GMT-0300 (Brasilia Standard Time),5
BRXSP9,OVERSIZE,J&T Fast,Wed Jul 29 2026 04:00:00 GMT-0300 (Brasilia Standard Time),2
BRXSP9,OVERSIZE,J&T Fast,Thu Jul 30 2026 04:00:00 GMT-0300 (Brasilia Standard Time),2
BRXSP9,OVERSIZE,J&T Fast,Fri Jul 31 2026 04:00:00 GMT-0300 (Brasilia Standard Time),3
BRXSP9,OVERSIZE,J&T Fast,Sat Aug 01 2026 04:00:00 GMT-0300 (Brasilia Standard Time),1
BRXSP9,OVERSIZE,J&T Fast,Mon Aug 03 2026 04:00:00 GMT-0300 (Brasilia Standard Time),4
BRXSP9,OVERSIZE,J&T Fast,Tue Aug 04 2026 04:00:00 GMT-0300 (Brasilia Standard Time),3
BRXSP9,OVERSIZE,J&T Fast,Wed Aug 05 2026 04:00:00 GMT-0300 (Brasilia Standard Time),7
BRXSP9,OVERSIZE,J&T Fast,Thu Aug 06 2026 04:00:00 GMT-0300 (Brasilia Standard Time),3
BRXSP9,OVERSIZE,J&T Fast,Fri Aug 07 2026 04:00:00 GMT-0300 (Brasilia Standard Time),4
BRXSP9,OVERSIZE,J&T Fast,Sat Aug 08 2026 04:00:00 GMT-0300 (Brasilia Standard Time),1
BRXSP9,OVERSIZE,J&T Fast,Mon Aug 10 2026 04:00:00 GMT-0300 (Brasilia Standard Time),2
BRXSP9,OVERSIZE,J&T Fast,Tue Aug 11 2026 04:00:00 GMT-0300 (Brasilia Standard Time),4
BRXSP9,OVERSIZE,J&T Fast,Wed Aug 12 2026 04:00:00 GMT-0300 (Brasilia Standard Time),8
BRXSP9,OVERSIZE,J&T Fast,Thu Aug 13 2026 04:00:00 GMT-0300 (Brasilia Standard Time),5
BRXSP9,OVERSIZE,J&T Fast,Fri Aug 14 2026 04:00:00 GMT-0300 (Brasilia Standard Time),2
BRXSP9,OVERSIZE,J&T Fast,Sat Aug 15 2026 04:00:00 GMT-0300 (Brasilia Standard Time),4
BRXSP9,OVERSIZE,J&T Fast,Tue Aug 18 2026 04:00:00 GMT-0300 (Brasilia Standard Time),6
BRXSP9,OVERSIZE,J&T Fast,Wed Aug 19 2026 04:00:00 GMT-0300 (Brasilia Standard Time),5
BRXSP9,OVERSIZE,J&T Fast,Thu Aug 20 2026 04:00:00 GMT-0300 (Brasilia Standard Time),1
BRXSP9,OVERSIZE,J&T Fast,Fri Aug 21 2026 04:00:00 GMT-0300 (Brasilia Standard Time),1
BRXSP9,OVERSIZE,J&T Fast,Sat Aug 22 2026 04:00:00 GMT-0300 (Brasilia Standard Time),1
BRXSP9,OVERSIZE,J&T Fast,Tue Aug 25 2026 04:00:00 GMT-0300 (Brasilia Standard Time),3
BRXSP9,OVERSIZE,J&T Fast,Fri Aug 28 2026 04:00:00 GMT-0300 (Brasilia Standard Time),1
BRXSP9,OVERSIZE,J&T Nodos,Tue Jul 21 2026 04:00:00 GMT-0300 (Brasilia Standard Time),2
BRXSP9,OVERSIZE,J&T Nodos,Fri Jul 24 2026 04:00:00 GMT-0300 (Brasilia Standard Time),1
BRXSP9,OVERSIZE,J&T Nodos,Mon Jul 27 2026 04:00:00 GMT-0300 (Brasilia Standard Time),1
BRXSP9,OVERSIZE,J&T Nodos,Tue Jul 28 2026 04:00:00 GMT-0300 (Brasilia Standard Time),4
BRXSP9,OVERSIZE,J&T Nodos,Sat Aug 01 2026 04:00:00 GMT-0300 (Brasilia Standard Time),2
BRXSP9,OVERSIZE,J&T Nodos,Sat Aug 08 2026 04:00:00 GMT-0300 (Brasilia Standard Time),1
BRXSP9,OVERSIZE,J&T Nodos,Mon Aug 10 2026 04:00:00 GMT-0300 (Brasilia Standard Time),1
BRXSP9,OVERSIZE,J&T Nodos,Sat Aug 15 2026 04:00:00 GMT-0300 (Brasilia Standard Time),2
BRXSP9,OVERSIZE,J&T Nodos,Mon Aug 17 2026 04:00:00 GMT-0300 (Brasilia Standard Time),2
BRXSP9,OVERSIZE,J&T Nodos,Sat Aug 22 2026 04:00:00 GMT-0300 (Brasilia Standard Time),1
BRXSP9,OVERSIZE,J&T Nodos,Mon Aug 24 2026 04:00:00 GMT-0300 (Brasilia Standard Time),2
BRXSP9,OVERSIZE,J&T Slow,Tue Jul 21 2026 04:00:00 GMT-0300 (Brasilia Standard Time),2
BRXSP9,OVERSIZE,J&T Slow,Wed Jul 22 2026 04:00:00 GMT-0300 (Brasilia Standard Time),8
BRXSP9,OVERSIZE,J&T Slow,Thu Jul 23 2026 04:00:00 GMT-0300 (Brasilia Standard Time),4
BRXSP9,OVERSIZE,J&T Slow,Fri Jul 24 2026 04:00:00 GMT-0300 (Brasilia Standard Time),4
BRXSP9,OVERSIZE,J&T Slow,Sat Jul 25 2026 04:00:00 GMT-0300 (Brasilia Standard Time),9
BRXSP9,OVERSIZE,J&T Slow,Mon Jul 27 2026 04:00:00 GMT-0300 (Brasilia Standard Time),6
BRXSP9,OVERSIZE,J&T Slow,Tue Jul 28 2026 04:00:00 GMT-0300 (Brasilia Standard Time),3
BRXSP9,OVERSIZE,J&T Slow,Wed Jul 29 2026 04:00:00 GMT-0300 (Brasilia Standard Time),4
BRXSP9,OVERSIZE,J&T Slow,Thu Jul 30 2026 04:00:00 GMT-0300 (Brasilia Standard Time),3
BRXSP9,OVERSIZE,J&T Slow,Fri Jul 31 2026 04:00:00 GMT-0300 (Brasilia Standard Time),5
BRXSP9,OVERSIZE,J&T Slow,Sat Aug 01 2026 04:00:00 GMT-0300 (Brasilia Standard Time),11
BRXSP9,OVERSIZE,J&T Slow,Mon Aug 03 2026 04:00:00 GMT-0300 (Brasilia Standard Time),5
BRXSP9,OVERSIZE,J&T Slow,Wed Aug 05 2026 04:00:00 GMT-0300 (Brasilia Standard Time),2
BRXSP9,OVERSIZE,J&T Slow,Thu Aug 06 2026 04:00:00 GMT-0300 (Brasilia Standard Time),5
BRXSP9,OVERSIZE,J&T Slow,Fri Aug 07 2026 04:00:00 GMT-0300 (Brasilia Standard Time),7
BRXSP9,OVERSIZE,J&T Slow,Sat Aug 08 2026 04:00:00 GMT-0300 (Brasilia Standard Time),5
BRXSP9,OVERSIZE,J&T Slow,Mon Aug 10 2026 04:00:00 GMT-0300 (Brasilia Standard Time),6
BRXSP9,OVERSIZE,J&T Slow,Tue Aug 11 2026 04:00:00 GMT-0300 (Brasilia Standard Time),1
BRXSP9,OVERSIZE,J&T Slow,Wed Aug 12 2026 04:00:00 GMT-0300 (Brasilia Standard Time),5
BRXSP9,OVERSIZE,J&T Slow,Thu Aug 13 2026 04:00:00 GMT-0300 (Brasilia Standard Time),4
BRXSP9,OVERSIZE,J&T Slow,Fri Aug 14 2026 04:00:00 GMT-0300 (Brasilia Standard Time),3
BRXSP9,OVERSIZE,J&T Slow,Sat Aug 15 2026 04:00:00 GMT-0300 (Brasilia Standard Time),2
BRXSP9,OVERSIZE,J&T Slow,Mon Aug 17 2026 04:00:00 GMT-0300 (Brasilia Standard Time),3
BRXSP9,OVERSIZE,J&T Slow,Wed Aug 19 2026 04:00:00 GMT-0300 (Brasilia Standard Time),5
BRXSP9,OVERSIZE,J&T Slow,Thu Aug 20 2026 04:00:00 GMT-0300 (Brasilia Standard Time),5
BRXSP9,OVERSIZE,J&T Slow,Fri Aug 21 2026 04:00:00 GMT-0300 (Brasilia Standard Time),4
BRXSP9,OVERSIZE,J&T Slow,Sat Aug 22 2026 04:00:00 GMT-0300 (Brasilia Standard Time),2
BRXSP9,OVERSIZE,J&T Slow,Mon Aug 24 2026 04:00:00 GMT-0300 (Brasilia Standard Time),1
BRXSP9,OVERSIZE,Jad,Tue Jul 21 2026 04:00:00 GMT-0300 (Brasilia Standard Time),95
BRXSP9,OVERSIZE,Jad,Wed Jul 22 2026 04:00:00 GMT-0300 (Brasilia Standard Time),267
BRXSP9,OVERSIZE,Jad,Thu Jul 23 2026 04:00:00 GMT-0300 (Brasilia Standard Time),264
BRXSP9,OVERSIZE,Jad,Fri Jul 24 2026 04:00:00 GMT-0300 (Brasilia Standard Time),213
BRXSP9,OVERSIZE,Jad,Sat Jul 25 2026 04:00:00 GMT-0300 (Brasilia Standard Time),265
BRXSP9,OVERSIZE,Jad,Mon Jul 27 2026 04:00:00 GMT-0300 (Brasilia Standard Time),138
BRXSP9,OVERSIZE,Jad,Tue Jul 28 2026 04:00:00 GMT-0300 (Brasilia Standard Time),152
BRXSP9,OVERSIZE,Jad,Wed Jul 29 2026 04:00:00 GMT-0300 (Brasilia Standard Time),368
BRXSP9,OVERSIZE,Jad,Thu Jul 30 2026 04:00:00 GMT-0300 (Brasilia Standard Time),277
BRXSP9,OVERSIZE,Jad,Fri Jul 31 2026 04:00:00 GMT-0300 (Brasilia Standard Time),255
BRXSP9,OVERSIZE,Jad,Sat Aug 01 2026 04:00:00 GMT-0300 (Brasilia Standard Time),267
BRXSP9,OVERSIZE,Jad,Mon Aug 03 2026 04:00:00 GMT-0300 (Brasilia Standard Time),157
BRXSP9,OVERSIZE,Jad,Tue Aug 04 2026 04:00:00 GMT-0300 (Brasilia Standard Time),165
BRXSP9,OVERSIZE,Jad,Wed Aug 05 2026 04:00:00 GMT-0300 (Brasilia Standard Time),276
BRXSP9,OVERSIZE,Jad,Thu Aug 06 2026 04:00:00 GMT-0300 (Brasilia Standard Time),279
BRXSP9,OVERSIZE,Jad,Fri Aug 07 2026 04:00:00 GMT-0300 (Brasilia Standard Time),481
BRXSP9,OVERSIZE,Jad,Sat Aug 08 2026 04:00:00 GMT-0300 (Brasilia Standard Time),274
BRXSP9,OVERSIZE,Jad,Mon Aug 10 2026 04:00:00 GMT-0300 (Brasilia Standard Time),194
BRXSP9,OVERSIZE,Jad,Tue Aug 11 2026 04:00:00 GMT-0300 (Brasilia Standard Time),166
BRXSP9,OVERSIZE,Jad,Wed Aug 12 2026 04:00:00 GMT-0300 (Brasilia Standard Time),344
BRXSP9,OVERSIZE,Jad,Thu Aug 13 2026 04:00:00 GMT-0300 (Brasilia Standard Time),295
BRXSP9,OVERSIZE,Jad,Fri Aug 14 2026 04:00:00 GMT-0300 (Brasilia Standard Time),140
BRXSP9,OVERSIZE,Jad,Sat Aug 15 2026 04:00:00 GMT-0300 (Brasilia Standard Time),115
BRXSP9,OVERSIZE,Jad,Mon Aug 17 2026 04:00:00 GMT-0300 (Brasilia Standard Time),74
BRXSP9,OVERSIZE,Jad,Tue Aug 18 2026 04:00:00 GMT-0300 (Brasilia Standard Time),84
BRXSP9,OVERSIZE,Jad,Wed Aug 19 2026 04:00:00 GMT-0300 (Brasilia Standard Time),161
BRXSP9,OVERSIZE,Jad,Thu Aug 20 2026 04:00:00 GMT-0300 (Brasilia Standard Time),111
BRXSP9,OVERSIZE,Jad,Fri Aug 21 2026 04:00:00 GMT-0300 (Brasilia Standard Time),63
BRXSP9,OVERSIZE,Jad,Sat Aug 22 2026 04:00:00 GMT-0300 (Brasilia Standard Time),28
BRXSP9,OVERSIZE,Jad,Mon Aug 24 2026 04:00:00 GMT-0300 (Brasilia Standard Time),20
BRXSP9,OVERSIZE,Jad,Tue Aug 25 2026 04:00:00 GMT-0300 (Brasilia Standard Time),1
BRXSP9,OVERSIZE,Jad,Wed Aug 26 2026 04:00:00 GMT-0300 (Brasilia Standard Time),6
BRXSP9,OVERSIZE,Jad,Thu Aug 27 2026 04:00:00 GMT-0300 (Brasilia Standard Time),3
BRXSP9,OVERSIZE,Jad,Fri Aug 28 2026 04:00:00 GMT-0300 (Brasilia Standard Time),3
BRXSP9,OVERSIZE,Jad,Sat Aug 29 2026 04:00:00 GMT-0300 (Brasilia Standard Time),3
BRXSP9,OVERSIZE,Jad,Mon Aug 31 2026 04:00:00 GMT-0300 (Brasilia Standard Time),1
BRXSP9,OVERSIZE,Jad,Tue Sep 01 2026 04:00:00 GMT-0300 (Brasilia Standard Time),1
BRXSP9,OVERSIZE,Loggi,Tue Jul 21 2026 04:00:00 GMT-0300 (Brasilia Standard Time),8
BRXSP9,OVERSIZE,Loggi,Wed Jul 22 2026 04:00:00 GMT-0300 (Brasilia Standard Time),9
BRXSP9,OVERSIZE,Loggi,Thu Jul 23 2026 04:00:00 GMT-0300 (Brasilia Standard Time),19
BRXSP9,OVERSIZE,Loggi,Fri Jul 24 2026 04:00:00 GMT-0300 (Brasilia Standard Time),10
BRXSP9,OVERSIZE,Loggi,Sat Jul 25 2026 04:00:00 GMT-0300 (Brasilia Standard Time),27
BRXSP9,OVERSIZE,Loggi,Mon Jul 27 2026 04:00:00 GMT-0300 (Brasilia Standard Time),20
BRXSP9,OVERSIZE,Loggi,Tue Jul 28 2026 04:00:00 GMT-0300 (Brasilia Standard Time),13
BRXSP9,OVERSIZE,Loggi,Wed Jul 29 2026 04:00:00 GMT-0300 (Brasilia Standard Time),35
BRXSP9,OVERSIZE,Loggi,Thu Jul 30 2026 04:00:00 GMT-0300 (Brasilia Standard Time),18
BRXSP9,OVERSIZE,Loggi,Fri Jul 31 2026 04:00:00 GMT-0300 (Brasilia Standard Time),11
BRXSP9,OVERSIZE,Loggi,Sat Aug 01 2026 04:00:00 GMT-0300 (Brasilia Standard Time),20
BRXSP9,OVERSIZE,Loggi,Mon Aug 03 2026 04:00:00 GMT-0300 (Brasilia Standard Time),15
BRXSP9,OVERSIZE,Loggi,Tue Aug 04 2026 04:00:00 GMT-0300 (Brasilia Standard Time),10
BRXSP9,OVERSIZE,Loggi,Wed Aug 05 2026 04:00:00 GMT-0300 (Brasilia Standard Time),22
BRXSP9,OVERSIZE,Loggi,Thu Aug 06 2026 04:00:00 GMT-0300 (Brasilia Standard Time),21
BRXSP9,OVERSIZE,Loggi,Fri Aug 07 2026 04:00:00 GMT-0300 (Brasilia Standard Time),19
BRXSP9,OVERSIZE,Loggi,Sat Aug 08 2026 04:00:00 GMT-0300 (Brasilia Standard Time),13
BRXSP9,OVERSIZE,Loggi,Mon Aug 10 2026 04:00:00 GMT-0300 (Brasilia Standard Time),12
BRXSP9,OVERSIZE,Loggi,Tue Aug 11 2026 04:00:00 GMT-0300 (Brasilia Standard Time),13
BRXSP9,OVERSIZE,Loggi,Wed Aug 12 2026 04:00:00 GMT-0300 (Brasilia Standard Time),10
BRXSP9,OVERSIZE,Loggi,Thu Aug 13 2026 04:00:00 GMT-0300 (Brasilia Standard Time),11
BRXSP9,OVERSIZE,Loggi,Tue Aug 18 2026 04:00:00 GMT-0300 (Brasilia Standard Time),8
BRXSP9,OVERSIZE,Loggi,Wed Aug 19 2026 04:00:00 GMT-0300 (Brasilia Standard Time),1
CAMPINAS,GM,Carvalima,Sat Jul 25 2026 04:00:00 GMT-0300 (Brasilia Standard Time),2
CAMPINAS,GM,Carvalima,Tue Jul 28 2026 04:00:00 GMT-0300 (Brasilia Standard Time),5
CAMPINAS,GM,Carvalima,Wed Jul 29 2026 04:00:00 GMT-0300 (Brasilia Standard Time),3
CAMPINAS,GM,Carvalima,Thu Jul 30 2026 04:00:00 GMT-0300 (Brasilia Standard Time),4
CAMPINAS,GM,Carvalima,Fri Jul 31 2026 04:00:00 GMT-0300 (Brasilia Standard Time),3
CAMPINAS,GM,Carvalima,Tue Aug 04 2026 04:00:00 GMT-0300 (Brasilia Standard Time),3
CAMPINAS,GM,Carvalima,Wed Aug 05 2026 04:00:00 GMT-0300 (Brasilia Standard Time),1
CAMPINAS,GM,Dominalog,Sat Aug 01 2026 04:00:00 GMT-0300 (Brasilia Standard Time),1
CAMPINAS,GM,Dominalog,Tue Aug 04 2026 04:00:00 GMT-0300 (Brasilia Standard Time),1
CAMPINAS,GM,Imile Fast,Tue Jul 28 2026 04:00:00 GMT-0300 (Brasilia Standard Time),2
CAMPINAS,GM,J&T Fast,Tue Jul 21 2026 04:00:00 GMT-0300 (Brasilia Standard Time),781
CAMPINAS,GM,J&T Fast,Wed Jul 22 2026 04:00:00 GMT-0300 (Brasilia Standard Time),438
CAMPINAS,GM,J&T Fast,Thu Jul 23 2026 04:00:00 GMT-0300 (Brasilia Standard Time),388
CAMPINAS,GM,J&T Fast,Fri Jul 24 2026 04:00:00 GMT-0300 (Brasilia Standard Time),295
CAMPINAS,GM,J&T Fast,Sat Jul 25 2026 04:00:00 GMT-0300 (Brasilia Standard Time),242
CAMPINAS,GM,J&T Fast,Tue Jul 28 2026 04:00:00 GMT-0300 (Brasilia Standard Time),547
CAMPINAS,GM,J&T Fast,Wed Jul 29 2026 04:00:00 GMT-0300 (Brasilia Standard Time),291
CAMPINAS,GM,J&T Fast,Thu Jul 30 2026 04:00:00 GMT-0300 (Brasilia Standard Time),250
CAMPINAS,GM,J&T Fast,Fri Jul 31 2026 04:00:00 GMT-0300 (Brasilia Standard Time),212
CAMPINAS,GM,J&T Fast,Sat Aug 01 2026 04:00:00 GMT-0300 (Brasilia Standard Time),201
CAMPINAS,GM,J&T Fast,Tue Aug 04 2026 04:00:00 GMT-0300 (Brasilia Standard Time),555
CAMPINAS,GM,J&T Fast,Wed Aug 05 2026 04:00:00 GMT-0300 (Brasilia Standard Time),267
CAMPINAS,GM,J&T Fast,Thu Aug 06 2026 04:00:00 GMT-0300 (Brasilia Standard Time),224
CAMPINAS,GM,J&T Fast,Fri Aug 07 2026 04:00:00 GMT-0300 (Brasilia Standard Time),258
CAMPINAS,GM,J&T Fast,Sat Aug 08 2026 04:00:00 GMT-0300 (Brasilia Standard Time),235
CAMPINAS,GM,J&T Fast,Tue Aug 11 2026 04:00:00 GMT-0300 (Brasilia Standard Time),530
CAMPINAS,GM,J&T Fast,Wed Aug 12 2026 04:00:00 GMT-0300 (Brasilia Standard Time),323
CAMPINAS,GM,J&T Fast,Thu Aug 13 2026 04:00:00 GMT-0300 (Brasilia Standard Time),241
CAMPINAS,GM,J&T Fast,Fri Aug 14 2026 04:00:00 GMT-0300 (Brasilia Standard Time),256
CAMPINAS,GM,J&T Fast,Sat Aug 15 2026 04:00:00 GMT-0300 (Brasilia Standard Time),224
CAMPINAS,GM,J&T Fast,Tue Aug 18 2026 04:00:00 GMT-0300 (Brasilia Standard Time),517
CAMPINAS,GM,J&T Fast,Wed Aug 19 2026 04:00:00 GMT-0300 (Brasilia Standard Time),75
CAMPINAS,GM,J&T Fast,Thu Aug 20 2026 04:00:00 GMT-0300 (Brasilia Standard Time),22
CAMPINAS,GM,J&T Fast,Fri Aug 21 2026 04:00:00 GMT-0300 (Brasilia Standard Time),20
CAMPINAS,GM,J&T Fast,Sat Aug 22 2026 04:00:00 GMT-0300 (Brasilia Standard Time),22
CAMPINAS,GM,J&T Fast,Tue Aug 25 2026 04:00:00 GMT-0300 (Brasilia Standard Time),45
CAMPINAS,GM,J&T Fast,Wed Aug 26 2026 04:00:00 GMT-0300 (Brasilia Standard Time),3
CAMPINAS,GM,J&T Fast,Thu Aug 27 2026 04:00:00 GMT-0300 (Brasilia Standard Time),4
CAMPINAS,GM,J&T Fast,Fri Aug 28 2026 04:00:00 GMT-0300 (Brasilia Standard Time),3
CAMPINAS,GM,J&T Fast,Sat Aug 29 2026 04:00:00 GMT-0300 (Brasilia Standard Time),1
CAMPINAS,GM,J&T Fast,Tue Sep 01 2026 04:00:00 GMT-0300 (Brasilia Standard Time),8
CAMPINAS,GM,J&T Nodos,Wed Jul 22 2026 04:00:00 GMT-0300 (Brasilia Standard Time),17
CAMPINAS,GM,J&T Nodos,Thu Jul 23 2026 04:00:00 GMT-0300 (Brasilia Standard Time),10
CAMPINAS,GM,J&T Nodos,Fri Jul 24 2026 04:00:00 GMT-0300 (Brasilia Standard Time),139
CAMPINAS,GM,J&T Nodos,Sat Jul 25 2026 04:00:00 GMT-0300 (Brasilia Standard Time),223
CAMPINAS,GM,J&T Nodos,Mon Jul 27 2026 04:00:00 GMT-0300 (Brasilia Standard Time),55
CAMPINAS,GM,J&T Nodos,Tue Jul 28 2026 04:00:00 GMT-0300 (Brasilia Standard Time),1
CAMPINAS,GM,J&T Nodos,Wed Jul 29 2026 04:00:00 GMT-0300 (Brasilia Standard Time),20
CAMPINAS,GM,J&T Nodos,Thu Jul 30 2026 04:00:00 GMT-0300 (Brasilia Standard Time),54
CAMPINAS,GM,J&T Nodos,Fri Jul 31 2026 04:00:00 GMT-0300 (Brasilia Standard Time),145
CAMPINAS,GM,J&T Nodos,Sat Aug 01 2026 04:00:00 GMT-0300 (Brasilia Standard Time),231
CAMPINAS,GM,J&T Nodos,Mon Aug 03 2026 04:00:00 GMT-0300 (Brasilia Standard Time),44
CAMPINAS,GM,J&T Nodos,Wed Aug 05 2026 04:00:00 GMT-0300 (Brasilia Standard Time),15
CAMPINAS,GM,J&T Nodos,Thu Aug 06 2026 04:00:00 GMT-0300 (Brasilia Standard Time),71
CAMPINAS,GM,J&T Nodos,Fri Aug 07 2026 04:00:00 GMT-0300 (Brasilia Standard Time),212
CAMPINAS,GM,J&T Nodos,Sat Aug 08 2026 04:00:00 GMT-0300 (Brasilia Standard Time),219
CAMPINAS,GM,J&T Nodos,Mon Aug 10 2026 04:00:00 GMT-0300 (Brasilia Standard Time),42
CAMPINAS,GM,J&T Nodos,Wed Aug 12 2026 04:00:00 GMT-0300 (Brasilia Standard Time),30
CAMPINAS,GM,J&T Nodos,Thu Aug 13 2026 04:00:00 GMT-0300 (Brasilia Standard Time),134
CAMPINAS,GM,J&T Nodos,Fri Aug 14 2026 04:00:00 GMT-0300 (Brasilia Standard Time),364
CAMPINAS,GM,J&T Nodos,Sat Aug 15 2026 04:00:00 GMT-0300 (Brasilia Standard Time),235
CAMPINAS,GM,J&T Nodos,Mon Aug 17 2026 04:00:00 GMT-0300 (Brasilia Standard Time),33
CAMPINAS,GM,J&T Nodos,Wed Aug 19 2026 04:00:00 GMT-0300 (Brasilia Standard Time),21
CAMPINAS,GM,J&T Nodos,Thu Aug 20 2026 04:00:00 GMT-0300 (Brasilia Standard Time),147
CAMPINAS,GM,J&T Nodos,Fri Aug 21 2026 04:00:00 GMT-0300 (Brasilia Standard Time),266
CAMPINAS,GM,J&T Nodos,Sat Aug 22 2026 04:00:00 GMT-0300 (Brasilia Standard Time),26
CAMPINAS,GM,J&T Nodos,Wed Aug 26 2026 04:00:00 GMT-0300 (Brasilia Standard Time),1
CAMPINAS,GM,J&T Slow,Tue Jul 21 2026 04:00:00 GMT-0300 (Brasilia Standard Time),23684
CAMPINAS,GM,J&T Slow,Wed Jul 22 2026 04:00:00 GMT-0300 (Brasilia Standard Time),10971
CAMPINAS,GM,J&T Slow,Thu Jul 23 2026 04:00:00 GMT-0300 (Brasilia Standard Time),22627
CAMPINAS,GM,J&T Slow,Fri Jul 24 2026 04:00:00 GMT-0300 (Brasilia Standard Time),17976
CAMPINAS,GM,J&T Slow,Sat Jul 25 2026 04:00:00 GMT-0300 (Brasilia Standard Time),15611
CAMPINAS,GM,J&T Slow,Tue Jul 28 2026 04:00:00 GMT-0300 (Brasilia Standard Time),28984
CAMPINAS,GM,J&T Slow,Wed Jul 29 2026 04:00:00 GMT-0300 (Brasilia Standard Time),16136
CAMPINAS,GM,J&T Slow,Thu Jul 30 2026 04:00:00 GMT-0300 (Brasilia Standard Time),22526
CAMPINAS,GM,J&T Slow,Fri Jul 31 2026 04:00:00 GMT-0300 (Brasilia Standard Time),16168
CAMPINAS,GM,J&T Slow,Sat Aug 01 2026 04:00:00 GMT-0300 (Brasilia Standard Time),17010
CAMPINAS,GM,J&T Slow,Tue Aug 04 2026 04:00:00 GMT-0300 (Brasilia Standard Time),22867
CAMPINAS,GM,J&T Slow,Wed Aug 05 2026 04:00:00 GMT-0300 (Brasilia Standard Time),10767
CAMPINAS,GM,J&T Slow,Thu Aug 06 2026 04:00:00 GMT-0300 (Brasilia Standard Time),20149
CAMPINAS,GM,J&T Slow,Fri Aug 07 2026 04:00:00 GMT-0300 (Brasilia Standard Time),13801
CAMPINAS,GM,J&T Slow,Sat Aug 08 2026 04:00:00 GMT-0300 (Brasilia Standard Time),14715
CAMPINAS,GM,J&T Slow,Tue Aug 11 2026 04:00:00 GMT-0300 (Brasilia Standard Time),18785
CAMPINAS,GM,J&T Slow,Wed Aug 12 2026 04:00:00 GMT-0300 (Brasilia Standard Time),8529
CAMPINAS,GM,J&T Slow,Thu Aug 13 2026 04:00:00 GMT-0300 (Brasilia Standard Time),17349
CAMPINAS,GM,J&T Slow,Fri Aug 14 2026 04:00:00 GMT-0300 (Brasilia Standard Time),16509
CAMPINAS,GM,J&T Slow,Sat Aug 15 2026 04:00:00 GMT-0300 (Brasilia Standard Time),14064
CAMPINAS,GM,J&T Slow,Tue Aug 18 2026 04:00:00 GMT-0300 (Brasilia Standard Time),18681
CAMPINAS,GM,J&T Slow,Wed Aug 19 2026 04:00:00 GMT-0300 (Brasilia Standard Time),6908
CAMPINAS,GM,J&T Slow,Thu Aug 20 2026 04:00:00 GMT-0300 (Brasilia Standard Time),9385
CAMPINAS,GM,J&T Slow,Fri Aug 21 2026 04:00:00 GMT-0300 (Brasilia Standard Time),1467
CAMPINAS,GM,J&T Slow,Sat Aug 22 2026 04:00:00 GMT-0300 (Brasilia Standard Time),766
CAMPINAS,GM,J&T Slow,Tue Aug 25 2026 04:00:00 GMT-0300 (Brasilia Standard Time),603
CAMPINAS,GM,J&T Slow,Wed Aug 26 2026 04:00:00 GMT-0300 (Brasilia Standard Time),331
CAMPINAS,GM,J&T Slow,Thu Aug 27 2026 04:00:00 GMT-0300 (Brasilia Standard Time),127
CAMPINAS,GM,J&T Slow,Fri Aug 28 2026 04:00:00 GMT-0300 (Brasilia Standard Time),66
CAMPINAS,GM,J&T Slow,Sat Aug 29 2026 04:00:00 GMT-0300 (Brasilia Standard Time),48
CAMPINAS,GM,J&T Slow,Tue Sep 01 2026 04:00:00 GMT-0300 (Brasilia Standard Time),124
CAMPINAS,GM,Jad,Tue Jul 21 2026 04:00:00 GMT-0300 (Brasilia Standard Time),89
CAMPINAS,GM,Jad,Wed Jul 22 2026 04:00:00 GMT-0300 (Brasilia Standard Time),94
CAMPINAS,GM,Jad,Thu Jul 23 2026 04:00:00 GMT-0300 (Brasilia Standard Time),80
CAMPINAS,GM,Jad,Fri Jul 24 2026 04:00:00 GMT-0300 (Brasilia Standard Time),45
CAMPINAS,GM,Jad,Sat Jul 25 2026 04:00:00 GMT-0300 (Brasilia Standard Time),42
CAMPINAS,GM,Jad,Tue Jul 28 2026 04:00:00 GMT-0300 (Brasilia Standard Time),112
CAMPINAS,GM,Jad,Wed Jul 29 2026 04:00:00 GMT-0300 (Brasilia Standard Time),46
CAMPINAS,GM,Jad,Thu Jul 30 2026 04:00:00 GMT-0300 (Brasilia Standard Time),56
CAMPINAS,GM,Jad,Fri Jul 31 2026 04:00:00 GMT-0300 (Brasilia Standard Time),58
CAMPINAS,GM,Jad,Sat Aug 01 2026 04:00:00 GMT-0300 (Brasilia Standard Time),31
CAMPINAS,GM,Jad,Tue Aug 04 2026 04:00:00 GMT-0300 (Brasilia Standard Time),85
CAMPINAS,GM,Jad,Wed Aug 05 2026 04:00:00 GMT-0300 (Brasilia Standard Time),63
CAMPINAS,GM,Jad,Thu Aug 06 2026 04:00:00 GMT-0300 (Brasilia Standard Time),8
CAMPINAS,GM,Jad,Fri Aug 07 2026 04:00:00 GMT-0300 (Brasilia Standard Time),169
CAMPINAS,GM,Jad,Sat Aug 08 2026 04:00:00 GMT-0300 (Brasilia Standard Time),68
CAMPINAS,GM,Jad,Tue Aug 11 2026 04:00:00 GMT-0300 (Brasilia Standard Time),130
CAMPINAS,GM,Jad,Wed Aug 12 2026 04:00:00 GMT-0300 (Brasilia Standard Time),96
CAMPINAS,GM,Jad,Thu Aug 13 2026 04:00:00 GMT-0300 (Brasilia Standard Time),88
CAMPINAS,GM,Jad,Fri Aug 14 2026 04:00:00 GMT-0300 (Brasilia Standard Time),87
CAMPINAS,GM,Jad,Sat Aug 15 2026 04:00:00 GMT-0300 (Brasilia Standard Time),67
CAMPINAS,GM,Jad,Tue Aug 18 2026 04:00:00 GMT-0300 (Brasilia Standard Time),144
CAMPINAS,GM,Jad,Wed Aug 19 2026 04:00:00 GMT-0300 (Brasilia Standard Time),20
CAMPINAS,GM,Jad,Thu Aug 20 2026 04:00:00 GMT-0300 (Brasilia Standard Time),3
CAMPINAS,GM,Jad,Fri Aug 21 2026 04:00:00 GMT-0300 (Brasilia Standard Time),2
CAMPINAS,GM,Jad,Sat Aug 22 2026 04:00:00 GMT-0300 (Brasilia Standard Time),1
CAMPINAS,GM,Jad,Tue Aug 25 2026 04:00:00 GMT-0300 (Brasilia Standard Time),20
CAMPINAS,GM,Loggi,Tue Jul 21 2026 04:00:00 GMT-0300 (Brasilia Standard Time),363
CAMPINAS,GM,Loggi,Wed Jul 22 2026 04:00:00 GMT-0300 (Brasilia Standard Time),220
CAMPINAS,GM,Loggi,Thu Jul 23 2026 04:00:00 GMT-0300 (Brasilia Standard Time),281
CAMPINAS,GM,Loggi,Fri Jul 24 2026 04:00:00 GMT-0300 (Brasilia Standard Time),217
CAMPINAS,GM,Loggi,Sat Jul 25 2026 04:00:00 GMT-0300 (Brasilia Standard Time),130
CAMPINAS,GM,Loggi,Mon Jul 27 2026 04:00:00 GMT-0300 (Brasilia Standard Time),2
CAMPINAS,GM,Loggi,Tue Jul 28 2026 04:00:00 GMT-0300 (Brasilia Standard Time),372
CAMPINAS,GM,Loggi,Wed Jul 29 2026 04:00:00 GMT-0300 (Brasilia Standard Time),208
CAMPINAS,GM,Loggi,Thu Jul 30 2026 04:00:00 GMT-0300 (Brasilia Standard Time),219
CAMPINAS,GM,Loggi,Fri Jul 31 2026 04:00:00 GMT-0300 (Brasilia Standard Time),158
CAMPINAS,GM,Loggi,Sat Aug 01 2026 04:00:00 GMT-0300 (Brasilia Standard Time),147
CAMPINAS,GM,Loggi,Tue Aug 04 2026 04:00:00 GMT-0300 (Brasilia Standard Time),482
CAMPINAS,GM,Loggi,Wed Aug 05 2026 04:00:00 GMT-0300 (Brasilia Standard Time),356
CAMPINAS,GM,Loggi,Thu Aug 06 2026 04:00:00 GMT-0300 (Brasilia Standard Time),317
CAMPINAS,GM,Loggi,Fri Aug 07 2026 04:00:00 GMT-0300 (Brasilia Standard Time),267
CAMPINAS,GM,Loggi,Sat Aug 08 2026 04:00:00 GMT-0300 (Brasilia Standard Time),187
CAMPINAS,GM,Loggi,Tue Aug 11 2026 04:00:00 GMT-0300 (Brasilia Standard Time),408
CAMPINAS,GM,Loggi,Wed Aug 12 2026 04:00:00 GMT-0300 (Brasilia Standard Time),263
CAMPINAS,GM,Loggi,Thu Aug 13 2026 04:00:00 GMT-0300 (Brasilia Standard Time),302
CAMPINAS,GM,Loggi,Fri Aug 14 2026 04:00:00 GMT-0300 (Brasilia Standard Time),290
CAMPINAS,GM,Loggi,Sat Aug 15 2026 04:00:00 GMT-0300 (Brasilia Standard Time),269
CAMPINAS,GM,Loggi,Tue Aug 18 2026 04:00:00 GMT-0300 (Brasilia Standard Time),433
CAMPINAS,GM,Loggi,Wed Aug 19 2026 04:00:00 GMT-0300 (Brasilia Standard Time),55
CAMPINAS,GM,Loggi,Thu Aug 20 2026 04:00:00 GMT-0300 (Brasilia Standard Time),42
CAMPINAS,GM,Loggi,Fri Aug 21 2026 04:00:00 GMT-0300 (Brasilia Standard Time),11
CAMPINAS,GM,Loggi,Sat Aug 22 2026 04:00:00 GMT-0300 (Brasilia Standard Time),24
CAMPINAS,GM,Loggi,Tue Aug 25 2026 04:00:00 GMT-0300 (Brasilia Standard Time),17
CAMPINAS,GM,Loggi,Wed Aug 26 2026 04:00:00 GMT-0300 (Brasilia Standard Time),2
CAMPINAS,GM,Loggi,Thu Aug 27 2026 04:00:00 GMT-0300 (Brasilia Standard Time),2
CAMPINAS,GM,Loggi,Fri Aug 28 2026 04:00:00 GMT-0300 (Brasilia Standard Time),2
CAMPINAS,GM,Loggi,Tue Sep 01 2026 04:00:00 GMT-0300 (Brasilia Standard Time),3
CAMPINAS,LARGE,Carvalima,Sat Aug 01 2026 04:00:00 GMT-0300 (Brasilia Standard Time),1
CAMPINAS,LARGE,Carvalima,Tue Aug 04 2026 04:00:00 GMT-0300 (Brasilia Standard Time),1
CAMPINAS,LARGE,Dominalog,Fri Jul 24 2026 04:00:00 GMT-0300 (Brasilia Standard Time),2
CAMPINAS,LARGE,Dominalog,Sat Jul 25 2026 04:00:00 GMT-0300 (Brasilia Standard Time),2
CAMPINAS,LARGE,Dominalog,Tue Jul 28 2026 04:00:00 GMT-0300 (Brasilia Standard Time),1
CAMPINAS,LARGE,Dominalog,Thu Jul 30 2026 04:00:00 GMT-0300 (Brasilia Standard Time),2
CAMPINAS,LARGE,Dominalog,Fri Jul 31 2026 04:00:00 GMT-0300 (Brasilia Standard Time),2
CAMPINAS,LARGE,Dominalog,Tue Aug 04 2026 04:00:00 GMT-0300 (Brasilia Standard Time),2
CAMPINAS,LARGE,Dominalog,Wed Aug 05 2026 04:00:00 GMT-0300 (Brasilia Standard Time),2
CAMPINAS,LARGE,Imile Fast,Tue Jul 28 2026 04:00:00 GMT-0300 (Brasilia Standard Time),1
CAMPINAS,LARGE,J&T Fast,Tue Jul 21 2026 04:00:00 GMT-0300 (Brasilia Standard Time),3
CAMPINAS,LARGE,J&T Fast,Wed Jul 22 2026 04:00:00 GMT-0300 (Brasilia Standard Time),3
CAMPINAS,LARGE,J&T Fast,Thu Jul 23 2026 04:00:00 GMT-0300 (Brasilia Standard Time),1
CAMPINAS,LARGE,J&T Fast,Tue Jul 28 2026 04:00:00 GMT-0300 (Brasilia Standard Time),2
CAMPINAS,LARGE,J&T Fast,Wed Jul 29 2026 04:00:00 GMT-0300 (Brasilia Standard Time),1
CAMPINAS,LARGE,J&T Fast,Fri Aug 07 2026 04:00:00 GMT-0300 (Brasilia Standard Time),2
CAMPINAS,LARGE,J&T Fast,Tue Aug 11 2026 04:00:00 GMT-0300 (Brasilia Standard Time),2
CAMPINAS,LARGE,J&T Fast,Fri Aug 14 2026 04:00:00 GMT-0300 (Brasilia Standard Time),1
CAMPINAS,LARGE,J&T Fast,Sat Aug 15 2026 04:00:00 GMT-0300 (Brasilia Standard Time),2
CAMPINAS,LARGE,J&T Nodos,Fri Jul 24 2026 04:00:00 GMT-0300 (Brasilia Standard Time),1
CAMPINAS,LARGE,J&T Nodos,Fri Aug 07 2026 04:00:00 GMT-0300 (Brasilia Standard Time),1
CAMPINAS,LARGE,J&T Nodos,Thu Aug 13 2026 04:00:00 GMT-0300 (Brasilia Standard Time),1
CAMPINAS,LARGE,J&T Nodos,Fri Aug 14 2026 04:00:00 GMT-0300 (Brasilia Standard Time),1
CAMPINAS,LARGE,J&T Slow,Tue Jul 21 2026 04:00:00 GMT-0300 (Brasilia Standard Time),57
CAMPINAS,LARGE,J&T Slow,Wed Jul 22 2026 04:00:00 GMT-0300 (Brasilia Standard Time),27
CAMPINAS,LARGE,J&T Slow,Thu Jul 23 2026 04:00:00 GMT-0300 (Brasilia Standard Time),40
CAMPINAS,LARGE,J&T Slow,Fri Jul 24 2026 04:00:00 GMT-0300 (Brasilia Standard Time),37
CAMPINAS,LARGE,J&T Slow,Sat Jul 25 2026 04:00:00 GMT-0300 (Brasilia Standard Time),38
CAMPINAS,LARGE,J&T Slow,Tue Jul 28 2026 04:00:00 GMT-0300 (Brasilia Standard Time),73
CAMPINAS,LARGE,J&T Slow,Wed Jul 29 2026 04:00:00 GMT-0300 (Brasilia Standard Time),34
CAMPINAS,LARGE,J&T Slow,Thu Jul 30 2026 04:00:00 GMT-0300 (Brasilia Standard Time),40
CAMPINAS,LARGE,J&T Slow,Fri Jul 31 2026 04:00:00 GMT-0300 (Brasilia Standard Time),26
CAMPINAS,LARGE,J&T Slow,Sat Aug 01 2026 04:00:00 GMT-0300 (Brasilia Standard Time),29
CAMPINAS,LARGE,J&T Slow,Tue Aug 04 2026 04:00:00 GMT-0300 (Brasilia Standard Time),88
CAMPINAS,LARGE,J&T Slow,Wed Aug 05 2026 04:00:00 GMT-0300 (Brasilia Standard Time),26
CAMPINAS,LARGE,J&T Slow,Thu Aug 06 2026 04:00:00 GMT-0300 (Brasilia Standard Time),41
CAMPINAS,LARGE,J&T Slow,Fri Aug 07 2026 04:00:00 GMT-0300 (Brasilia Standard Time),27
CAMPINAS,LARGE,J&T Slow,Sat Aug 08 2026 04:00:00 GMT-0300 (Brasilia Standard Time),36
CAMPINAS,LARGE,J&T Slow,Tue Aug 11 2026 04:00:00 GMT-0300 (Brasilia Standard Time),52
CAMPINAS,LARGE,J&T Slow,Wed Aug 12 2026 04:00:00 GMT-0300 (Brasilia Standard Time),19
CAMPINAS,LARGE,J&T Slow,Thu Aug 13 2026 04:00:00 GMT-0300 (Brasilia Standard Time),33
CAMPINAS,LARGE,J&T Slow,Fri Aug 14 2026 04:00:00 GMT-0300 (Brasilia Standard Time),35
CAMPINAS,LARGE,J&T Slow,Sat Aug 15 2026 04:00:00 GMT-0300 (Brasilia Standard Time),51
CAMPINAS,LARGE,J&T Slow,Tue Aug 18 2026 04:00:00 GMT-0300 (Brasilia Standard Time),66
CAMPINAS,LARGE,J&T Slow,Wed Aug 19 2026 04:00:00 GMT-0300 (Brasilia Standard Time),26
CAMPINAS,LARGE,J&T Slow,Thu Aug 20 2026 04:00:00 GMT-0300 (Brasilia Standard Time),9
CAMPINAS,LARGE,J&T Slow,Fri Aug 21 2026 04:00:00 GMT-0300 (Brasilia Standard Time),3
CAMPINAS,LARGE,J&T Slow,Sat Aug 22 2026 04:00:00 GMT-0300 (Brasilia Standard Time),2
CAMPINAS,LARGE,Jad,Tue Jul 21 2026 04:00:00 GMT-0300 (Brasilia Standard Time),715
CAMPINAS,LARGE,Jad,Wed Jul 22 2026 04:00:00 GMT-0300 (Brasilia Standard Time),427
CAMPINAS,LARGE,Jad,Thu Jul 23 2026 04:00:00 GMT-0300 (Brasilia Standard Time),294
CAMPINAS,LARGE,Jad,Fri Jul 24 2026 04:00:00 GMT-0300 (Brasilia Standard Time),311
CAMPINAS,LARGE,Jad,Sat Jul 25 2026 04:00:00 GMT-0300 (Brasilia Standard Time),247
CAMPINAS,LARGE,Jad,Mon Jul 27 2026 04:00:00 GMT-0300 (Brasilia Standard Time),4
CAMPINAS,LARGE,Jad,Tue Jul 28 2026 04:00:00 GMT-0300 (Brasilia Standard Time),630
CAMPINAS,LARGE,Jad,Wed Jul 29 2026 04:00:00 GMT-0300 (Brasilia Standard Time),345
CAMPINAS,LARGE,Jad,Thu Jul 30 2026 04:00:00 GMT-0300 (Brasilia Standard Time),212
CAMPINAS,LARGE,Jad,Fri Jul 31 2026 04:00:00 GMT-0300 (Brasilia Standard Time),281
CAMPINAS,LARGE,Jad,Sat Aug 01 2026 04:00:00 GMT-0300 (Brasilia Standard Time),170
CAMPINAS,LARGE,Jad,Mon Aug 03 2026 04:00:00 GMT-0300 (Brasilia Standard Time),1
CAMPINAS,LARGE,Jad,Tue Aug 04 2026 04:00:00 GMT-0300 (Brasilia Standard Time),659
CAMPINAS,LARGE,Jad,Wed Aug 05 2026 04:00:00 GMT-0300 (Brasilia Standard Time),326
CAMPINAS,LARGE,Jad,Thu Aug 06 2026 04:00:00 GMT-0300 (Brasilia Standard Time),145
CAMPINAS,LARGE,Jad,Fri Aug 07 2026 04:00:00 GMT-0300 (Brasilia Standard Time),472
CAMPINAS,LARGE,Jad,Sat Aug 08 2026 04:00:00 GMT-0300 (Brasilia Standard Time),247
CAMPINAS,LARGE,Jad,Tue Aug 11 2026 04:00:00 GMT-0300 (Brasilia Standard Time),632
CAMPINAS,LARGE,Jad,Wed Aug 12 2026 04:00:00 GMT-0300 (Brasilia Standard Time),450
CAMPINAS,LARGE,Jad,Thu Aug 13 2026 04:00:00 GMT-0300 (Brasilia Standard Time),336
CAMPINAS,LARGE,Jad,Fri Aug 14 2026 04:00:00 GMT-0300 (Brasilia Standard Time),353
CAMPINAS,LARGE,Jad,Sat Aug 15 2026 04:00:00 GMT-0300 (Brasilia Standard Time),352
CAMPINAS,LARGE,Jad,Tue Aug 18 2026 04:00:00 GMT-0300 (Brasilia Standard Time),948
CAMPINAS,LARGE,Jad,Wed Aug 19 2026 04:00:00 GMT-0300 (Brasilia Standard Time),133
CAMPINAS,LARGE,Jad,Thu Aug 20 2026 04:00:00 GMT-0300 (Brasilia Standard Time),13
CAMPINAS,LARGE,Jad,Fri Aug 21 2026 04:00:00 GMT-0300 (Brasilia Standard Time),9
CAMPINAS,LARGE,Jad,Sat Aug 22 2026 04:00:00 GMT-0300 (Brasilia Standard Time),1
CAMPINAS,LARGE,Jad,Tue Aug 25 2026 04:00:00 GMT-0300 (Brasilia Standard Time),162
CAMPINAS,LARGE,Jad,Wed Aug 26 2026 04:00:00 GMT-0300 (Brasilia Standard Time),3
CAMPINAS,LARGE,Jad,Thu Aug 27 2026 04:00:00 GMT-0300 (Brasilia Standard Time),1
CAMPINAS,LARGE,Jad,Tue Sep 01 2026 04:00:00 GMT-0300 (Brasilia Standard Time),7
CAMPINAS,LARGE,Loggi,Tue Jul 21 2026 04:00:00 GMT-0300 (Brasilia Standard Time),29
CAMPINAS,LARGE,Loggi,Wed Jul 22 2026 04:00:00 GMT-0300 (Brasilia Standard Time),11
CAMPINAS,LARGE,Loggi,Thu Jul 23 2026 04:00:00 GMT-0300 (Brasilia Standard Time),9
CAMPINAS,LARGE,Loggi,Fri Jul 24 2026 04:00:00 GMT-0300 (Brasilia Standard Time),8
CAMPINAS,LARGE,Loggi,Sat Jul 25 2026 04:00:00 GMT-0300 (Brasilia Standard Time),2
CAMPINAS,LARGE,Loggi,Tue Jul 28 2026 04:00:00 GMT-0300 (Brasilia Standard Time),8
CAMPINAS,LARGE,Loggi,Wed Jul 29 2026 04:00:00 GMT-0300 (Brasilia Standard Time),15
CAMPINAS,LARGE,Loggi,Thu Jul 30 2026 04:00:00 GMT-0300 (Brasilia Standard Time),12
CAMPINAS,LARGE,Loggi,Fri Jul 31 2026 04:00:00 GMT-0300 (Brasilia Standard Time),8
CAMPINAS,LARGE,Loggi,Sat Aug 01 2026 04:00:00 GMT-0300 (Brasilia Standard Time),5
CAMPINAS,LARGE,Loggi,Tue Aug 04 2026 04:00:00 GMT-0300 (Brasilia Standard Time),75
CAMPINAS,LARGE,Loggi,Wed Aug 05 2026 04:00:00 GMT-0300 (Brasilia Standard Time),30
CAMPINAS,LARGE,Loggi,Thu Aug 06 2026 04:00:00 GMT-0300 (Brasilia Standard Time),39
CAMPINAS,LARGE,Loggi,Fri Aug 07 2026 04:00:00 GMT-0300 (Brasilia Standard Time),19
CAMPINAS,LARGE,Loggi,Sat Aug 08 2026 04:00:00 GMT-0300 (Brasilia Standard Time),13
CAMPINAS,LARGE,Loggi,Tue Aug 11 2026 04:00:00 GMT-0300 (Brasilia Standard Time),29
CAMPINAS,LARGE,Loggi,Wed Aug 12 2026 04:00:00 GMT-0300 (Brasilia Standard Time),52
CAMPINAS,LARGE,Loggi,Thu Aug 13 2026 04:00:00 GMT-0300 (Brasilia Standard Time),35
CAMPINAS,LARGE,Loggi,Fri Aug 14 2026 04:00:00 GMT-0300 (Brasilia Standard Time),8
CAMPINAS,LARGE,Loggi,Sat Aug 15 2026 04:00:00 GMT-0300 (Brasilia Standard Time),6
CAMPINAS,LARGE,Loggi,Tue Aug 18 2026 04:00:00 GMT-0300 (Brasilia Standard Time),211
CAMPINAS,LARGE,Loggi,Wed Aug 19 2026 04:00:00 GMT-0300 (Brasilia Standard Time),68
CAMPINAS,LARGE,Loggi,Thu Aug 20 2026 04:00:00 GMT-0300 (Brasilia Standard Time),102
CAMPINAS,LARGE,Loggi,Fri Aug 21 2026 04:00:00 GMT-0300 (Brasilia Standard Time),98
CAMPINAS,LARGE,Loggi,Sat Aug 22 2026 04:00:00 GMT-0300 (Brasilia Standard Time),110
CAMPINAS,LARGE,Loggi,Tue Aug 25 2026 04:00:00 GMT-0300 (Brasilia Standard Time),214
CAMPINAS,LARGE,Loggi,Wed Aug 26 2026 04:00:00 GMT-0300 (Brasilia Standard Time),3
CAMPINAS,LARGE,Loggi,Thu Aug 27 2026 04:00:00 GMT-0300 (Brasilia Standard Time),4
CAMPINAS,LARGE,Loggi,Fri Aug 28 2026 04:00:00 GMT-0300 (Brasilia Standard Time),2
CAMPINAS,LARGE,Loggi,Sat Aug 29 2026 04:00:00 GMT-0300 (Brasilia Standard Time),7
CAMPINAS,LARGE,Loggi,Tue Sep 01 2026 04:00:00 GMT-0300 (Brasilia Standard Time),11
CAMPINAS,NA,J&T Fast,Tue Aug 18 2026 04:00:00 GMT-0300 (Brasilia Standard Time),4
CAMPINAS,NA,J&T Fast,Wed Aug 19 2026 04:00:00 GMT-0300 (Brasilia Standard Time),9
CAMPINAS,NA,J&T Fast,Fri Aug 21 2026 04:00:00 GMT-0300 (Brasilia Standard Time),1
CAMPINAS,NA,J&T Fast,Tue Aug 25 2026 04:00:00 GMT-0300 (Brasilia Standard Time),1
CAMPINAS,NA,J&T Fast,Sat Aug 29 2026 04:00:00 GMT-0300 (Brasilia Standard Time),1
CAMPINAS,NA,J&T Nodos,Thu Aug 20 2026 04:00:00 GMT-0300 (Brasilia Standard Time),1
CAMPINAS,NA,J&T Nodos,Fri Aug 21 2026 04:00:00 GMT-0300 (Brasilia Standard Time),12
CAMPINAS,NA,J&T Nodos,Sat Aug 22 2026 04:00:00 GMT-0300 (Brasilia Standard Time),7
CAMPINAS,NA,J&T Slow,Wed Aug 19 2026 04:00:00 GMT-0300 (Brasilia Standard Time),46
CAMPINAS,NA,J&T Slow,Thu Aug 20 2026 04:00:00 GMT-0300 (Brasilia Standard Time),449
CAMPINAS,NA,J&T Slow,Fri Aug 21 2026 04:00:00 GMT-0300 (Brasilia Standard Time),161
CAMPINAS,NA,J&T Slow,Sat Aug 22 2026 04:00:00 GMT-0300 (Brasilia Standard Time),47
CAMPINAS,NA,J&T Slow,Tue Aug 25 2026 04:00:00 GMT-0300 (Brasilia Standard Time),17
CAMPINAS,NA,J&T Slow,Wed Aug 26 2026 04:00:00 GMT-0300 (Brasilia Standard Time),2
CAMPINAS,NA,J&T Slow,Thu Aug 27 2026 04:00:00 GMT-0300 (Brasilia Standard Time),5
CAMPINAS,NA,J&T Slow,Fri Aug 28 2026 04:00:00 GMT-0300 (Brasilia Standard Time),11
CAMPINAS,NA,J&T Slow,Sat Aug 29 2026 04:00:00 GMT-0300 (Brasilia Standard Time),3
CAMPINAS,NA,J&T Slow,Tue Sep 01 2026 04:00:00 GMT-0300 (Brasilia Standard Time),5
CAMPINAS,NA,Jad,Tue Aug 18 2026 04:00:00 GMT-0300 (Brasilia Standard Time),1
CAMPINAS,NA,Jad,Wed Aug 19 2026 04:00:00 GMT-0300 (Brasilia Standard Time),22
CAMPINAS,NA,Jad,Thu Aug 20 2026 04:00:00 GMT-0300 (Brasilia Standard Time),1
CAMPINAS,NA,Jad,Tue Aug 25 2026 04:00:00 GMT-0300 (Brasilia Standard Time),7
CAMPINAS,NA,Loggi,Tue Aug 18 2026 04:00:00 GMT-0300 (Brasilia Standard Time),6
CAMPINAS,NA,Loggi,Wed Aug 19 2026 04:00:00 GMT-0300 (Brasilia Standard Time),4
CAMPINAS,NA,Loggi,Fri Aug 21 2026 04:00:00 GMT-0300 (Brasilia Standard Time),4
CAMPINAS,NA,Loggi,Sat Aug 22 2026 04:00:00 GMT-0300 (Brasilia Standard Time),1
CAMPINAS,NA,Loggi,Tue Aug 25 2026 04:00:00 GMT-0300 (Brasilia Standard Time),17
CAMPINAS,OVERSIZE,Dominalog,Wed Jul 29 2026 04:00:00 GMT-0300 (Brasilia Standard Time),1
CAMPINAS,OVERSIZE,J&T Fast,Tue Jul 21 2026 04:00:00 GMT-0300 (Brasilia Standard Time),2
CAMPINAS,OVERSIZE,J&T Slow,Wed Jul 22 2026 04:00:00 GMT-0300 (Brasilia Standard Time),1
CAMPINAS,OVERSIZE,J&T Slow,Thu Jul 23 2026 04:00:00 GMT-0300 (Brasilia Standard Time),1
CAMPINAS,OVERSIZE,J&T Slow,Fri Jul 24 2026 04:00:00 GMT-0300 (Brasilia Standard Time),1
CAMPINAS,OVERSIZE,J&T Slow,Tue Jul 28 2026 04:00:00 GMT-0300 (Brasilia Standard Time),2
CAMPINAS,OVERSIZE,J&T Slow,Thu Jul 30 2026 04:00:00 GMT-0300 (Brasilia Standard Time),2
CAMPINAS,OVERSIZE,J&T Slow,Fri Jul 31 2026 04:00:00 GMT-0300 (Brasilia Standard Time),1
CAMPINAS,OVERSIZE,J&T Slow,Tue Aug 04 2026 04:00:00 GMT-0300 (Brasilia Standard Time),2
CAMPINAS,OVERSIZE,J&T Slow,Wed Aug 05 2026 04:00:00 GMT-0300 (Brasilia Standard Time),2
CAMPINAS,OVERSIZE,J&T Slow,Fri Aug 07 2026 04:00:00 GMT-0300 (Brasilia Standard Time),1
CAMPINAS,OVERSIZE,J&T Slow,Tue Aug 11 2026 04:00:00 GMT-0300 (Brasilia Standard Time),1
CAMPINAS,OVERSIZE,J&T Slow,Thu Aug 13 2026 04:00:00 GMT-0300 (Brasilia Standard Time),1
CAMPINAS,OVERSIZE,J&T Slow,Fri Aug 14 2026 04:00:00 GMT-0300 (Brasilia Standard Time),1
CAMPINAS,OVERSIZE,J&T Slow,Sat Aug 15 2026 04:00:00 GMT-0300 (Brasilia Standard Time),1
CAMPINAS,OVERSIZE,J&T Slow,Tue Aug 18 2026 04:00:00 GMT-0300 (Brasilia Standard Time),4
CAMPINAS,OVERSIZE,Jad,Tue Jul 21 2026 04:00:00 GMT-0300 (Brasilia Standard Time),53
CAMPINAS,OVERSIZE,Jad,Wed Jul 22 2026 04:00:00 GMT-0300 (Brasilia Standard Time),55
CAMPINAS,OVERSIZE,Jad,Thu Jul 23 2026 04:00:00 GMT-0300 (Brasilia Standard Time),42
CAMPINAS,OVERSIZE,Jad,Fri Jul 24 2026 04:00:00 GMT-0300 (Brasilia Standard Time),25
CAMPINAS,OVERSIZE,Jad,Sat Jul 25 2026 04:00:00 GMT-0300 (Brasilia Standard Time),22
CAMPINAS,OVERSIZE,Jad,Tue Jul 28 2026 04:00:00 GMT-0300 (Brasilia Standard Time),49
CAMPINAS,OVERSIZE,Jad,Wed Jul 29 2026 04:00:00 GMT-0300 (Brasilia Standard Time),28
CAMPINAS,OVERSIZE,Jad,Thu Jul 30 2026 04:00:00 GMT-0300 (Brasilia Standard Time),19
CAMPINAS,OVERSIZE,Jad,Fri Jul 31 2026 04:00:00 GMT-0300 (Brasilia Standard Time),22
CAMPINAS,OVERSIZE,Jad,Sat Aug 01 2026 04:00:00 GMT-0300 (Brasilia Standard Time),25
CAMPINAS,OVERSIZE,Jad,Mon Aug 03 2026 04:00:00 GMT-0300 (Brasilia Standard Time),1
CAMPINAS,OVERSIZE,Jad,Tue Aug 04 2026 04:00:00 GMT-0300 (Brasilia Standard Time),53
CAMPINAS,OVERSIZE,Jad,Wed Aug 05 2026 04:00:00 GMT-0300 (Brasilia Standard Time),18
CAMPINAS,OVERSIZE,Jad,Thu Aug 06 2026 04:00:00 GMT-0300 (Brasilia Standard Time),6
CAMPINAS,OVERSIZE,Jad,Fri Aug 07 2026 04:00:00 GMT-0300 (Brasilia Standard Time),33
CAMPINAS,OVERSIZE,Jad,Sat Aug 08 2026 04:00:00 GMT-0300 (Brasilia Standard Time),23
CAMPINAS,OVERSIZE,Jad,Tue Aug 11 2026 04:00:00 GMT-0300 (Brasilia Standard Time),70
CAMPINAS,OVERSIZE,Jad,Wed Aug 12 2026 04:00:00 GMT-0300 (Brasilia Standard Time),23
CAMPINAS,OVERSIZE,Jad,Thu Aug 13 2026 04:00:00 GMT-0300 (Brasilia Standard Time),29
CAMPINAS,OVERSIZE,Jad,Fri Aug 14 2026 04:00:00 GMT-0300 (Brasilia Standard Time),30
CAMPINAS,OVERSIZE,Jad,Sat Aug 15 2026 04:00:00 GMT-0300 (Brasilia Standard Time),45
CAMPINAS,OVERSIZE,Jad,Mon Aug 17 2026 04:00:00 GMT-0300 (Brasilia Standard Time),1
CAMPINAS,OVERSIZE,Jad,Tue Aug 18 2026 04:00:00 GMT-0300 (Brasilia Standard Time),157
CAMPINAS,OVERSIZE,Jad,Wed Aug 19 2026 04:00:00 GMT-0300 (Brasilia Standard Time),27
CAMPINAS,OVERSIZE,Jad,Thu Aug 20 2026 04:00:00 GMT-0300 (Brasilia Standard Time),2
CAMPINAS,OVERSIZE,Jad,Tue Aug 25 2026 04:00:00 GMT-0300 (Brasilia Standard Time),35
CAMPINAS,OVERSIZE,Jad,Fri Aug 28 2026 04:00:00 GMT-0300 (Brasilia Standard Time),1
CAMPINAS,OVERSIZE,Jad,Tue Sep 01 2026 04:00:00 GMT-0300 (Brasilia Standard Time),2
CAMPINAS,OVERSIZE,Loggi,Wed Jul 22 2026 04:00:00 GMT-0300 (Brasilia Standard Time),1
CAMPINAS,OVERSIZE,Loggi,Mon Jul 27 2026 04:00:00 GMT-0300 (Brasilia Standard Time),1
CAMPINAS,OVERSIZE,Loggi,Tue Jul 28 2026 04:00:00 GMT-0300 (Brasilia Standard Time),1
CAMPINAS,OVERSIZE,Loggi,Fri Jul 31 2026 04:00:00 GMT-0300 (Brasilia Standard Time),1
CAMPINAS,OVERSIZE,Loggi,Sat Aug 01 2026 04:00:00 GMT-0300 (Brasilia Standard Time),1
CAMPINAS,OVERSIZE,Loggi,Tue Aug 04 2026 04:00:00 GMT-0300 (Brasilia Standard Time),1
CAMPINAS,OVERSIZE,Loggi,Wed Aug 05 2026 04:00:00 GMT-0300 (Brasilia Standard Time),5
CAMPINAS,OVERSIZE,Loggi,Fri Aug 07 2026 04:00:00 GMT-0300 (Brasilia Standard Time),2
CAMPINAS,OVERSIZE,Loggi,Sat Aug 08 2026 04:00:00 GMT-0300 (Brasilia Standard Time),3
CAMPINAS,OVERSIZE,Loggi,Tue Aug 11 2026 04:00:00 GMT-0300 (Brasilia Standard Time),2
CAMPINAS,OVERSIZE,Loggi,Thu Aug 13 2026 04:00:00 GMT-0300 (Brasilia Standard Time),2
CAMPINAS,OVERSIZE,Loggi,Sat Aug 15 2026 04:00:00 GMT-0300 (Brasilia Standard Time),3
CAMPINAS,OVERSIZE,Loggi,Tue Aug 18 2026 04:00:00 GMT-0300 (Brasilia Standard Time),29
CAMPINAS,OVERSIZE,Loggi,Wed Aug 19 2026 04:00:00 GMT-0300 (Brasilia Standard Time),10
CAMPINAS,OVERSIZE,Loggi,Thu Aug 20 2026 04:00:00 GMT-0300 (Brasilia Standard Time),5
CAMPINAS,OVERSIZE,Loggi,Tue Aug 25 2026 04:00:00 GMT-0300 (Brasilia Standard Time),2
EAC1,GM,Carvalima,Wed Jul 29 2026 04:00:00 GMT-0300 (Brasilia Standard Time),7
EAC1,GM,Carvalima,Thu Jul 30 2026 04:00:00 GMT-0300 (Brasilia Standard Time),1
EAC1,GM,Carvalima,Tue Aug 04 2026 04:00:00 GMT-0300 (Brasilia Standard Time),2
EAC1,GM,J&T Fast,Wed Jul 29 2026 04:00:00 GMT-0300 (Brasilia Standard Time),1
EAC1,GM,J&T Slow,Thu Jul 23 2026 04:00:00 GMT-0300 (Brasilia Standard Time),1
EAC1,GM,J&T Slow,Tue Jul 28 2026 04:00:00 GMT-0300 (Brasilia Standard Time),1
EAC1,GM,J&T Slow,Wed Jul 29 2026 04:00:00 GMT-0300 (Brasilia Standard Time),2
EAC1,GM,J&T Slow,Thu Jul 30 2026 04:00:00 GMT-0300 (Brasilia Standard Time),2
EAC1,GM,J&T Slow,Fri Aug 07 2026 04:00:00 GMT-0300 (Brasilia Standard Time),1
EAC1,LARGE,Carvalima,Wed Jul 29 2026 04:00:00 GMT-0300 (Brasilia Standard Time),2
EAC1,LARGE,Carvalima,Thu Aug 06 2026 04:00:00 GMT-0300 (Brasilia Standard Time),1
EAC1,OVERSIZE,Carvalima,Thu Aug 06 2026 04:00:00 GMT-0300 (Brasilia Standard Time),1
EAL1,GM,J&T Fast,Mon Aug 03 2026 04:00:00 GMT-0300 (Brasilia Standard Time),1
EAL1,GM,J&T Slow,Sat Jul 25 2026 04:00:00 GMT-0300 (Brasilia Standard Time),2
EAL1,GM,J&T Slow,Mon Jul 27 2026 04:00:00 GMT-0300 (Brasilia Standard Time),1
EAL1,GM,J&T Slow,Wed Jul 29 2026 04:00:00 GMT-0300 (Brasilia Standard Time),2
EAL1,GM,J&T Slow,Thu Jul 30 2026 04:00:00 GMT-0300 (Brasilia Standard Time),3
EAL1,GM,J&T Slow,Fri Jul 31 2026 04:00:00 GMT-0300 (Brasilia Standard Time),1
EAL1,GM,J&T Slow,Sat Aug 01 2026 04:00:00 GMT-0300 (Brasilia Standard Time),2
EAL1,GM,J&T Slow,Mon Aug 03 2026 04:00:00 GMT-0300 (Brasilia Standard Time),2
EAL1,GM,J&T Slow,Wed Aug 05 2026 04:00:00 GMT-0300 (Brasilia Standard Time),2
EAL1,GM,J&T Slow,Thu Aug 06 2026 04:00:00 GMT-0300 (Brasilia Standard Time),4
EAL1,GM,J&T Slow,Sat Aug 08 2026 04:00:00 GMT-0300 (Brasilia Standard Time),2
EAL1,GM,Jad,Wed Jul 29 2026 04:00:00 GMT-0300 (Brasilia Standard Time),2
EAL1,GM,Jad,Sat Aug 01 2026 04:00:00 GMT-0300 (Brasilia Standard Time),1
EAL1,LARGE,Jad,Thu Jul 30 2026 04:00:00 GMT-0300 (Brasilia Standard Time),1
EAL1,LARGE,Jad,Sat Aug 01 2026 04:00:00 GMT-0300 (Brasilia Standard Time),2
EAL1,OVERSIZE,Jad,Sat Jul 25 2026 04:00:00 GMT-0300 (Brasilia Standard Time),1
EAL1,OVERSIZE,Jad,Thu Jul 30 2026 04:00:00 GMT-0300 (Brasilia Standard Time),1
EAL1,OVERSIZE,Jad,Thu Aug 06 2026 04:00:00 GMT-0300 (Brasilia Standard Time),1
EAL3,GM,J&T Slow,Wed Jul 29 2026 04:00:00 GMT-0300 (Brasilia Standard Time),1
EAL3,GM,J&T Slow,Thu Aug 06 2026 04:00:00 GMT-0300 (Brasilia Standard Time),2
EAL3,GM,J&T Slow,Fri Aug 07 2026 04:00:00 GMT-0300 (Brasilia Standard Time),1
EAL3,GM,Jad,Sat Jul 25 2026 04:00:00 GMT-0300 (Brasilia Standard Time),1
EAL3,GM,Jad,Thu Jul 30 2026 04:00:00 GMT-0300 (Brasilia Standard Time),1
EAL3,GM,Jad,Fri Jul 31 2026 04:00:00 GMT-0300 (Brasilia Standard Time),2
EAL3,GM,Jad,Sat Aug 01 2026 04:00:00 GMT-0300 (Brasilia Standard Time),1
EAL3,GM,Jad,Thu Aug 06 2026 04:00:00 GMT-0300 (Brasilia Standard Time),1
EAL3,LARGE,Jad,Thu Jul 30 2026 04:00:00 GMT-0300 (Brasilia Standard Time),1
EAL3,LARGE,Jad,Fri Jul 31 2026 04:00:00 GMT-0300 (Brasilia Standard Time),1
EAL3,LARGE,Jad,Thu Aug 06 2026 04:00:00 GMT-0300 (Brasilia Standard Time),3
EAL3,OVERSIZE,Jad,Thu Jul 30 2026 04:00:00 GMT-0300 (Brasilia Standard Time),1
EAL4,GM,Jad,Thu Jul 30 2026 04:00:00 GMT-0300 (Brasilia Standard Time),1
EAL4,GM,Jad,Wed Aug 05 2026 04:00:00 GMT-0300 (Brasilia Standard Time),1
EAL4,LARGE,Jad,Sat Jul 25 2026 04:00:00 GMT-0300 (Brasilia Standard Time),1
EAL4,LARGE,Jad,Wed Jul 29 2026 04:00:00 GMT-0300 (Brasilia Standard Time),1
EAL4,LARGE,Jad,Fri Jul 31 2026 04:00:00 GMT-0300 (Brasilia Standard Time),1
EAL4,OVERSIZE,Jad,Wed Aug 05 2026 04:00:00 GMT-0300 (Brasilia Standard Time),1
EAM1,GM,Carvalima,Mon Jul 27 2026 04:00:00 GMT-0300 (Brasilia Standard Time),1
EAM1,GM,Carvalima,Tue Jul 28 2026 04:00:00 GMT-0300 (Brasilia Standard Time),14
EAM1,GM,Carvalima,Wed Jul 29 2026 04:00:00 GMT-0300 (Brasilia Standard Time),40
EAM1,GM,Carvalima,Fri Jul 31 2026 04:00:00 GMT-0300 (Brasilia Standard Time),16
EAM1,GM,Carvalima,Sat Aug 01 2026 04:00:00 GMT-0300 (Brasilia Standard Time),39
EAM1,GM,Carvalima,Mon Aug 03 2026 04:00:00 GMT-0300 (Brasilia Standard Time),21
EAM1,GM,Carvalima,Tue Aug 04 2026 04:00:00 GMT-0300 (Brasilia Standard Time),35
EAM1,GM,Carvalima,Wed Aug 05 2026 04:00:00 GMT-0300 (Brasilia Standard Time),26
EAM1,GM,Carvalima,Fri Aug 07 2026 04:00:00 GMT-0300 (Brasilia Standard Time),20
EAM1,GM,Carvalima,Sat Aug 08 2026 04:00:00 GMT-0300 (Brasilia Standard Time),18
EAM1,GM,Carvalima,Mon Aug 10 2026 04:00:00 GMT-0300 (Brasilia Standard Time),13
EAM1,GM,Carvalima,Tue Aug 11 2026 04:00:00 GMT-0300 (Brasilia Standard Time),4
EAM1,GM,Carvalima,Sat Aug 15 2026 04:00:00 GMT-0300 (Brasilia Standard Time),1
EAM1,GM,J&T Fast,Fri Jul 31 2026 04:00:00 GMT-0300 (Brasilia Standard Time),1
EAM1,GM,Jad,Tue Jul 28 2026 04:00:00 GMT-0300 (Brasilia Standard Time),3
EAM1,GM,Jad,Wed Jul 29 2026 04:00:00 GMT-0300 (Brasilia Standard Time),3
EAM1,GM,Jad,Sat Aug 01 2026 04:00:00 GMT-0300 (Brasilia Standard Time),2
EAM1,GM,Jad,Mon Aug 03 2026 04:00:00 GMT-0300 (Brasilia Standard Time),1
EAM1,GM,Jad,Tue Aug 04 2026 04:00:00 GMT-0300 (Brasilia Standard Time),1
EAM1,GM,Jad,Wed Aug 05 2026 04:00:00 GMT-0300 (Brasilia Standard Time),1
EAM1,LARGE,Carvalima,Tue Jul 28 2026 04:00:00 GMT-0300 (Brasilia Standard Time),6
EAM1,LARGE,Carvalima,Wed Jul 29 2026 04:00:00 GMT-0300 (Brasilia Standard Time),11
EAM1,LARGE,Carvalima,Fri Jul 31 2026 04:00:00 GMT-0300 (Brasilia Standard Time),1
EAM1,LARGE,Carvalima,Sat Aug 01 2026 04:00:00 GMT-0300 (Brasilia Standard Time),3
EAM1,LARGE,Carvalima,Mon Aug 03 2026 04:00:00 GMT-0300 (Brasilia Standard Time),2
EAM1,LARGE,Carvalima,Tue Aug 04 2026 04:00:00 GMT-0300 (Brasilia Standard Time),4
EAM1,LARGE,Carvalima,Wed Aug 05 2026 04:00:00 GMT-0300 (Brasilia Standard Time),2
EAM1,LARGE,Carvalima,Fri Aug 07 2026 04:00:00 GMT-0300 (Brasilia Standard Time),3
EAM1,LARGE,Carvalima,Sat Aug 08 2026 04:00:00 GMT-0300 (Brasilia Standard Time),4
EAM1,OVERSIZE,Carvalima,Wed Jul 29 2026 04:00:00 GMT-0300 (Brasilia Standard Time),2
EAM1,OVERSIZE,Carvalima,Mon Aug 03 2026 04:00:00 GMT-0300 (Brasilia Standard Time),1
EAM1,OVERSIZE,Carvalima,Tue Aug 04 2026 04:00:00 GMT-0300 (Brasilia Standard Time),1
EAM1,OVERSIZE,Carvalima,Sat Aug 08 2026 04:00:00 GMT-0300 (Brasilia Standard Time),5
EAM1,OVERSIZE,Carvalima,Mon Aug 10 2026 04:00:00 GMT-0300 (Brasilia Standard Time),3
EAM1,OVERSIZE,Carvalima,Tue Aug 11 2026 04:00:00 GMT-0300 (Brasilia Standard Time),2
EAM1,OVERSIZE,Jad,Mon Aug 03 2026 04:00:00 GMT-0300 (Brasilia Standard Time),1
EAM2,GM,Carvalima,Mon Jul 27 2026 04:00:00 GMT-0300 (Brasilia Standard Time),3
EAM2,GM,Carvalima,Wed Jul 29 2026 04:00:00 GMT-0300 (Brasilia Standard Time),3
EAM2,GM,Carvalima,Thu Jul 30 2026 04:00:00 GMT-0300 (Brasilia Standard Time),4
EAM2,GM,Carvalima,Sat Aug 01 2026 04:00:00 GMT-0300 (Brasilia Standard Time),3
EAM2,GM,Carvalima,Mon Aug 03 2026 04:00:00 GMT-0300 (Brasilia Standard Time),6
EAM2,GM,Carvalima,Wed Aug 05 2026 04:00:00 GMT-0300 (Brasilia Standard Time),3
EAM2,GM,Carvalima,Thu Aug 06 2026 04:00:00 GMT-0300 (Brasilia Standard Time),5
EAM2,GM,Carvalima,Mon Aug 10 2026 04:00:00 GMT-0300 (Brasilia Standard Time),4
EAM2,GM,J&T Fast,Thu Jul 30 2026 04:00:00 GMT-0300 (Brasilia Standard Time),1
EAM2,GM,J&T Fast,Sat Aug 01 2026 04:00:00 GMT-0300 (Brasilia Standard Time),3
EAM2,GM,J&T Fast,Mon Aug 03 2026 04:00:00 GMT-0300 (Brasilia Standard Time),6
EAM2,GM,J&T Fast,Wed Aug 05 2026 04:00:00 GMT-0300 (Brasilia Standard Time),1
EAM2,GM,J&T Fast,Thu Aug 06 2026 04:00:00 GMT-0300 (Brasilia Standard Time),2
EAM2,GM,J&T Fast,Sat Aug 08 2026 04:00:00 GMT-0300 (Brasilia Standard Time),1
EAM2,GM,J&T Fast,Mon Aug 10 2026 04:00:00 GMT-0300 (Brasilia Standard Time),2
EAM2,GM,J&T Slow,Wed Jul 29 2026 04:00:00 GMT-0300 (Brasilia Standard Time),1
EAM2,GM,J&T Slow,Thu Jul 30 2026 04:00:00 GMT-0300 (Brasilia Standard Time),1
EAM2,GM,J&T Slow,Thu Aug 06 2026 04:00:00 GMT-0300 (Brasilia Standard Time),2
EAM2,GM,Jad,Wed Jul 22 2026 04:00:00 GMT-0300 (Brasilia Standard Time),1
EAM2,GM,Jad,Wed Jul 29 2026 04:00:00 GMT-0300 (Brasilia Standard Time),1
EAM2,GM,Jad,Mon Aug 10 2026 04:00:00 GMT-0300 (Brasilia Standard Time),4
EAM2,LARGE,Carvalima,Wed Jul 29 2026 04:00:00 GMT-0300 (Brasilia Standard Time),1
EAM2,LARGE,Carvalima,Sat Aug 01 2026 04:00:00 GMT-0300 (Brasilia Standard Time),2
EAM2,LARGE,Carvalima,Wed Aug 05 2026 04:00:00 GMT-0300 (Brasilia Standard Time),1
EAM2,LARGE,Carvalima,Mon Aug 10 2026 04:00:00 GMT-0300 (Brasilia Standard Time),1
EAM2,LARGE,J&T Fast,Thu Jul 30 2026 04:00:00 GMT-0300 (Brasilia Standard Time),1
EAM2,OVERSIZE,Carvalima,Mon Aug 03 2026 04:00:00 GMT-0300 (Brasilia Standard Time),3
EAM2,OVERSIZE,Carvalima,Wed Aug 05 2026 04:00:00 GMT-0300 (Brasilia Standard Time),1
EAM2,OVERSIZE,Carvalima,Thu Aug 06 2026 04:00:00 GMT-0300 (Brasilia Standard Time),1
EAM2,OVERSIZE,Jad,Sat Aug 08 2026 04:00:00 GMT-0300 (Brasilia Standard Time),2
EAM3,GM,Imile Fast,Mon Jul 27 2026 04:00:00 GMT-0300 (Brasilia Standard Time),3
EAM3,GM,Imile Fast,Tue Jul 28 2026 04:00:00 GMT-0300 (Brasilia Standard Time),1
EAM3,GM,Imile Fast,Thu Jul 30 2026 04:00:00 GMT-0300 (Brasilia Standard Time),3
EAM3,GM,Imile Fast,Fri Jul 31 2026 04:00:00 GMT-0300 (Brasilia Standard Time),2
EAM3,GM,Imile Fast,Sat Aug 01 2026 04:00:00 GMT-0300 (Brasilia Standard Time),4
EAM3,GM,Imile Fast,Mon Aug 03 2026 04:00:00 GMT-0300 (Brasilia Standard Time),9
EAM3,GM,Imile Fast,Tue Aug 04 2026 04:00:00 GMT-0300 (Brasilia Standard Time),3
EAM3,GM,Imile Fast,Thu Aug 06 2026 04:00:00 GMT-0300 (Brasilia Standard Time),16
EAM3,GM,Imile Fast,Fri Aug 07 2026 04:00:00 GMT-0300 (Brasilia Standard Time),8
EAM3,GM,Imile Fast,Sat Aug 08 2026 04:00:00 GMT-0300 (Brasilia Standard Time),2
EAM3,GM,Imile Slow,Tue Jul 28 2026 04:00:00 GMT-0300 (Brasilia Standard Time),5
EAM3,GM,Imile Slow,Thu Jul 30 2026 04:00:00 GMT-0300 (Brasilia Standard Time),1
EAM3,GM,Imile Slow,Sat Aug 01 2026 04:00:00 GMT-0300 (Brasilia Standard Time),1
EAM3,GM,Imile Slow,Mon Aug 03 2026 04:00:00 GMT-0300 (Brasilia Standard Time),9
EAM3,GM,Imile Slow,Tue Aug 04 2026 04:00:00 GMT-0300 (Brasilia Standard Time),8
EAM3,GM,Imile Slow,Thu Aug 06 2026 04:00:00 GMT-0300 (Brasilia Standard Time),3
EAM3,GM,Imile Slow,Fri Aug 07 2026 04:00:00 GMT-0300 (Brasilia Standard Time),3
EAM3,GM,Imile Slow,Sat Aug 08 2026 04:00:00 GMT-0300 (Brasilia Standard Time),1
EAM3,GM,Jad,Sat Jul 25 2026 04:00:00 GMT-0300 (Brasilia Standard Time),1
EAM3,GM,Jad,Mon Jul 27 2026 04:00:00 GMT-0300 (Brasilia Standard Time),6
EAM3,GM,Jad,Tue Jul 28 2026 04:00:00 GMT-0300 (Brasilia Standard Time),5
EAM3,GM,Jad,Thu Jul 30 2026 04:00:00 GMT-0300 (Brasilia Standard Time),11
EAM3,GM,Jad,Fri Jul 31 2026 04:00:00 GMT-0300 (Brasilia Standard Time),6
EAM3,GM,Jad,Sat Aug 01 2026 04:00:00 GMT-0300 (Brasilia Standard Time),5
EAM3,GM,Jad,Mon Aug 03 2026 04:00:00 GMT-0300 (Brasilia Standard Time),3
EAM3,GM,Jad,Tue Aug 04 2026 04:00:00 GMT-0300 (Brasilia Standard Time),2
EAM3,GM,Jad,Thu Aug 06 2026 04:00:00 GMT-0300 (Brasilia Standard Time),2
EAM3,GM,Jad,Fri Aug 07 2026 04:00:00 GMT-0300 (Brasilia Standard Time),5
EAM3,GM,Jad,Sat Aug 08 2026 04:00:00 GMT-0300 (Brasilia Standard Time),2
EAM3,GM,Loggi,Sat Jul 25 2026 04:00:00 GMT-0300 (Brasilia Standard Time),1
EAM3,GM,Loggi,Mon Jul 27 2026 04:00:00 GMT-0300 (Brasilia Standard Time),26
EAM3,GM,Loggi,Tue Jul 28 2026 04:00:00 GMT-0300 (Brasilia Standard Time),19
EAM3,GM,Loggi,Thu Jul 30 2026 04:00:00 GMT-0300 (Brasilia Standard Time),18
EAM3,GM,Loggi,Fri Jul 31 2026 04:00:00 GMT-0300 (Brasilia Standard Time),42
EAM3,GM,Loggi,Sat Aug 01 2026 04:00:00 GMT-0300 (Brasilia Standard Time),25
EAM3,GM,Loggi,Mon Aug 03 2026 04:00:00 GMT-0300 (Brasilia Standard Time),20
EAM3,GM,Loggi,Tue Aug 04 2026 04:00:00 GMT-0300 (Brasilia Standard Time),3
EAM3,GM,Loggi,Thu Aug 06 2026 04:00:00 GMT-0300 (Brasilia Standard Time),7
EAM3,GM,Loggi,Fri Aug 07 2026 04:00:00 GMT-0300 (Brasilia Standard Time),12
EAM3,GM,Loggi,Sat Aug 08 2026 04:00:00 GMT-0300 (Brasilia Standard Time),8
EAM3,GM,Loggi,Fri Aug 21 2026 04:00:00 GMT-0300 (Brasilia Standard Time),1
EAM3,LARGE,Imile Fast,Mon Jul 27 2026 04:00:00 GMT-0300 (Brasilia Standard Time),3
EAM3,LARGE,Imile Fast,Thu Aug 06 2026 04:00:00 GMT-0300 (Brasilia Standard Time),2
EAM3,LARGE,Imile Slow,Sat Aug 01 2026 04:00:00 GMT-0300 (Brasilia Standard Time),1
EAM3,LARGE,Jad,Mon Jul 27 2026 04:00:00 GMT-0300 (Brasilia Standard Time),3
EAM3,LARGE,Jad,Tue Jul 28 2026 04:00:00 GMT-0300 (Brasilia Standard Time),3
EAM3,LARGE,Jad,Thu Jul 30 2026 04:00:00 GMT-0300 (Brasilia Standard Time),1
EAM3,LARGE,Jad,Fri Jul 31 2026 04:00:00 GMT-0300 (Brasilia Standard Time),3
EAM3,LARGE,Jad,Sat Aug 01 2026 04:00:00 GMT-0300 (Brasilia Standard Time),3
EAM3,LARGE,Jad,Tue Aug 04 2026 04:00:00 GMT-0300 (Brasilia Standard Time),3
EAM3,LARGE,Jad,Thu Aug 06 2026 04:00:00 GMT-0300 (Brasilia Standard Time),1
EAM3,LARGE,Jad,Fri Aug 07 2026 04:00:00 GMT-0300 (Brasilia Standard Time),1
EAM3,LARGE,Jad,Sat Aug 08 2026 04:00:00 GMT-0300 (Brasilia Standard Time),1
EAM3,LARGE,Loggi,Tue Jul 28 2026 04:00:00 GMT-0300 (Brasilia Standard Time),2
EAM3,LARGE,Loggi,Thu Jul 30 2026 04:00:00 GMT-0300 (Brasilia Standard Time),3
EAM3,LARGE,Loggi,Fri Jul 31 2026 04:00:00 GMT-0300 (Brasilia Standard Time),2
EAM3,LARGE,Loggi,Sat Aug 01 2026 04:00:00 GMT-0300 (Brasilia Standard Time),4
EAM3,LARGE,Loggi,Mon Aug 03 2026 04:00:00 GMT-0300 (Brasilia Standard Time),2
EAM3,LARGE,Loggi,Thu Aug 06 2026 04:00:00 GMT-0300 (Brasilia Standard Time),1
EAM3,LARGE,Loggi,Fri Aug 07 2026 04:00:00 GMT-0300 (Brasilia Standard Time),1
EAM3,OVERSIZE,Imile Fast,Mon Jul 27 2026 04:00:00 GMT-0300 (Brasilia Standard Time),1
EAM3,OVERSIZE,Imile Fast,Tue Jul 28 2026 04:00:00 GMT-0300 (Brasilia Standard Time),1
EAM3,OVERSIZE,Jad,Tue Jul 28 2026 04:00:00 GMT-0300 (Brasilia Standard Time),2
EAM3,OVERSIZE,Jad,Sat Aug 01 2026 04:00:00 GMT-0300 (Brasilia Standard Time),3
EAM3,OVERSIZE,Jad,Mon Aug 03 2026 04:00:00 GMT-0300 (Brasilia Standard Time),2
EAM3,OVERSIZE,Jad,Thu Aug 06 2026 04:00:00 GMT-0300 (Brasilia Standard Time),1
EAM3,OVERSIZE,Jad,Fri Aug 07 2026 04:00:00 GMT-0300 (Brasilia Standard Time),1
EBA10,GM,Dominalog,Wed Aug 05 2026 04:00:00 GMT-0300 (Brasilia Standard Time),1
EBA10,GM,J&T Fast,Fri Aug 07 2026 04:00:00 GMT-0300 (Brasilia Standard Time),1
EBA10,GM,J&T Nodos,Sat Jul 25 2026 04:00:00 GMT-0300 (Brasilia Standard Time),1
EBA10,GM,J&T Nodos,Thu Aug 06 2026 04:00:00 GMT-0300 (Brasilia Standard Time),2
EBA10,GM,J&T Slow,Fri Jul 24 2026 04:00:00 GMT-0300 (Brasilia Standard Time),1
EBA10,GM,J&T Slow,Wed Aug 05 2026 04:00:00 GMT-0300 (Brasilia Standard Time),1
EBA10,GM,J&T Slow,Fri Aug 07 2026 04:00:00 GMT-0300 (Brasilia Standard Time),1
EBA10,GM,J&T Slow,Wed Aug 12 2026 04:00:00 GMT-0300 (Brasilia Standard Time),1
EBA10,GM,Jad,Tue Aug 04 2026 04:00:00 GMT-0300 (Brasilia Standard Time),1
EBA10,GM,Jad,Wed Aug 05 2026 04:00:00 GMT-0300 (Brasilia Standard Time),2
EBA10,GM,Jad,Fri Aug 07 2026 04:00:00 GMT-0300 (Brasilia Standard Time),1
EBA10,GM,Jad,Wed Aug 12 2026 04:00:00 GMT-0300 (Brasilia Standard Time),2
EBA10,LARGE,Dominalog,Mon Jul 27 2026 04:00:00 GMT-0300 (Brasilia Standard Time),1
EBA10,LARGE,Dominalog,Wed Aug 12 2026 04:00:00 GMT-0300 (Brasilia Standard Time),2
EBA10,LARGE,Jad,Mon Jul 27 2026 04:00:00 GMT-0300 (Brasilia Standard Time),1
EBA10,OVERSIZE,Dominalog,Wed Aug 05 2026 04:00:00 GMT-0300 (Brasilia Standard Time),1
EBA11,GM,J&T Fast,Thu Jul 30 2026 04:00:00 GMT-0300 (Brasilia Standard Time),2
EBA11,GM,J&T Fast,Fri Jul 31 2026 04:00:00 GMT-0300 (Brasilia Standard Time),1
EBA11,GM,J&T Fast,Thu Aug 06 2026 04:00:00 GMT-0300 (Brasilia Standard Time),3
EBA11,GM,J&T Fast,Fri Aug 07 2026 04:00:00 GMT-0300 (Brasilia Standard Time),1
EBA11,GM,J&T Slow,Wed Aug 05 2026 04:00:00 GMT-0300 (Brasilia Standard Time),2
EBA11,GM,J&T Slow,Thu Aug 06 2026 04:00:00 GMT-0300 (Brasilia Standard Time),1
EBA11,GM,J&T Slow,Fri Aug 07 2026 04:00:00 GMT-0300 (Brasilia Standard Time),1
EBA11,GM,Jad,Fri Jul 31 2026 04:00:00 GMT-0300 (Brasilia Standard Time),2
EBA11,GM,Jad,Sat Aug 01 2026 04:00:00 GMT-0300 (Brasilia Standard Time),3
EBA11,LARGE,J&T Slow,Tue Jul 28 2026 04:00:00 GMT-0300 (Brasilia Standard Time),1
EBA11,LARGE,Jad,Thu Jul 30 2026 04:00:00 GMT-0300 (Brasilia Standard Time),1
EBA11,LARGE,Jad,Fri Aug 07 2026 04:00:00 GMT-0300 (Brasilia Standard Time),2
EBA11,OVERSIZE,Jad,Mon Jul 27 2026 04:00:00 GMT-0300 (Brasilia Standard Time),1
EBA11,OVERSIZE,Jad,Sat Aug 01 2026 04:00:00 GMT-0300 (Brasilia Standard Time),1
EBA11,OVERSIZE,Jad,Mon Aug 03 2026 04:00:00 GMT-0300 (Brasilia Standard Time),1
EBA11,OVERSIZE,Jad,Fri Aug 07 2026 04:00:00 GMT-0300 (Brasilia Standard Time),1
EBA12,GM,J&T Slow,Sat Jul 25 2026 04:00:00 GMT-0300 (Brasilia Standard Time),1
EBA12,GM,J&T Slow,Thu Aug 06 2026 04:00:00 GMT-0300 (Brasilia Standard Time),2
EBA12,GM,Jad,Sat Aug 08 2026 04:00:00 GMT-0300 (Brasilia Standard Time),1
EBA12,GM,Loggi,Mon Jul 27 2026 04:00:00 GMT-0300 (Brasilia Standard Time),1
EBA12,GM,Loggi,Fri Aug 07 2026 04:00:00 GMT-0300 (Brasilia Standard Time),1
EBA12,LARGE,Jad,Thu Jul 30 2026 04:00:00 GMT-0300 (Brasilia Standard Time),1
EBA12,LARGE,Loggi,Mon Jul 27 2026 04:00:00 GMT-0300 (Brasilia Standard Time),1
EBA12,LARGE,Loggi,Tue Jul 28 2026 04:00:00 GMT-0300 (Brasilia Standard Time),1
EBA12,OVERSIZE,Jad,Sat Aug 01 2026 04:00:00 GMT-0300 (Brasilia Standard Time),1
EBA14,GM,J&T Slow,Sat Jul 25 2026 04:00:00 GMT-0300 (Brasilia Standard Time),1
EBA14,GM,J&T Slow,Mon Jul 27 2026 04:00:00 GMT-0300 (Brasilia Standard Time),6
EBA14,GM,J&T Slow,Wed Jul 29 2026 04:00:00 GMT-0300 (Brasilia Standard Time),3
EBA14,GM,J&T Slow,Thu Jul 30 2026 04:00:00 GMT-0300 (Brasilia Standard Time),6
EBA14,GM,J&T Slow,Fri Jul 31 2026 04:00:00 GMT-0300 (Brasilia Standard Time),8
EBA14,GM,J&T Slow,Sat Aug 01 2026 04:00:00 GMT-0300 (Brasilia Standard Time),3
EBA14,GM,J&T Slow,Mon Aug 03 2026 04:00:00 GMT-0300 (Brasilia Standard Time),5
EBA14,GM,J&T Slow,Tue Aug 04 2026 04:00:00 GMT-0300 (Brasilia Standard Time),1
EBA14,GM,J&T Slow,Wed Aug 05 2026 04:00:00 GMT-0300 (Brasilia Standard Time),4
EBA14,GM,J&T Slow,Thu Aug 06 2026 04:00:00 GMT-0300 (Brasilia Standard Time),2
EBA14,GM,J&T Slow,Fri Aug 07 2026 04:00:00 GMT-0300 (Brasilia Standard Time),5
EBA14,GM,J&T Slow,Sat Aug 08 2026 04:00:00 GMT-0300 (Brasilia Standard Time),1
EBA14,GM,Jad,Mon Jul 27 2026 04:00:00 GMT-0300 (Brasilia Standard Time),1
EBA14,GM,Jad,Fri Jul 31 2026 04:00:00 GMT-0300 (Brasilia Standard Time),1
EBA14,GM,Jad,Sat Aug 01 2026 04:00:00 GMT-0300 (Brasilia Standard Time),1
EBA14,GM,Loggi,Mon Jul 27 2026 04:00:00 GMT-0300 (Brasilia Standard Time),1
EBA14,GM,Loggi,Fri Aug 07 2026 04:00:00 GMT-0300 (Brasilia Standard Time),1
EBA14,LARGE,J&T Fast,Sat Aug 01 2026 04:00:00 GMT-0300 (Brasilia Standard Time),1
EBA14,LARGE,Jad,Fri Jul 31 2026 04:00:00 GMT-0300 (Brasilia Standard Time),1
EBA14,LARGE,Jad,Sat Aug 01 2026 04:00:00 GMT-0300 (Brasilia Standard Time),2
EBA14,LARGE,Jad,Fri Aug 07 2026 04:00:00 GMT-0300 (Brasilia Standard Time),2
EBA14,LARGE,Loggi,Thu Jul 30 2026 04:00:00 GMT-0300 (Brasilia Standard Time),1
EBA14,OVERSIZE,Jad,Fri Jul 31 2026 04:00:00 GMT-0300 (Brasilia Standard Time),1
EBA14,OVERSIZE,Jad,Thu Aug 06 2026 04:00:00 GMT-0300 (Brasilia Standard Time),1
EBA15,GM,J&T Slow,Tue Jul 28 2026 04:00:00 GMT-0300 (Brasilia Standard Time),1
EBA15,GM,J&T Slow,Wed Jul 29 2026 04:00:00 GMT-0300 (Brasilia Standard Time),1
EBA15,LARGE,Jad,Sat Aug 01 2026 04:00:00 GMT-0300 (Brasilia Standard Time),1
EBA16,GM,J&T Fast,Tue Aug 11 2026 04:00:00 GMT-0300 (Brasilia Standard Time),1
EBA16,GM,J&T Slow,Fri Jul 24 2026 04:00:00 GMT-0300 (Brasilia Standard Time),1
EBA16,GM,J&T Slow,Thu Jul 30 2026 04:00:00 GMT-0300 (Brasilia Standard Time),1
EBA16,GM,J&T Slow,Sat Aug 01 2026 04:00:00 GMT-0300 (Brasilia Standard Time),4
EBA16,GM,J&T Slow,Tue Aug 04 2026 04:00:00 GMT-0300 (Brasilia Standard Time),5
EBA16,GM,J&T Slow,Thu Aug 06 2026 04:00:00 GMT-0300 (Brasilia Standard Time),2
EBA16,GM,J&T Slow,Tue Aug 11 2026 04:00:00 GMT-0300 (Brasilia Standard Time),2
EBA16,GM,Jad,Tue Aug 04 2026 04:00:00 GMT-0300 (Brasilia Standard Time),1
EBA16,GM,Loggi,Tue Jul 28 2026 04:00:00 GMT-0300 (Brasilia Standard Time),2
EBA16,GM,Loggi,Tue Aug 04 2026 04:00:00 GMT-0300 (Brasilia Standard Time),5
EBA16,LARGE,Dominalog,Tue Aug 18 2026 04:00:00 GMT-0300 (Brasilia Standard Time),1
EBA16,OVERSIZE,Jad,Thu Jul 30 2026 04:00:00 GMT-0300 (Brasilia Standard Time),1
EBA18,GM,J&T Fast,Fri Jul 31 2026 04:00:00 GMT-0300 (Brasilia Standard Time),1
EBA18,GM,J&T Nodos,Fri Jul 31 2026 04:00:00 GMT-0300 (Brasilia Standard Time),1
EBA18,GM,J&T Nodos,Mon Aug 03 2026 04:00:00 GMT-0300 (Brasilia Standard Time),1
EBA18,GM,J&T Slow,Mon Jul 27 2026 04:00:00 GMT-0300 (Brasilia Standard Time),2
EBA18,GM,J&T Slow,Fri Jul 31 2026 04:00:00 GMT-0300 (Brasilia Standard Time),10
EBA18,GM,J&T Slow,Fri Aug 07 2026 04:00:00 GMT-0300 (Brasilia Standard Time),1
EBA18,GM,Jad,Fri Jul 31 2026 04:00:00 GMT-0300 (Brasilia Standard Time),3
EBA18,GM,Jad,Fri Aug 07 2026 04:00:00 GMT-0300 (Brasilia Standard Time),1
EBA18,GM,Loggi,Fri Jul 31 2026 04:00:00 GMT-0300 (Brasilia Standard Time),4
EBA18,LARGE,Jad,Mon Jul 27 2026 04:00:00 GMT-0300 (Brasilia Standard Time),1
EBA19,GM,J&T Fast,Mon Jul 27 2026 04:00:00 GMT-0300 (Brasilia Standard Time),1
EBA19,GM,J&T Slow,Fri Jul 24 2026 04:00:00 GMT-0300 (Brasilia Standard Time),1
EBA19,GM,J&T Slow,Sat Jul 25 2026 04:00:00 GMT-0300 (Brasilia Standard Time),1
EBA19,GM,J&T Slow,Mon Jul 27 2026 04:00:00 GMT-0300 (Brasilia Standard Time),2
EBA19,GM,J&T Slow,Tue Jul 28 2026 04:00:00 GMT-0300 (Brasilia Standard Time),3
EBA19,GM,J&T Slow,Wed Jul 29 2026 04:00:00 GMT-0300 (Brasilia Standard Time),4
EBA19,GM,J&T Slow,Thu Jul 30 2026 04:00:00 GMT-0300 (Brasilia Standard Time),4
EBA19,GM,J&T Slow,Fri Jul 31 2026 04:00:00 GMT-0300 (Brasilia Standard Time),6
EBA19,GM,J&T Slow,Sat Aug 01 2026 04:00:00 GMT-0300 (Brasilia Standard Time),3
EBA19,GM,J&T Slow,Mon Aug 03 2026 04:00:00 GMT-0300 (Brasilia Standard Time),1
EBA19,GM,J&T Slow,Tue Aug 04 2026 04:00:00 GMT-0300 (Brasilia Standard Time),1
EBA19,GM,J&T Slow,Wed Aug 05 2026 04:00:00 GMT-0300 (Brasilia Standard Time),1
EBA19,GM,J&T Slow,Thu Aug 06 2026 04:00:00 GMT-0300 (Brasilia Standard Time),2
EBA19,GM,J&T Slow,Fri Aug 07 2026 04:00:00 GMT-0300 (Brasilia Standard Time),2
EBA19,GM,Jad,Fri Jul 24 2026 04:00:00 GMT-0300 (Brasilia Standard Time),1
EBA19,GM,Jad,Mon Jul 27 2026 04:00:00 GMT-0300 (Brasilia Standard Time),2
EBA19,GM,Jad,Wed Jul 29 2026 04:00:00 GMT-0300 (Brasilia Standard Time),1
EBA19,GM,Jad,Thu Jul 30 2026 04:00:00 GMT-0300 (Brasilia Standard Time),2
EBA19,GM,Jad,Fri Jul 31 2026 04:00:00 GMT-0300 (Brasilia Standard Time),2
EBA19,GM,Jad,Sat Aug 01 2026 04:00:00 GMT-0300 (Brasilia Standard Time),1
EBA19,GM,Jad,Mon Aug 03 2026 04:00:00 GMT-0300 (Brasilia Standard Time),1
EBA19,GM,Jad,Wed Aug 05 2026 04:00:00 GMT-0300 (Brasilia Standard Time),2
EBA19,LARGE,Jad,Sat Jul 25 2026 04:00:00 GMT-0300 (Brasilia Standard Time),3
EBA19,LARGE,Jad,Sat Aug 01 2026 04:00:00 GMT-0300 (Brasilia Standard Time),1
EBA19,OVERSIZE,Jad,Thu Jul 30 2026 04:00:00 GMT-0300 (Brasilia Standard Time),1
EBA2,GM,J&T Fast,Thu Jul 23 2026 04:00:00 GMT-0300 (Brasilia Standard Time),1
EBA2,GM,J&T Fast,Fri Jul 24 2026 04:00:00 GMT-0300 (Brasilia Standard Time),1
EBA2,GM,J&T Fast,Tue Aug 04 2026 04:00:00 GMT-0300 (Brasilia Standard Time),2
EBA2,GM,J&T Slow,Thu Jul 23 2026 04:00:00 GMT-0300 (Brasilia Standard Time),1
EBA2,GM,J&T Slow,Tue Jul 28 2026 04:00:00 GMT-0300 (Brasilia Standard Time),1
EBA2,GM,J&T Slow,Tue Aug 04 2026 04:00:00 GMT-0300 (Brasilia Standard Time),5
EBA2,GM,J&T Slow,Tue Aug 11 2026 04:00:00 GMT-0300 (Brasilia Standard Time),1
EBA2,GM,Jad,Tue Aug 04 2026 04:00:00 GMT-0300 (Brasilia Standard Time),3
EBA2,GM,Jad,Tue Aug 11 2026 04:00:00 GMT-0300 (Brasilia Standard Time),1
EBA2,GM,Loggi,Tue Jul 28 2026 04:00:00 GMT-0300 (Brasilia Standard Time),1
EBA2,GM,Loggi,Tue Aug 04 2026 04:00:00 GMT-0300 (Brasilia Standard Time),5
EBA2,GM,Loggi,Thu Aug 06 2026 04:00:00 GMT-0300 (Brasilia Standard Time),1
EBA2,LARGE,Dominalog,Tue Aug 04 2026 04:00:00 GMT-0300 (Brasilia Standard Time),1
EBA2,LARGE,Jad,Tue Aug 11 2026 04:00:00 GMT-0300 (Brasilia Standard Time),1
EBA2,LARGE,Loggi,Tue Aug 11 2026 04:00:00 GMT-0300 (Brasilia Standard Time),1
EBA2,OVERSIZE,Dominalog,Tue Aug 11 2026 04:00:00 GMT-0300 (Brasilia Standard Time),1
EBA2,OVERSIZE,Jad,Tue Aug 04 2026 04:00:00 GMT-0300 (Brasilia Standard Time),1
EBA20,GM,J&T Nodos,Fri Jul 31 2026 04:00:00 GMT-0300 (Brasilia Standard Time),1
EBA20,GM,J&T Nodos,Sat Aug 01 2026 04:00:00 GMT-0300 (Brasilia Standard Time),1
EBA20,GM,J&T Slow,Fri Jul 31 2026 04:00:00 GMT-0300 (Brasilia Standard Time),4
EBA20,GM,J&T Slow,Tue Aug 04 2026 04:00:00 GMT-0300 (Brasilia Standard Time),1
EBA20,GM,Jad,Fri Jul 31 2026 04:00:00 GMT-0300 (Brasilia Standard Time),1
EBA20,GM,Loggi,Sat Aug 08 2026 04:00:00 GMT-0300 (Brasilia Standard Time),1
EBA21,GM,J&T Fast,Mon Aug 03 2026 04:00:00 GMT-0300 (Brasilia Standard Time),1
EBA21,GM,J&T Fast,Wed Aug 05 2026 04:00:00 GMT-0300 (Brasilia Standard Time),1
EBA21,GM,J&T Fast,Wed Aug 12 2026 04:00:00 GMT-0300 (Brasilia Standard Time),1
EBA21,GM,J&T Nodos,Fri Jul 24 2026 04:00:00 GMT-0300 (Brasilia Standard Time),1
EBA21,GM,J&T Nodos,Sat Jul 25 2026 04:00:00 GMT-0300 (Brasilia Standard Time),1
EBA21,GM,J&T Nodos,Tue Aug 04 2026 04:00:00 GMT-0300 (Brasilia Standard Time),2
EBA21,GM,J&T Slow,Mon Jul 27 2026 04:00:00 GMT-0300 (Brasilia Standard Time),1
EBA21,GM,J&T Slow,Wed Aug 05 2026 04:00:00 GMT-0300 (Brasilia Standard Time),1
EBA21,GM,J&T Slow,Wed Aug 12 2026 04:00:00 GMT-0300 (Brasilia Standard Time),1
EBA21,GM,Jad,Fri Jul 31 2026 04:00:00 GMT-0300 (Brasilia Standard Time),1
EBA21,GM,Jad,Sat Aug 01 2026 04:00:00 GMT-0300 (Brasilia Standard Time),1
EBA21,GM,Jad,Wed Aug 05 2026 04:00:00 GMT-0300 (Brasilia Standard Time),1
EBA21,GM,Jad,Wed Aug 12 2026 04:00:00 GMT-0300 (Brasilia Standard Time),1
EBA21,GM,Loggi,Wed Aug 05 2026 04:00:00 GMT-0300 (Brasilia Standard Time),1
EBA21,GM,Loggi,Wed Aug 12 2026 04:00:00 GMT-0300 (Brasilia Standard Time),1
EBA21,LARGE,Jad,Mon Jul 27 2026 04:00:00 GMT-0300 (Brasilia Standard Time),2
EBA21,LARGE,Jad,Tue Jul 28 2026 04:00:00 GMT-0300 (Brasilia Standard Time),1
EBA21,LARGE,Jad,Wed Aug 05 2026 04:00:00 GMT-0300 (Brasilia Standard Time),1
EBA21,OVERSIZE,Jad,Wed Aug 12 2026 04:00:00 GMT-0300 (Brasilia Standard Time),1
EBA22,GM,J&T Slow,Tue Jul 28 2026 04:00:00 GMT-0300 (Brasilia Standard Time),1
EBA22,GM,J&T Slow,Thu Aug 06 2026 04:00:00 GMT-0300 (Brasilia Standard Time),1
EBA23,GM,J&T Fast,Fri Jul 31 2026 04:00:00 GMT-0300 (Brasilia Standard Time),1
EBA23,GM,J&T Slow,Fri Jul 31 2026 04:00:00 GMT-0300 (Brasilia Standard Time),8
EBA23,GM,J&T Slow,Tue Aug 04 2026 04:00:00 GMT-0300 (Brasilia Standard Time),2
EBA23,GM,J&T Slow,Wed Aug 05 2026 04:00:00 GMT-0300 (Brasilia Standard Time),2
EBA23,GM,J&T Slow,Thu Aug 06 2026 04:00:00 GMT-0300 (Brasilia Standard Time),1
EBA23,GM,Loggi,Fri Jul 31 2026 04:00:00 GMT-0300 (Brasilia Standard Time),1
EBA23,LARGE,Loggi,Fri Jul 31 2026 04:00:00 GMT-0300 (Brasilia Standard Time),1
EBA24,GM,J&T Slow,Fri Jul 24 2026 04:00:00 GMT-0300 (Brasilia Standard Time),3
EBA24,GM,J&T Slow,Sat Jul 25 2026 04:00:00 GMT-0300 (Brasilia Standard Time),2
EBA24,GM,J&T Slow,Tue Jul 28 2026 04:00:00 GMT-0300 (Brasilia Standard Time),1
EBA24,GM,J&T Slow,Wed Jul 29 2026 04:00:00 GMT-0300 (Brasilia Standard Time),2
EBA24,GM,J&T Slow,Tue Aug 04 2026 04:00:00 GMT-0300 (Brasilia Standard Time),1
EBA24,GM,J&T Slow,Wed Aug 05 2026 04:00:00 GMT-0300 (Brasilia Standard Time),2
EBA24,GM,J&T Slow,Wed Aug 12 2026 04:00:00 GMT-0300 (Brasilia Standard Time),1
EBA24,GM,Loggi,Wed Aug 05 2026 04:00:00 GMT-0300 (Brasilia Standard Time),1
EBA24,GM,Loggi,Wed Aug 12 2026 04:00:00 GMT-0300 (Brasilia Standard Time),2
EBA24,LARGE,Jad,Sat Aug 01 2026 04:00:00 GMT-0300 (Brasilia Standard Time),1
EBA24,LARGE,Jad,Wed Aug 05 2026 04:00:00 GMT-0300 (Brasilia Standard Time),1
EBA24,LARGE,Loggi,Wed Aug 05 2026 04:00:00 GMT-0300 (Brasilia Standard Time),1
EBA25,GM,J&T Fast,Fri Jul 31 2026 04:00:00 GMT-0300 (Brasilia Standard Time),1
EBA25,GM,J&T Nodos,Fri Jul 31 2026 04:00:00 GMT-0300 (Brasilia Standard Time),3
EBA25,GM,J&T Nodos,Sat Aug 01 2026 04:00:00 GMT-0300 (Brasilia Standard Time),1
EBA25,GM,J&T Slow,Fri Jul 31 2026 04:00:00 GMT-0300 (Brasilia Standard Time),7
EBA25,GM,Loggi,Fri Jul 31 2026 04:00:00 GMT-0300 (Brasilia Standard Time),4
EBA25,GM,Loggi,Mon Aug 03 2026 04:00:00 GMT-0300 (Brasilia Standard Time),1
EBA25,LARGE,Jad,Fri Jul 31 2026 04:00:00 GMT-0300 (Brasilia Standard Time),1
EBA26,GM,Imile Fast,Wed Aug 05 2026 04:00:00 GMT-0300 (Brasilia Standard Time),1
EBA26,GM,Imile Fast,Wed Aug 12 2026 04:00:00 GMT-0300 (Brasilia Standard Time),1
EBA26,GM,J&T Fast,Fri Aug 07 2026 04:00:00 GMT-0300 (Brasilia Standard Time),1
EBA26,GM,J&T Slow,Wed Aug 05 2026 04:00:00 GMT-0300 (Brasilia Standard Time),1
EBA26,GM,J&T Slow,Wed Aug 12 2026 04:00:00 GMT-0300 (Brasilia Standard Time),2
EBA26,GM,Loggi,Wed Jul 29 2026 04:00:00 GMT-0300 (Brasilia Standard Time),1
EBA27,GM,J&T Fast,Fri Jul 31 2026 04:00:00 GMT-0300 (Brasilia Standard Time),1
EBA27,GM,J&T Fast,Mon Aug 03 2026 04:00:00 GMT-0300 (Brasilia Standard Time),2
EBA27,GM,J&T Fast,Wed Aug 05 2026 04:00:00 GMT-0300 (Brasilia Standard Time),1
EBA27,GM,J&T Fast,Wed Aug 12 2026 04:00:00 GMT-0300 (Brasilia Standard Time),2
EBA27,GM,J&T Slow,Sat Jul 25 2026 04:00:00 GMT-0300 (Brasilia Standard Time),1
EBA27,GM,J&T Slow,Mon Jul 27 2026 04:00:00 GMT-0300 (Brasilia Standard Time),1
EBA27,GM,J&T Slow,Tue Jul 28 2026 04:00:00 GMT-0300 (Brasilia Standard Time),1
EBA27,GM,J&T Slow,Mon Aug 03 2026 04:00:00 GMT-0300 (Brasilia Standard Time),1
EBA27,GM,J&T Slow,Wed Aug 05 2026 04:00:00 GMT-0300 (Brasilia Standard Time),3
EBA27,GM,J&T Slow,Wed Aug 12 2026 04:00:00 GMT-0300 (Brasilia Standard Time),2
EBA27,GM,J&T Slow,Fri Aug 14 2026 04:00:00 GMT-0300 (Brasilia Standard Time),1
EBA27,GM,Jad,Sat Aug 01 2026 04:00:00 GMT-0300 (Brasilia Standard Time),1
EBA27,GM,Jad,Mon Aug 03 2026 04:00:00 GMT-0300 (Brasilia Standard Time),1
EBA27,GM,Jad,Wed Aug 05 2026 04:00:00 GMT-0300 (Brasilia Standard Time),5
EBA27,GM,Jad,Wed Aug 12 2026 04:00:00 GMT-0300 (Brasilia Standard Time),4
EBA27,GM,Loggi,Sat Jul 25 2026 04:00:00 GMT-0300 (Brasilia Standard Time),1
EBA27,GM,Loggi,Wed Aug 05 2026 04:00:00 GMT-0300 (Brasilia Standard Time),1
EBA27,GM,Loggi,Wed Aug 12 2026 04:00:00 GMT-0300 (Brasilia Standard Time),4
EBA27,LARGE,Jad,Mon Jul 27 2026 04:00:00 GMT-0300 (Brasilia Standard Time),1
EBA27,LARGE,Jad,Wed Aug 05 2026 04:00:00 GMT-0300 (Brasilia Standard Time),2
EBA27,LARGE,Jad,Wed Aug 12 2026 04:00:00 GMT-0300 (Brasilia Standard Time),2
EBA27,OVERSIZE,Jad,Wed Aug 05 2026 04:00:00 GMT-0300 (Brasilia Standard Time),1
EBA27,OVERSIZE,Jad,Wed Aug 12 2026 04:00:00 GMT-0300 (Brasilia Standard Time),1
EBA28,GM,J&T Fast,Fri Jul 31 2026 04:00:00 GMT-0300 (Brasilia Standard Time),2
EBA28,GM,J&T Slow,Fri Jul 31 2026 04:00:00 GMT-0300 (Brasilia Standard Time),5
EBA28,GM,Loggi,Fri Jul 31 2026 04:00:00 GMT-0300 (Brasilia Standard Time),3
EBA29,GM,J&T Slow,Fri Jul 24 2026 04:00:00 GMT-0300 (Brasilia Standard Time),1
EBA29,GM,J&T Slow,Mon Jul 27 2026 04:00:00 GMT-0300 (Brasilia Standard Time),1
EBA29,GM,J&T Slow,Wed Jul 29 2026 04:00:00 GMT-0300 (Brasilia Standard Time),2
EBA29,LARGE,Jad,Mon Jul 27 2026 04:00:00 GMT-0300 (Brasilia Standard Time),1
EBA29,LARGE,Loggi,Sat Aug 01 2026 04:00:00 GMT-0300 (Brasilia Standard Time),1
EBA3,GM,Dominalog,Wed Aug 05 2026 04:00:00 GMT-0300 (Brasilia Standard Time),1
EBA3,GM,J&T Slow,Mon Jul 27 2026 04:00:00 GMT-0300 (Brasilia Standard Time),1
EBA3,GM,J&T Slow,Tue Jul 28 2026 04:00:00 GMT-0300 (Brasilia Standard Time),1
EBA3,GM,J&T Slow,Wed Jul 29 2026 04:00:00 GMT-0300 (Brasilia Standard Time),1
EBA3,GM,J&T Slow,Mon Aug 03 2026 04:00:00 GMT-0300 (Brasilia Standard Time),1
EBA3,GM,J&T Slow,Tue Aug 04 2026 04:00:00 GMT-0300 (Brasilia Standard Time),1
EBA3,GM,J&T Slow,Wed Aug 05 2026 04:00:00 GMT-0300 (Brasilia Standard Time),7
EBA3,GM,J&T Slow,Thu Aug 06 2026 04:00:00 GMT-0300 (Brasilia Standard Time),1
EBA3,GM,J&T Slow,Wed Aug 12 2026 04:00:00 GMT-0300 (Brasilia Standard Time),1
EBA3,GM,J&T Slow,Mon Aug 17 2026 04:00:00 GMT-0300 (Brasilia Standard Time),1
EBA3,GM,Jad,Wed Jul 29 2026 04:00:00 GMT-0300 (Brasilia Standard Time),1
EBA3,GM,Jad,Wed Aug 05 2026 04:00:00 GMT-0300 (Brasilia Standard Time),5
EBA3,GM,Jad,Wed Aug 12 2026 04:00:00 GMT-0300 (Brasilia Standard Time),5
EBA3,GM,Loggi,Sat Jul 25 2026 04:00:00 GMT-0300 (Brasilia Standard Time),1
EBA3,GM,Loggi,Sat Aug 01 2026 04:00:00 GMT-0300 (Brasilia Standard Time),1
EBA3,GM,Loggi,Mon Aug 03 2026 04:00:00 GMT-0300 (Brasilia Standard Time),2
EBA3,GM,Loggi,Wed Aug 05 2026 04:00:00 GMT-0300 (Brasilia Standard Time),4
EBA3,GM,Loggi,Wed Aug 12 2026 04:00:00 GMT-0300 (Brasilia Standard Time),1
EBA3,LARGE,Jad,Mon Jul 27 2026 04:00:00 GMT-0300 (Brasilia Standard Time),1
EBA3,LARGE,Jad,Wed Jul 29 2026 04:00:00 GMT-0300 (Brasilia Standard Time),1
EBA3,OVERSIZE,Dominalog,Wed Aug 05 2026 04:00:00 GMT-0300 (Brasilia Standard Time),1
EBA3,OVERSIZE,Loggi,Mon Jul 27 2026 04:00:00 GMT-0300 (Brasilia Standard Time),1
EBA30,GM,J&T Slow,Mon Jul 27 2026 04:00:00 GMT-0300 (Brasilia Standard Time),1
EBA30,GM,J&T Slow,Thu Aug 06 2026 04:00:00 GMT-0300 (Brasilia Standard Time),2
EBA32,GM,J&T Slow,Tue Jul 21 2026 04:00:00 GMT-0300 (Brasilia Standard Time),1
EBA32,GM,J&T Slow,Tue Jul 28 2026 04:00:00 GMT-0300 (Brasilia Standard Time),2
EBA32,GM,J&T Slow,Wed Jul 29 2026 04:00:00 GMT-0300 (Brasilia Standard Time),11
EBA32,GM,J&T Slow,Fri Jul 31 2026 04:00:00 GMT-0300 (Brasilia Standard Time),4
EBA32,GM,J&T Slow,Sat Aug 01 2026 04:00:00 GMT-0300 (Brasilia Standard Time),1
EBA32,GM,J&T Slow,Fri Aug 07 2026 04:00:00 GMT-0300 (Brasilia Standard Time),1
EBA32,GM,Loggi,Mon Jul 27 2026 04:00:00 GMT-0300 (Brasilia Standard Time),1
EBA32,OVERSIZE,Jad,Sat Jul 25 2026 04:00:00 GMT-0300 (Brasilia Standard Time),1
EBA33,GM,J&T Slow,Tue Jul 28 2026 04:00:00 GMT-0300 (Brasilia Standard Time),1
EBA33,GM,J&T Slow,Wed Jul 29 2026 04:00:00 GMT-0300 (Brasilia Standard Time),1
EBA33,GM,J&T Slow,Fri Jul 31 2026 04:00:00 GMT-0300 (Brasilia Standard Time),2
EBA33,GM,J&T Slow,Thu Aug 06 2026 04:00:00 GMT-0300 (Brasilia Standard Time),1
EBA33,LARGE,Dominalog,Sat Jul 25 2026 04:00:00 GMT-0300 (Brasilia Standard Time),1
EBA33,LARGE,Dominalog,Tue Jul 28 2026 04:00:00 GMT-0300 (Brasilia Standard Time),1
EBA34,GM,J&T Fast,Fri Jul 31 2026 04:00:00 GMT-0300 (Brasilia Standard Time),1
EBA34,GM,J&T Nodos,Fri Jul 31 2026 04:00:00 GMT-0300 (Brasilia Standard Time),1
EBA34,GM,J&T Nodos,Mon Aug 03 2026 04:00:00 GMT-0300 (Brasilia Standard Time),1
EBA34,GM,J&T Slow,Fri Jul 31 2026 04:00:00 GMT-0300 (Brasilia Standard Time),4
EBA34,GM,Jad,Wed Jul 29 2026 04:00:00 GMT-0300 (Brasilia Standard Time),1
EBA4,GM,J&T Fast,Wed Jul 29 2026 04:00:00 GMT-0300 (Brasilia Standard Time),1
EBA4,GM,J&T Slow,Thu Jul 23 2026 04:00:00 GMT-0300 (Brasilia Standard Time),2
EBA4,GM,J&T Slow,Fri Jul 24 2026 04:00:00 GMT-0300 (Brasilia Standard Time),2
EBA4,GM,J&T Slow,Mon Jul 27 2026 04:00:00 GMT-0300 (Brasilia Standard Time),2
EBA4,GM,J&T Slow,Tue Jul 28 2026 04:00:00 GMT-0300 (Brasilia Standard Time),1
EBA4,GM,J&T Slow,Wed Jul 29 2026 04:00:00 GMT-0300 (Brasilia Standard Time),10
EBA4,GM,J&T Slow,Fri Jul 31 2026 04:00:00 GMT-0300 (Brasilia Standard Time),1
EBA4,GM,J&T Slow,Sat Aug 01 2026 04:00:00 GMT-0300 (Brasilia Standard Time),3
EBA4,GM,J&T Slow,Mon Aug 03 2026 04:00:00 GMT-0300 (Brasilia Standard Time),1
EBA4,GM,J&T Slow,Wed Aug 05 2026 04:00:00 GMT-0300 (Brasilia Standard Time),1
EBA4,GM,Jad,Tue Jul 28 2026 04:00:00 GMT-0300 (Brasilia Standard Time),1
EBA4,GM,Loggi,Thu Jul 23 2026 04:00:00 GMT-0300 (Brasilia Standard Time),2
EBA4,GM,Loggi,Mon Jul 27 2026 04:00:00 GMT-0300 (Brasilia Standard Time),1
EBA4,GM,Loggi,Wed Jul 29 2026 04:00:00 GMT-0300 (Brasilia Standard Time),2
EBA4,GM,Loggi,Tue Aug 04 2026 04:00:00 GMT-0300 (Brasilia Standard Time),1
EBA4,LARGE,Dominalog,Mon Aug 03 2026 04:00:00 GMT-0300 (Brasilia Standard Time),1
EBA4,LARGE,Jad,Mon Jul 27 2026 04:00:00 GMT-0300 (Brasilia Standard Time),1
EBA4,LARGE,Jad,Tue Aug 04 2026 04:00:00 GMT-0300 (Brasilia Standard Time),1
EBA4,LARGE,Loggi,Wed Jul 29 2026 04:00:00 GMT-0300 (Brasilia Standard Time),1
EBA4,OVERSIZE,Dominalog,Sat Aug 01 2026 04:00:00 GMT-0300 (Brasilia Standard Time),1
EBA4,OVERSIZE,Dominalog,Mon Aug 03 2026 04:00:00 GMT-0300 (Brasilia Standard Time),1
EBA4,OVERSIZE,Jad,Wed Jul 29 2026 04:00:00 GMT-0300 (Brasilia Standard Time),1
EBA4,OVERSIZE,Jad,Mon Aug 03 2026 04:00:00 GMT-0300 (Brasilia Standard Time),1
EBA5,GM,J&T Slow,Fri Jul 31 2026 04:00:00 GMT-0300 (Brasilia Standard Time),1
EBA5,GM,Jad,Tue Jul 28 2026 04:00:00 GMT-0300 (Brasilia Standard Time),1
EBA6,GM,J&T Fast,Wed Aug 12 2026 04:00:00 GMT-0300 (Brasilia Standard Time),1
EBA6,GM,J&T Nodos,Mon Aug 03 2026 04:00:00 GMT-0300 (Brasilia Standard Time),1
EBA6,GM,J&T Nodos,Wed Aug 12 2026 04:00:00 GMT-0300 (Brasilia Standard Time),1
EBA6,GM,J&T Nodos,Wed Aug 19 2026 04:00:00 GMT-0300 (Brasilia Standard Time),1
EBA6,GM,J&T Slow,Sat Jul 25 2026 04:00:00 GMT-0300 (Brasilia Standard Time),3
EBA6,GM,J&T Slow,Mon Jul 27 2026 04:00:00 GMT-0300 (Brasilia Standard Time),1
EBA6,GM,J&T Slow,Fri Jul 31 2026 04:00:00 GMT-0300 (Brasilia Standard Time),1
EBA6,GM,J&T Slow,Wed Aug 05 2026 04:00:00 GMT-0300 (Brasilia Standard Time),4
EBA6,GM,J&T Slow,Wed Aug 12 2026 04:00:00 GMT-0300 (Brasilia Standard Time),8
EBA6,GM,Loggi,Wed Aug 05 2026 04:00:00 GMT-0300 (Brasilia Standard Time),3
EBA6,GM,Loggi,Wed Aug 12 2026 04:00:00 GMT-0300 (Brasilia Standard Time),3
EBA6,OVERSIZE,Dominalog,Wed Aug 05 2026 04:00:00 GMT-0300 (Brasilia Standard Time),1
EBA7,GM,J&T Fast,Fri Jul 31 2026 04:00:00 GMT-0300 (Brasilia Standard Time),7
EBA7,GM,J&T Nodos,Fri Jul 31 2026 04:00:00 GMT-0300 (Brasilia Standard Time),1
EBA7,GM,J&T Nodos,Wed Aug 05 2026 04:00:00 GMT-0300 (Brasilia Standard Time),1
EBA7,GM,J&T Nodos,Thu Aug 06 2026 04:00:00 GMT-0300 (Brasilia Standard Time),1
EBA7,GM,J&T Slow,Fri Jul 31 2026 04:00:00 GMT-0300 (Brasilia Standard Time),2
EBA7,GM,Jad,Fri Jul 31 2026 04:00:00 GMT-0300 (Brasilia Standard Time),1
EBA7,GM,Loggi,Fri Jul 31 2026 04:00:00 GMT-0300 (Brasilia Standard Time),5
EBA8,GM,J&T Slow,Mon Aug 03 2026 04:00:00 GMT-0300 (Brasilia Standard Time),1
EBA9,GM,J&T Slow,Mon Jul 27 2026 04:00:00 GMT-0300 (Brasilia Standard Time),1
EBA9,GM,J&T Slow,Fri Jul 31 2026 04:00:00 GMT-0300 (Brasilia Standard Time),2
EBA9,GM,J&T Slow,Fri Aug 07 2026 04:00:00 GMT-0300 (Brasilia Standard Time),1
ECE1,GM,J&T Fast,Tue Jul 28 2026 04:00:00 GMT-0300 (Brasilia Standard Time),1
ECE1,GM,J&T Fast,Thu Jul 30 2026 04:00:00 GMT-0300 (Brasilia Standard Time),1
ECE1,GM,J&T Fast,Fri Jul 31 2026 04:00:00 GMT-0300 (Brasilia Standard Time),1
ECE1,GM,J&T Fast,Thu Aug 06 2026 04:00:00 GMT-0300 (Brasilia Standard Time),1
ECE1,GM,J&T Fast,Fri Aug 07 2026 04:00:00 GMT-0300 (Brasilia Standard Time),2
ECE1,GM,J&T Slow,Wed Jul 22 2026 04:00:00 GMT-0300 (Brasilia Standard Time),1
ECE1,GM,J&T Slow,Mon Jul 27 2026 04:00:00 GMT-0300 (Brasilia Standard Time),1
ECE1,GM,J&T Slow,Tue Jul 28 2026 04:00:00 GMT-0300 (Brasilia Standard Time),3
ECE1,GM,J&T Slow,Wed Jul 29 2026 04:00:00 GMT-0300 (Brasilia Standard Time),1
ECE1,GM,J&T Slow,Thu Jul 30 2026 04:00:00 GMT-0300 (Brasilia Standard Time),2
ECE1,GM,J&T Slow,Fri Jul 31 2026 04:00:00 GMT-0300 (Brasilia Standard Time),2
ECE1,GM,J&T Slow,Tue Aug 04 2026 04:00:00 GMT-0300 (Brasilia Standard Time),2
ECE1,GM,J&T Slow,Thu Aug 06 2026 04:00:00 GMT-0300 (Brasilia Standard Time),2
ECE1,GM,J&T Slow,Sat Aug 08 2026 04:00:00 GMT-0300 (Brasilia Standard Time),1
ECE1,GM,Jad,Thu Jul 30 2026 04:00:00 GMT-0300 (Brasilia Standard Time),1
ECE1,GM,Jad,Fri Jul 31 2026 04:00:00 GMT-0300 (Brasilia Standard Time),1
ECE1,GM,Jad,Thu Aug 06 2026 04:00:00 GMT-0300 (Brasilia Standard Time),2
ECE1,LARGE,Jad,Mon Jul 27 2026 04:00:00 GMT-0300 (Brasilia Standard Time),1
ECE1,LARGE,Jad,Tue Jul 28 2026 04:00:00 GMT-0300 (Brasilia Standard Time),1
ECE1,LARGE,Jad,Fri Jul 31 2026 04:00:00 GMT-0300 (Brasilia Standard Time),1
ECE1,LARGE,Jad,Mon Aug 03 2026 04:00:00 GMT-0300 (Brasilia Standard Time),2
ECE1,LARGE,Jad,Fri Aug 07 2026 04:00:00 GMT-0300 (Brasilia Standard Time),1
ECE1,OVERSIZE,Jad,Sat Aug 01 2026 04:00:00 GMT-0300 (Brasilia Standard Time),1
ECE1,OVERSIZE,Loggi,Thu Jul 30 2026 04:00:00 GMT-0300 (Brasilia Standard Time),1
ECE2,GM,J&T Slow,Sat Jul 25 2026 04:00:00 GMT-0300 (Brasilia Standard Time),5
ECE2,GM,J&T Slow,Mon Jul 27 2026 04:00:00 GMT-0300 (Brasilia Standard Time),2
ECE2,GM,J&T Slow,Wed Jul 29 2026 04:00:00 GMT-0300 (Brasilia Standard Time),2
ECE2,GM,J&T Slow,Sat Aug 01 2026 04:00:00 GMT-0300 (Brasilia Standard Time),1
ECE2,GM,J&T Slow,Mon Aug 03 2026 04:00:00 GMT-0300 (Brasilia Standard Time),2
ECE2,GM,J&T Slow,Wed Aug 05 2026 04:00:00 GMT-0300 (Brasilia Standard Time),1
ECE2,GM,Jad,Mon Jul 27 2026 04:00:00 GMT-0300 (Brasilia Standard Time),2
ECE2,GM,Jad,Tue Jul 28 2026 04:00:00 GMT-0300 (Brasilia Standard Time),2
ECE2,GM,Jad,Wed Jul 29 2026 04:00:00 GMT-0300 (Brasilia Standard Time),3
ECE2,GM,Jad,Thu Jul 30 2026 04:00:00 GMT-0300 (Brasilia Standard Time),1
ECE2,GM,Jad,Sat Aug 01 2026 04:00:00 GMT-0300 (Brasilia Standard Time),2
ECE2,GM,Jad,Thu Aug 06 2026 04:00:00 GMT-0300 (Brasilia Standard Time),3
ECE2,GM,Jad,Fri Aug 07 2026 04:00:00 GMT-0300 (Brasilia Standard Time),2
ECE2,GM,Jad,Thu Aug 13 2026 04:00:00 GMT-0300 (Brasilia Standard Time),1
ECE2,GM,Loggi,Thu Aug 06 2026 04:00:00 GMT-0300 (Brasilia Standard Time),1
ECE2,GM,Loggi,Fri Aug 07 2026 04:00:00 GMT-0300 (Brasilia Standard Time),1
ECE2,LARGE,Jad,Mon Jul 27 2026 04:00:00 GMT-0300 (Brasilia Standard Time),1
ECE2,LARGE,Jad,Thu Jul 30 2026 04:00:00 GMT-0300 (Brasilia Standard Time),1
ECE2,LARGE,Jad,Fri Jul 31 2026 04:00:00 GMT-0300 (Brasilia Standard Time),2
ECE2,LARGE,Jad,Sat Aug 01 2026 04:00:00 GMT-0300 (Brasilia Standard Time),1
ECE2,LARGE,Jad,Wed Aug 05 2026 04:00:00 GMT-0300 (Brasilia Standard Time),1
ECE2,LARGE,Jad,Thu Aug 06 2026 04:00:00 GMT-0300 (Brasilia Standard Time),1
ECE2,OVERSIZE,Jad,Mon Jul 27 2026 04:00:00 GMT-0300 (Brasilia Standard Time),1
ECE2,OVERSIZE,Jad,Sat Aug 01 2026 04:00:00 GMT-0300 (Brasilia Standard Time),1
ECE2,OVERSIZE,Jad,Thu Aug 13 2026 04:00:00 GMT-0300 (Brasilia Standard Time),1
ECE3,GM,Dominalog,Thu Jul 30 2026 04:00:00 GMT-0300 (Brasilia Standard Time),1
ECE3,GM,J&T Fast,Fri Jul 24 2026 04:00:00 GMT-0300 (Brasilia Standard Time),1
ECE3,GM,J&T Fast,Sat Jul 25 2026 04:00:00 GMT-0300 (Brasilia Standard Time),1
ECE3,GM,J&T Fast,Mon Jul 27 2026 04:00:00 GMT-0300 (Brasilia Standard Time),1
ECE3,GM,J&T Fast,Tue Jul 28 2026 04:00:00 GMT-0300 (Brasilia Standard Time),1
ECE3,GM,J&T Fast,Wed Jul 29 2026 04:00:00 GMT-0300 (Brasilia Standard Time),1
ECE3,GM,J&T Slow,Sat Jul 25 2026 04:00:00 GMT-0300 (Brasilia Standard Time),2
ECE3,GM,J&T Slow,Mon Jul 27 2026 04:00:00 GMT-0300 (Brasilia Standard Time),1
ECE3,GM,J&T Slow,Wed Jul 29 2026 04:00:00 GMT-0300 (Brasilia Standard Time),2
ECE3,GM,J&T Slow,Fri Jul 31 2026 04:00:00 GMT-0300 (Brasilia Standard Time),1
ECE3,GM,J&T Slow,Mon Aug 03 2026 04:00:00 GMT-0300 (Brasilia Standard Time),1
ECE3,GM,J&T Slow,Tue Aug 04 2026 04:00:00 GMT-0300 (Brasilia Standard Time),1
ECE3,GM,Jad,Sat Aug 01 2026 04:00:00 GMT-0300 (Brasilia Standard Time),1
ECE3,GM,Jad,Thu Aug 13 2026 04:00:00 GMT-0300 (Brasilia Standard Time),2
ECE3,GM,Loggi,Tue Jul 28 2026 04:00:00 GMT-0300 (Brasilia Standard Time),2
ECE3,GM,Loggi,Fri Jul 31 2026 04:00:00 GMT-0300 (Brasilia Standard Time),1
ECE3,GM,Loggi,Mon Aug 03 2026 04:00:00 GMT-0300 (Brasilia Standard Time),1
ECE3,GM,Loggi,Thu Aug 06 2026 04:00:00 GMT-0300 (Brasilia Standard Time),2
ECE3,LARGE,Loggi,Thu Aug 06 2026 04:00:00 GMT-0300 (Brasilia Standard Time),1
ECE3,OVERSIZE,Dominalog,Thu Aug 06 2026 04:00:00 GMT-0300 (Brasilia Standard Time),1
ECE4,GM,J&T Fast,Sat Jul 25 2026 04:00:00 GMT-0300 (Brasilia Standard Time),1
ECE4,GM,J&T Fast,Tue Jul 28 2026 04:00:00 GMT-0300 (Brasilia Standard Time),1
ECE4,GM,J&T Slow,Mon Jul 27 2026 04:00:00 GMT-0300 (Brasilia Standard Time),1
ECE4,GM,J&T Slow,Wed Jul 29 2026 04:00:00 GMT-0300 (Brasilia Standard Time),2
ECE4,GM,J&T Slow,Mon Aug 03 2026 04:00:00 GMT-0300 (Brasilia Standard Time),3
ECE4,GM,J&T Slow,Tue Aug 04 2026 04:00:00 GMT-0300 (Brasilia Standard Time),1
ECE4,GM,Jad,Sat Jul 25 2026 04:00:00 GMT-0300 (Brasilia Standard Time),1
ECE4,GM,Jad,Tue Aug 04 2026 04:00:00 GMT-0300 (Brasilia Standard Time),1
ECE4,GM,Loggi,Mon Aug 03 2026 04:00:00 GMT-0300 (Brasilia Standard Time),1
ECE4,GM,Loggi,Thu Aug 06 2026 04:00:00 GMT-0300 (Brasilia Standard Time),3
ECE4,LARGE,Jad,Wed Aug 05 2026 04:00:00 GMT-0300 (Brasilia Standard Time),1
ECE4,LARGE,Loggi,Thu Aug 06 2026 04:00:00 GMT-0300 (Brasilia Standard Time),1
ECE4,OVERSIZE,Jad,Mon Jul 27 2026 04:00:00 GMT-0300 (Brasilia Standard Time),1
ECE4,OVERSIZE,Jad,Thu Jul 30 2026 04:00:00 GMT-0300 (Brasilia Standard Time),1
ECE4,OVERSIZE,Jad,Fri Aug 07 2026 04:00:00 GMT-0300 (Brasilia Standard Time),1
ECE5,GM,J&T Fast,Wed Jul 29 2026 04:00:00 GMT-0300 (Brasilia Standard Time),1
ECE5,GM,J&T Slow,Sat Jul 25 2026 04:00:00 GMT-0300 (Brasilia Standard Time),2
ECE5,GM,J&T Slow,Wed Jul 29 2026 04:00:00 GMT-0300 (Brasilia Standard Time),2
ECE5,GM,J&T Slow,Mon Aug 03 2026 04:00:00 GMT-0300 (Brasilia Standard Time),3
ECE5,GM,J&T Slow,Wed Aug 05 2026 04:00:00 GMT-0300 (Brasilia Standard Time),3
ECE5,GM,J&T Slow,Thu Aug 06 2026 04:00:00 GMT-0300 (Brasilia Standard Time),1
ECE5,GM,Jad,Sat Jul 25 2026 04:00:00 GMT-0300 (Brasilia Standard Time),2
ECE5,GM,Jad,Mon Aug 03 2026 04:00:00 GMT-0300 (Brasilia Standard Time),2
ECE5,GM,Jad,Thu Aug 06 2026 04:00:00 GMT-0300 (Brasilia Standard Time),3
ECE5,GM,Loggi,Thu Aug 13 2026 04:00:00 GMT-0300 (Brasilia Standard Time),1
ECE5,LARGE,Jad,Sat Jul 25 2026 04:00:00 GMT-0300 (Brasilia Standard Time),1
ECE5,LARGE,Jad,Mon Jul 27 2026 04:00:00 GMT-0300 (Brasilia Standard Time),1
ECE5,LARGE,Jad,Thu Jul 30 2026 04:00:00 GMT-0300 (Brasilia Standard Time),1
ECE5,OVERSIZE,Jad,Mon Jul 27 2026 04:00:00 GMT-0300 (Brasilia Standard Time),1
ECE5,OVERSIZE,Jad,Thu Aug 06 2026 04:00:00 GMT-0300 (Brasilia Standard Time),1
EDF1,GM,J&T Fast,Wed Jul 29 2026 04:00:00 GMT-0300 (Brasilia Standard Time),1
EDF1,GM,J&T Fast,Fri Aug 07 2026 04:00:00 GMT-0300 (Brasilia Standard Time),1
EDF1,GM,J&T Slow,Fri Jul 24 2026 04:00:00 GMT-0300 (Brasilia Standard Time),2
EDF1,GM,J&T Slow,Mon Jul 27 2026 04:00:00 GMT-0300 (Brasilia Standard Time),1
EDF1,GM,J&T Slow,Tue Jul 28 2026 04:00:00 GMT-0300 (Brasilia Standard Time),1
EDF1,GM,J&T Slow,Thu Jul 30 2026 04:00:00 GMT-0300 (Brasilia Standard Time),2
EDF1,GM,J&T Slow,Fri Jul 31 2026 04:00:00 GMT-0300 (Brasilia Standard Time),1
EDF1,GM,J&T Slow,Sat Aug 01 2026 04:00:00 GMT-0300 (Brasilia Standard Time),2
EDF1,GM,J&T Slow,Tue Aug 04 2026 04:00:00 GMT-0300 (Brasilia Standard Time),1
EDF1,GM,J&T Slow,Thu Aug 06 2026 04:00:00 GMT-0300 (Brasilia Standard Time),3
EDF1,GM,Jad,Sat Aug 01 2026 04:00:00 GMT-0300 (Brasilia Standard Time),1
EDF1,GM,Jad,Wed Aug 05 2026 04:00:00 GMT-0300 (Brasilia Standard Time),1
EDF1,LARGE,J&T Slow,Thu Jul 30 2026 04:00:00 GMT-0300 (Brasilia Standard Time),1
EDF10,GM,J&T Slow,Fri Aug 07 2026 04:00:00 GMT-0300 (Brasilia Standard Time),1
EDF10,LARGE,Jad,Tue Jul 28 2026 04:00:00 GMT-0300 (Brasilia Standard Time),1
EDF11,GM,J&T Slow,Wed Aug 05 2026 04:00:00 GMT-0300 (Brasilia Standard Time),1
EDF11,GM,Jad,Wed Aug 05 2026 04:00:00 GMT-0300 (Brasilia Standard Time),1
EDF12,GM,J&T Nodos,Fri Jul 24 2026 04:00:00 GMT-0300 (Brasilia Standard Time),2
EDF12,GM,J&T Nodos,Mon Aug 03 2026 04:00:00 GMT-0300 (Brasilia Standard Time),1
EDF12,GM,J&T Slow,Thu Jul 30 2026 04:00:00 GMT-0300 (Brasilia Standard Time),1
EDF12,GM,J&T Slow,Tue Aug 04 2026 04:00:00 GMT-0300 (Brasilia Standard Time),1
EDF12,GM,Loggi,Fri Jul 24 2026 04:00:00 GMT-0300 (Brasilia Standard Time),1
EDF12,LARGE,Jad,Sat Jul 25 2026 04:00:00 GMT-0300 (Brasilia Standard Time),1
EDF3,GM,J&T Fast,Wed Jul 29 2026 04:00:00 GMT-0300 (Brasilia Standard Time),1
EDF3,GM,J&T Fast,Fri Jul 31 2026 04:00:00 GMT-0300 (Brasilia Standard Time),1
EDF3,GM,J&T Fast,Fri Aug 07 2026 04:00:00 GMT-0300 (Brasilia Standard Time),2
EDF3,GM,J&T Nodos,Thu Jul 30 2026 04:00:00 GMT-0300 (Brasilia Standard Time),1
EDF3,GM,J&T Nodos,Sat Aug 01 2026 04:00:00 GMT-0300 (Brasilia Standard Time),1
EDF3,GM,J&T Nodos,Tue Aug 04 2026 04:00:00 GMT-0300 (Brasilia Standard Time),1
EDF3,GM,J&T Nodos,Thu Aug 06 2026 04:00:00 GMT-0300 (Brasilia Standard Time),1
EDF3,GM,J&T Slow,Fri Jul 24 2026 04:00:00 GMT-0300 (Brasilia Standard Time),1
EDF4,GM,J&T Slow,Sat Aug 01 2026 04:00:00 GMT-0300 (Brasilia Standard Time),2
EDF7,GM,Jad,Tue Jul 28 2026 04:00:00 GMT-0300 (Brasilia Standard Time),2
EDF7,LARGE,Jad,Thu Jul 30 2026 04:00:00 GMT-0300 (Brasilia Standard Time),1
EDF7,OVERSIZE,Jad,Sat Jul 25 2026 04:00:00 GMT-0300 (Brasilia Standard Time),1
EDF7,OVERSIZE,Jad,Mon Jul 27 2026 04:00:00 GMT-0300 (Brasilia Standard Time),1
EDF8,GM,J&T Nodos,Mon Jul 27 2026 04:00:00 GMT-0300 (Brasilia Standard Time),1
EDF8,GM,J&T Slow,Fri Jul 31 2026 04:00:00 GMT-0300 (Brasilia Standard Time),1
EDF9,GM,J&T Slow,Thu Aug 06 2026 04:00:00 GMT-0300 (Brasilia Standard Time),1
EES2,GM,J&T Fast,Fri Jul 31 2026 04:00:00 GMT-0300 (Brasilia Standard Time),1
EES2,GM,Loggi,Mon Jul 27 2026 04:00:00 GMT-0300 (Brasilia Standard Time),2
EES2,GM,Loggi,Thu Jul 30 2026 04:00:00 GMT-0300 (Brasilia Standard Time),2
EES2,GM,Loggi,Fri Jul 31 2026 04:00:00 GMT-0300 (Brasilia Standard Time),3
EES3,GM,J&T Fast,Mon Jul 27 2026 04:00:00 GMT-0300 (Brasilia Standard Time),1
EES3,GM,J&T Fast,Mon Aug 03 2026 04:00:00 GMT-0300 (Brasilia Standard Time),8
EES3,GM,J&T Fast,Mon Aug 10 2026 04:00:00 GMT-0300 (Brasilia Standard Time),1
EES3,GM,J&T Slow,Mon Jul 27 2026 04:00:00 GMT-0300 (Brasilia Standard Time),6
EES3,GM,J&T Slow,Tue Jul 28 2026 04:00:00 GMT-0300 (Brasilia Standard Time),1
EES3,GM,J&T Slow,Wed Jul 29 2026 04:00:00 GMT-0300 (Brasilia Standard Time),6
EES3,GM,J&T Slow,Thu Jul 30 2026 04:00:00 GMT-0300 (Brasilia Standard Time),1
EES3,GM,J&T Slow,Fri Jul 31 2026 04:00:00 GMT-0300 (Brasilia Standard Time),3
EES3,GM,J&T Slow,Sat Aug 01 2026 04:00:00 GMT-0300 (Brasilia Standard Time),2
EES3,GM,J&T Slow,Mon Aug 03 2026 04:00:00 GMT-0300 (Brasilia Standard Time),1
EES3,GM,J&T Slow,Wed Aug 05 2026 04:00:00 GMT-0300 (Brasilia Standard Time),11
EES3,GM,J&T Slow,Wed Aug 12 2026 04:00:00 GMT-0300 (Brasilia Standard Time),1
EES3,GM,Jad,Tue Jul 28 2026 04:00:00 GMT-0300 (Brasilia Standard Time),1
EES3,GM,Jad,Mon Aug 03 2026 04:00:00 GMT-0300 (Brasilia Standard Time),1
EES3,GM,Loggi,Fri Jul 24 2026 04:00:00 GMT-0300 (Brasilia Standard Time),7
EES3,GM,Loggi,Sat Jul 25 2026 04:00:00 GMT-0300 (Brasilia Standard Time),13
EES3,GM,Loggi,Mon Jul 27 2026 04:00:00 GMT-0300 (Brasilia Standard Time),30
EES3,GM,Loggi,Tue Jul 28 2026 04:00:00 GMT-0300 (Brasilia Standard Time),22
EES3,GM,Loggi,Wed Jul 29 2026 04:00:00 GMT-0300 (Brasilia Standard Time),7
EES3,GM,Loggi,Thu Jul 30 2026 04:00:00 GMT-0300 (Brasilia Standard Time),4
EES3,GM,Loggi,Fri Jul 31 2026 04:00:00 GMT-0300 (Brasilia Standard Time),5
EES3,GM,Loggi,Sat Aug 01 2026 04:00:00 GMT-0300 (Brasilia Standard Time),2
EES3,GM,Loggi,Mon Aug 03 2026 04:00:00 GMT-0300 (Brasilia Standard Time),30
EES3,GM,Loggi,Wed Aug 05 2026 04:00:00 GMT-0300 (Brasilia Standard Time),3
EES3,GM,Loggi,Mon Aug 10 2026 04:00:00 GMT-0300 (Brasilia Standard Time),2
EES3,LARGE,Jad,Mon Jul 27 2026 04:00:00 GMT-0300 (Brasilia Standard Time),4
EES3,LARGE,Jad,Thu Jul 30 2026 04:00:00 GMT-0300 (Brasilia Standard Time),2
EES3,LARGE,Jad,Fri Jul 31 2026 04:00:00 GMT-0300 (Brasilia Standard Time),2
EES3,LARGE,Jad,Mon Aug 03 2026 04:00:00 GMT-0300 (Brasilia Standard Time),1
EES3,LARGE,Loggi,Fri Jul 24 2026 04:00:00 GMT-0300 (Brasilia Standard Time),1
EES3,LARGE,Loggi,Mon Jul 27 2026 04:00:00 GMT-0300 (Brasilia Standard Time),2
EES3,LARGE,Loggi,Thu Jul 30 2026 04:00:00 GMT-0300 (Brasilia Standard Time),2
EES3,LARGE,Loggi,Fri Jul 31 2026 04:00:00 GMT-0300 (Brasilia Standard Time),1
EES3,LARGE,Loggi,Sat Aug 01 2026 04:00:00 GMT-0300 (Brasilia Standard Time),2
EES3,LARGE,Loggi,Mon Aug 03 2026 04:00:00 GMT-0300 (Brasilia Standard Time),2
EES5,GM,J&T Slow,Fri Jul 31 2026 04:00:00 GMT-0300 (Brasilia Standard Time),1
EES5,GM,J&T Slow,Mon Aug 03 2026 04:00:00 GMT-0300 (Brasilia Standard Time),2
EES6,GM,J&T Fast,Mon Jul 27 2026 04:00:00 GMT-0300 (Brasilia Standard Time),1
EES6,GM,J&T Fast,Mon Aug 03 2026 04:00:00 GMT-0300 (Brasilia Standard Time),7
EES6,GM,J&T Slow,Mon Jul 27 2026 04:00:00 GMT-0300 (Brasilia Standard Time),9
EES6,GM,J&T Slow,Wed Jul 29 2026 04:00:00 GMT-0300 (Brasilia Standard Time),1
EES6,GM,J&T Slow,Thu Jul 30 2026 04:00:00 GMT-0300 (Brasilia Standard Time),1
EES6,GM,J&T Slow,Fri Jul 31 2026 04:00:00 GMT-0300 (Brasilia Standard Time),3
EES6,GM,J&T Slow,Sat Aug 01 2026 04:00:00 GMT-0300 (Brasilia Standard Time),1
EES6,GM,J&T Slow,Mon Aug 03 2026 04:00:00 GMT-0300 (Brasilia Standard Time),8
EES6,GM,J&T Slow,Wed Aug 05 2026 04:00:00 GMT-0300 (Brasilia Standard Time),4
EES6,GM,J&T Slow,Mon Aug 10 2026 04:00:00 GMT-0300 (Brasilia Standard Time),2
EES6,GM,Jad,Mon Jul 27 2026 04:00:00 GMT-0300 (Brasilia Standard Time),1
EES6,GM,Jad,Wed Jul 29 2026 04:00:00 GMT-0300 (Brasilia Standard Time),1
EES6,GM,Jad,Thu Jul 30 2026 04:00:00 GMT-0300 (Brasilia Standard Time),1
EES6,GM,Jad,Fri Jul 31 2026 04:00:00 GMT-0300 (Brasilia Standard Time),1
EES6,GM,Jad,Mon Aug 03 2026 04:00:00 GMT-0300 (Brasilia Standard Time),1
EES6,GM,Loggi,Fri Jul 24 2026 04:00:00 GMT-0300 (Brasilia Standard Time),4
EES6,GM,Loggi,Sat Jul 25 2026 04:00:00 GMT-0300 (Brasilia Standard Time),5
EES6,GM,Loggi,Mon Jul 27 2026 04:00:00 GMT-0300 (Brasilia Standard Time),9
EES6,GM,Loggi,Tue Jul 28 2026 04:00:00 GMT-0300 (Brasilia Standard Time),8
EES6,GM,Loggi,Wed Jul 29 2026 04:00:00 GMT-0300 (Brasilia Standard Time),4
EES6,GM,Loggi,Thu Jul 30 2026 04:00:00 GMT-0300 (Brasilia Standard Time),5
EES6,GM,Loggi,Fri Jul 31 2026 04:00:00 GMT-0300 (Brasilia Standard Time),1
EES6,GM,Loggi,Mon Aug 03 2026 04:00:00 GMT-0300 (Brasilia Standard Time),18
EES6,GM,Loggi,Wed Aug 05 2026 04:00:00 GMT-0300 (Brasilia Standard Time),2
EES6,GM,Loggi,Mon Aug 10 2026 04:00:00 GMT-0300 (Brasilia Standard Time),1
EES6,LARGE,Jad,Mon Aug 03 2026 04:00:00 GMT-0300 (Brasilia Standard Time),1
EES6,LARGE,Loggi,Thu Jul 30 2026 04:00:00 GMT-0300 (Brasilia Standard Time),1
EES6,LARGE,Loggi,Fri Jul 31 2026 04:00:00 GMT-0300 (Brasilia Standard Time),1
EES7,GM,J&T Slow,Fri Jul 24 2026 04:00:00 GMT-0300 (Brasilia Standard Time),1
EES7,GM,J&T Slow,Sat Jul 25 2026 04:00:00 GMT-0300 (Brasilia Standard Time),1
EES7,GM,J&T Slow,Mon Jul 27 2026 04:00:00 GMT-0300 (Brasilia Standard Time),1
EES7,GM,J&T Slow,Tue Jul 28 2026 04:00:00 GMT-0300 (Brasilia Standard Time),2
EES7,GM,J&T Slow,Wed Jul 29 2026 04:00:00 GMT-0300 (Brasilia Standard Time),3
EES7,GM,J&T Slow,Thu Jul 30 2026 04:00:00 GMT-0300 (Brasilia Standard Time),3
EES7,GM,J&T Slow,Fri Jul 31 2026 04:00:00 GMT-0300 (Brasilia Standard Time),4
EES7,GM,J&T Slow,Sat Aug 01 2026 04:00:00 GMT-0300 (Brasilia Standard Time),2
EES7,GM,J&T Slow,Tue Aug 04 2026 04:00:00 GMT-0300 (Brasilia Standard Time),1
EES7,GM,J&T Slow,Wed Aug 05 2026 04:00:00 GMT-0300 (Brasilia Standard Time),5
EES7,GM,J&T Slow,Thu Aug 06 2026 04:00:00 GMT-0300 (Brasilia Standard Time),4
EES7,GM,Jad,Mon Jul 27 2026 04:00:00 GMT-0300 (Brasilia Standard Time),1
EES7,GM,Jad,Thu Jul 30 2026 04:00:00 GMT-0300 (Brasilia Standard Time),1
EES7,GM,Jad,Thu Aug 06 2026 04:00:00 GMT-0300 (Brasilia Standard Time),1
EES7,GM,Loggi,Wed Jul 29 2026 04:00:00 GMT-0300 (Brasilia Standard Time),1
EES7,GM,Loggi,Thu Jul 30 2026 04:00:00 GMT-0300 (Brasilia Standard Time),1
EES7,LARGE,J&T Slow,Wed Aug 05 2026 04:00:00 GMT-0300 (Brasilia Standard Time),1
EES7,LARGE,Jad,Tue Jul 28 2026 04:00:00 GMT-0300 (Brasilia Standard Time),1
EES7,OVERSIZE,Jad,Tue Jul 28 2026 04:00:00 GMT-0300 (Brasilia Standard Time),1
EES7,OVERSIZE,Jad,Sat Aug 01 2026 04:00:00 GMT-0300 (Brasilia Standard Time),1
EES8,GM,J&T Slow,Fri Jul 24 2026 04:00:00 GMT-0300 (Brasilia Standard Time),1
EES8,GM,J&T Slow,Sat Jul 25 2026 04:00:00 GMT-0300 (Brasilia Standard Time),4
EES8,GM,J&T Slow,Mon Jul 27 2026 04:00:00 GMT-0300 (Brasilia Standard Time),1
EES8,GM,J&T Slow,Tue Jul 28 2026 04:00:00 GMT-0300 (Brasilia Standard Time),5
EES8,GM,J&T Slow,Thu Jul 30 2026 04:00:00 GMT-0300 (Brasilia Standard Time),4
EES8,GM,J&T Slow,Fri Jul 31 2026 04:00:00 GMT-0300 (Brasilia Standard Time),4
EES8,GM,J&T Slow,Sat Aug 01 2026 04:00:00 GMT-0300 (Brasilia Standard Time),2
EES8,GM,J&T Slow,Tue Aug 04 2026 04:00:00 GMT-0300 (Brasilia Standard Time),2
EES8,GM,J&T Slow,Wed Aug 05 2026 04:00:00 GMT-0300 (Brasilia Standard Time),6
EES8,GM,Loggi,Mon Jul 27 2026 04:00:00 GMT-0300 (Brasilia Standard Time),2
EES8,GM,Loggi,Wed Jul 29 2026 04:00:00 GMT-0300 (Brasilia Standard Time),2
EES8,GM,Loggi,Thu Jul 30 2026 04:00:00 GMT-0300 (Brasilia Standard Time),3
EES8,GM,Loggi,Tue Aug 04 2026 04:00:00 GMT-0300 (Brasilia Standard Time),1
EES8,GM,Loggi,Wed Aug 05 2026 04:00:00 GMT-0300 (Brasilia Standard Time),1
EES8,LARGE,Jad,Sat Jul 25 2026 04:00:00 GMT-0300 (Brasilia Standard Time),1
EGO10,GM,J&T Slow,Tue Aug 04 2026 04:00:00 GMT-0300 (Brasilia Standard Time),1
EGO10,LARGE,Jad,Mon Aug 03 2026 04:00:00 GMT-0300 (Brasilia Standard Time),1
EGO10,LARGE,Jad,Wed Aug 05 2026 04:00:00 GMT-0300 (Brasilia Standard Time),1
EGO10,LARGE,Jad,Thu Aug 06 2026 04:00:00 GMT-0300 (Brasilia Standard Time),1
EGO10,LARGE,Jad,Fri Aug 07 2026 04:00:00 GMT-0300 (Brasilia Standard Time),1
EGO11,GM,J&T Slow,Fri Jul 31 2026 04:00:00 GMT-0300 (Brasilia Standard Time),2
EGO11,GM,J&T Slow,Sat Aug 01 2026 04:00:00 GMT-0300 (Brasilia Standard Time),1
EGO11,OVERSIZE,Jad,Sat Jul 25 2026 04:00:00 GMT-0300 (Brasilia Standard Time),1
EGO12,GM,J&T Slow,Sat Jul 25 2026 04:00:00 GMT-0300 (Brasilia Standard Time),2
EGO12,GM,J&T Slow,Wed Jul 29 2026 04:00:00 GMT-0300 (Brasilia Standard Time),2
EGO12,GM,J&T Slow,Fri Jul 31 2026 04:00:00 GMT-0300 (Brasilia Standard Time),2
EGO12,GM,J&T Slow,Sat Aug 01 2026 04:00:00 GMT-0300 (Brasilia Standard Time),1
EGO12,GM,J&T Slow,Thu Aug 06 2026 04:00:00 GMT-0300 (Brasilia Standard Time),1
EGO12,GM,Jad,Tue Jul 28 2026 04:00:00 GMT-0300 (Brasilia Standard Time),1
EGO12,GM,Jad,Wed Aug 05 2026 04:00:00 GMT-0300 (Brasilia Standard Time),1
EGO12,GM,Jad,Fri Aug 07 2026 04:00:00 GMT-0300 (Brasilia Standard Time),1
EGO12,OVERSIZE,Jad,Thu Jul 30 2026 04:00:00 GMT-0300 (Brasilia Standard Time),1
EGO17,GM,Carvalima,Wed Jul 29 2026 04:00:00 GMT-0300 (Brasilia Standard Time),1
EGO17,GM,Carvalima,Thu Jul 30 2026 04:00:00 GMT-0300 (Brasilia Standard Time),1
EGO17,GM,J&T Slow,Sat Aug 01 2026 04:00:00 GMT-0300 (Brasilia Standard Time),1
EGO17,GM,J&T Slow,Mon Aug 03 2026 04:00:00 GMT-0300 (Brasilia Standard Time),1
EGO17,LARGE,Carvalima,Wed Jul 29 2026 04:00:00 GMT-0300 (Brasilia Standard Time),1
EGO17,LARGE,Carvalima,Thu Jul 30 2026 04:00:00 GMT-0300 (Brasilia Standard Time),1
EGO17,LARGE,Carvalima,Sat Aug 01 2026 04:00:00 GMT-0300 (Brasilia Standard Time),1
EGO17,LARGE,Carvalima,Tue Aug 04 2026 04:00:00 GMT-0300 (Brasilia Standard Time),1
EGO17,OVERSIZE,Carvalima,Wed Jul 29 2026 04:00:00 GMT-0300 (Brasilia Standard Time),1
EGO18,GM,J&T Slow,Fri Jul 24 2026 04:00:00 GMT-0300 (Brasilia Standard Time),2
EGO18,GM,J&T Slow,Fri Jul 31 2026 04:00:00 GMT-0300 (Brasilia Standard Time),1
EGO18,GM,J&T Slow,Mon Aug 03 2026 04:00:00 GMT-0300 (Brasilia Standard Time),5
EGO18,GM,J&T Slow,Wed Aug 05 2026 04:00:00 GMT-0300 (Brasilia Standard Time),1
EGO18,GM,J&T Slow,Thu Aug 06 2026 04:00:00 GMT-0300 (Brasilia Standard Time),1
EGO18,GM,Jad,Wed Jul 29 2026 04:00:00 GMT-0300 (Brasilia Standard Time),1
EGO18,LARGE,Jad,Sat Jul 25 2026 04:00:00 GMT-0300 (Brasilia Standard Time),1
EGO19,GM,J&T Slow,Tue Jul 28 2026 04:00:00 GMT-0300 (Brasilia Standard Time),1
EGO19,GM,J&T Slow,Tue Aug 04 2026 04:00:00 GMT-0300 (Brasilia Standard Time),1
EGO19,GM,J&T Slow,Thu Aug 06 2026 04:00:00 GMT-0300 (Brasilia Standard Time),1
EGO19,GM,Jad,Wed Jul 29 2026 04:00:00 GMT-0300 (Brasilia Standard Time),1
EGO19,GM,Loggi,Tue Jul 28 2026 04:00:00 GMT-0300 (Brasilia Standard Time),1
EGO2,GM,J&T Slow,Sat Jul 25 2026 04:00:00 GMT-0300 (Brasilia Standard Time),1
EGO2,GM,J&T Slow,Mon Jul 27 2026 04:00:00 GMT-0300 (Brasilia Standard Time),2
EGO2,GM,J&T Slow,Tue Jul 28 2026 04:00:00 GMT-0300 (Brasilia Standard Time),1
EGO2,GM,J&T Slow,Tue Aug 04 2026 04:00:00 GMT-0300 (Brasilia Standard Time),1
EGO2,GM,J&T Slow,Thu Aug 06 2026 04:00:00 GMT-0300 (Brasilia Standard Time),2
EGO2,GM,Jad,Sat Jul 25 2026 04:00:00 GMT-0300 (Brasilia Standard Time),1
EGO2,GM,Jad,Wed Aug 05 2026 04:00:00 GMT-0300 (Brasilia Standard Time),1
EGO2,GM,Loggi,Sat Jul 25 2026 04:00:00 GMT-0300 (Brasilia Standard Time),1
EGO2,GM,Loggi,Fri Jul 31 2026 04:00:00 GMT-0300 (Brasilia Standard Time),1
EGO2,LARGE,Jad,Sat Jul 25 2026 04:00:00 GMT-0300 (Brasilia Standard Time),1
EGO2,LARGE,Jad,Tue Jul 28 2026 04:00:00 GMT-0300 (Brasilia Standard Time),1
EGO2,LARGE,Jad,Tue Aug 04 2026 04:00:00 GMT-0300 (Brasilia Standard Time),1
EGO2,LARGE,Jad,Wed Aug 05 2026 04:00:00 GMT-0300 (Brasilia Standard Time),2
EGO2,LARGE,Jad,Thu Aug 06 2026 04:00:00 GMT-0300 (Brasilia Standard Time),1
EGO2,LARGE,Loggi,Sat Aug 01 2026 04:00:00 GMT-0300 (Brasilia Standard Time),1
EGO2,LARGE,Loggi,Sat Aug 08 2026 04:00:00 GMT-0300 (Brasilia Standard Time),1
EGO20,GM,Jad,Thu Aug 06 2026 04:00:00 GMT-0300 (Brasilia Standard Time),1
EGO20,LARGE,Jad,Tue Aug 04 2026 04:00:00 GMT-0300 (Brasilia Standard Time),1
EGO21,GM,J&T Slow,Tue Aug 04 2026 04:00:00 GMT-0300 (Brasilia Standard Time),2
EGO21,GM,Jad,Fri Jul 31 2026 04:00:00 GMT-0300 (Brasilia Standard Time),1
EGO3,GM,J&T Fast,Wed Jul 29 2026 04:00:00 GMT-0300 (Brasilia Standard Time),1
EGO3,GM,J&T Slow,Sat Jul 25 2026 04:00:00 GMT-0300 (Brasilia Standard Time),1
EGO3,GM,J&T Slow,Wed Jul 29 2026 04:00:00 GMT-0300 (Brasilia Standard Time),1
EGO3,GM,J&T Slow,Tue Aug 04 2026 04:00:00 GMT-0300 (Brasilia Standard Time),1
EGO3,GM,Jad,Sat Aug 01 2026 04:00:00 GMT-0300 (Brasilia Standard Time),2
EGO3,GM,Jad,Tue Aug 04 2026 04:00:00 GMT-0300 (Brasilia Standard Time),1
EGO3,GM,Jad,Thu Aug 06 2026 04:00:00 GMT-0300 (Brasilia Standard Time),1
EGO3,OVERSIZE,Jad,Fri Aug 07 2026 04:00:00 GMT-0300 (Brasilia Standard Time),1
EGO4,GM,J&T Slow,Fri Jul 24 2026 04:00:00 GMT-0300 (Brasilia Standard Time),3
EGO4,GM,J&T Slow,Wed Jul 29 2026 04:00:00 GMT-0300 (Brasilia Standard Time),1
EGO4,GM,J&T Slow,Mon Aug 03 2026 04:00:00 GMT-0300 (Brasilia Standard Time),2
EGO4,GM,J&T Slow,Wed Aug 05 2026 04:00:00 GMT-0300 (Brasilia Standard Time),3
EGO4,GM,Loggi,Wed Jul 29 2026 04:00:00 GMT-0300 (Brasilia Standard Time),5
EGO4,GM,Loggi,Thu Jul 30 2026 04:00:00 GMT-0300 (Brasilia Standard Time),1
EGO4,LARGE,J&T Slow,Wed Aug 05 2026 04:00:00 GMT-0300 (Brasilia Standard Time),1
EGO4,LARGE,Jad,Wed Jul 29 2026 04:00:00 GMT-0300 (Brasilia Standard Time),1
EGO4,LARGE,Loggi,Wed Jul 29 2026 04:00:00 GMT-0300 (Brasilia Standard Time),1
EGO6,GM,J&T Slow,Tue Jul 28 2026 04:00:00 GMT-0300 (Brasilia Standard Time),1
EGO6,GM,J&T Slow,Fri Aug 07 2026 04:00:00 GMT-0300 (Brasilia Standard Time),2
EGO6,GM,Jad,Thu Jul 30 2026 04:00:00 GMT-0300 (Brasilia Standard Time),1
EGO6,GM,Jad,Sat Aug 01 2026 04:00:00 GMT-0300 (Brasilia Standard Time),1
EGO6,GM,Jad,Thu Aug 06 2026 04:00:00 GMT-0300 (Brasilia Standard Time),1
EGO6,LARGE,Jad,Wed Jul 29 2026 04:00:00 GMT-0300 (Brasilia Standard Time),4
EGO7,GM,J&T Slow,Thu Aug 06 2026 04:00:00 GMT-0300 (Brasilia Standard Time),1
EGO7,GM,Jad,Sat Aug 01 2026 04:00:00 GMT-0300 (Brasilia Standard Time),1
EGO8,LARGE,Jad,Tue Jul 28 2026 04:00:00 GMT-0300 (Brasilia Standard Time),1
EGO8,LARGE,Jad,Sat Aug 01 2026 04:00:00 GMT-0300 (Brasilia Standard Time),1
EGO9,GM,J&T Slow,Fri Aug 07 2026 04:00:00 GMT-0300 (Brasilia Standard Time),1
EJP1,GM,J&T Fast,Tue Jul 28 2026 04:00:00 GMT-0300 (Brasilia Standard Time),1
EJP1,GM,J&T Slow,Tue Jul 28 2026 04:00:00 GMT-0300 (Brasilia Standard Time),1
EJP1,GM,J&T Slow,Wed Jul 29 2026 04:00:00 GMT-0300 (Brasilia Standard Time),4
EJP1,GM,J&T Slow,Thu Jul 30 2026 04:00:00 GMT-0300 (Brasilia Standard Time),1
EJP1,GM,J&T Slow,Fri Jul 31 2026 04:00:00 GMT-0300 (Brasilia Standard Time),1
EJP1,GM,J&T Slow,Fri Aug 07 2026 04:00:00 GMT-0300 (Brasilia Standard Time),1
EJP1,GM,Jad,Thu Jul 30 2026 04:00:00 GMT-0300 (Brasilia Standard Time),3
EJP1,GM,Jad,Fri Jul 31 2026 04:00:00 GMT-0300 (Brasilia Standard Time),2
EJP1,GM,Jad,Sat Aug 01 2026 04:00:00 GMT-0300 (Brasilia Standard Time),1
EJP1,GM,Jad,Wed Aug 05 2026 04:00:00 GMT-0300 (Brasilia Standard Time),1
EJP1,GM,Jad,Thu Aug 06 2026 04:00:00 GMT-0300 (Brasilia Standard Time),1
EJP1,GM,Loggi,Tue Jul 28 2026 04:00:00 GMT-0300 (Brasilia Standard Time),1
EJP1,GM,Loggi,Wed Jul 29 2026 04:00:00 GMT-0300 (Brasilia Standard Time),1
EJP1,GM,Loggi,Sat Aug 01 2026 04:00:00 GMT-0300 (Brasilia Standard Time),3
EJP1,LARGE,J&T Fast,Mon Aug 03 2026 04:00:00 GMT-0300 (Brasilia Standard Time),1
EJP1,LARGE,Jad,Sat Jul 25 2026 04:00:00 GMT-0300 (Brasilia Standard Time),3
EJP1,LARGE,Jad,Mon Jul 27 2026 04:00:00 GMT-0300 (Brasilia Standard Time),1
EJP1,LARGE,Jad,Thu Jul 30 2026 04:00:00 GMT-0300 (Brasilia Standard Time),1
EJP1,LARGE,Loggi,Sat Jul 25 2026 04:00:00 GMT-0300 (Brasilia Standard Time),1
EJP1,OVERSIZE,Jad,Sat Jul 25 2026 04:00:00 GMT-0300 (Brasilia Standard Time),1
EJP1,OVERSIZE,Jad,Wed Jul 29 2026 04:00:00 GMT-0300 (Brasilia Standard Time),1
EJP1,OVERSIZE,Jad,Wed Aug 05 2026 04:00:00 GMT-0300 (Brasilia Standard Time),1
EJP2,GM,J&T Fast,Tue Jul 28 2026 04:00:00 GMT-0300 (Brasilia Standard Time),1
EJP2,GM,J&T Slow,Wed Aug 05 2026 04:00:00 GMT-0300 (Brasilia Standard Time),1
EJP2,GM,Jad,Sat Jul 25 2026 04:00:00 GMT-0300 (Brasilia Standard Time),4
EJP2,GM,Jad,Tue Jul 28 2026 04:00:00 GMT-0300 (Brasilia Standard Time),1
EJP2,GM,Jad,Wed Jul 29 2026 04:00:00 GMT-0300 (Brasilia Standard Time),1
EJP2,GM,Jad,Sat Aug 01 2026 04:00:00 GMT-0300 (Brasilia Standard Time),8
EJP2,GM,Loggi,Sat Jul 25 2026 04:00:00 GMT-0300 (Brasilia Standard Time),1
EJP2,GM,Loggi,Tue Jul 28 2026 04:00:00 GMT-0300 (Brasilia Standard Time),1
EJP2,GM,Loggi,Wed Jul 29 2026 04:00:00 GMT-0300 (Brasilia Standard Time),1
EJP2,LARGE,Dominalog,Fri Jul 24 2026 04:00:00 GMT-0300 (Brasilia Standard Time),1
EJP2,OVERSIZE,Jad,Sat Jul 25 2026 04:00:00 GMT-0300 (Brasilia Standard Time),1
EJP2,OVERSIZE,Jad,Thu Jul 30 2026 04:00:00 GMT-0300 (Brasilia Standard Time),1
EJP2,OVERSIZE,Loggi,Wed Jul 29 2026 04:00:00 GMT-0300 (Brasilia Standard Time),1
EJP3,GM,J&T Fast,Sat Jul 25 2026 04:00:00 GMT-0300 (Brasilia Standard Time),1
EJP3,GM,J&T Fast,Tue Jul 28 2026 04:00:00 GMT-0300 (Brasilia Standard Time),1
EJP3,GM,J&T Fast,Wed Jul 29 2026 04:00:00 GMT-0300 (Brasilia Standard Time),1
EJP3,GM,J&T Slow,Wed Jul 29 2026 04:00:00 GMT-0300 (Brasilia Standard Time),1
EJP3,GM,Jad,Sat Aug 01 2026 04:00:00 GMT-0300 (Brasilia Standard Time),1
EJP3,GM,Loggi,Tue Jul 28 2026 04:00:00 GMT-0300 (Brasilia Standard Time),2
EJP3,GM,Loggi,Wed Jul 29 2026 04:00:00 GMT-0300 (Brasilia Standard Time),1
EJP3,GM,Loggi,Fri Jul 31 2026 04:00:00 GMT-0300 (Brasilia Standard Time),1
EJP3,GM,Loggi,Wed Aug 05 2026 04:00:00 GMT-0300 (Brasilia Standard Time),1
EJP3,LARGE,Jad,Sat Jul 25 2026 04:00:00 GMT-0300 (Brasilia Standard Time),1
EJP3,LARGE,Jad,Thu Jul 30 2026 04:00:00 GMT-0300 (Brasilia Standard Time),1
EJP3,LARGE,Jad,Wed Aug 05 2026 04:00:00 GMT-0300 (Brasilia Standard Time),1
EJP3,LARGE,Jad,Thu Aug 06 2026 04:00:00 GMT-0300 (Brasilia Standard Time),1
EJP4,GM,J&T Fast,Sat Aug 01 2026 04:00:00 GMT-0300 (Brasilia Standard Time),1
EJP4,GM,J&T Slow,Tue Jul 28 2026 04:00:00 GMT-0300 (Brasilia Standard Time),1
EJP4,GM,J&T Slow,Thu Jul 30 2026 04:00:00 GMT-0300 (Brasilia Standard Time),1
EJP4,GM,J&T Slow,Sat Aug 01 2026 04:00:00 GMT-0300 (Brasilia Standard Time),2
EJP4,GM,J&T Slow,Thu Aug 06 2026 04:00:00 GMT-0300 (Brasilia Standard Time),1
EJP4,GM,Jad,Fri Jul 24 2026 04:00:00 GMT-0300 (Brasilia Standard Time),1
EJP4,GM,Jad,Sat Jul 25 2026 04:00:00 GMT-0300 (Brasilia Standard Time),2
EJP4,GM,Jad,Tue Jul 28 2026 04:00:00 GMT-0300 (Brasilia Standard Time),2
EJP4,GM,Jad,Wed Jul 29 2026 04:00:00 GMT-0300 (Brasilia Standard Time),2
EJP4,GM,Jad,Thu Jul 30 2026 04:00:00 GMT-0300 (Brasilia Standard Time),2
EJP4,GM,Jad,Wed Aug 05 2026 04:00:00 GMT-0300 (Brasilia Standard Time),1
EJP4,GM,Jad,Thu Aug 06 2026 04:00:00 GMT-0300 (Brasilia Standard Time),2
EJP4,GM,Loggi,Sat Jul 25 2026 04:00:00 GMT-0300 (Brasilia Standard Time),1
EJP4,OVERSIZE,Jad,Sat Jul 25 2026 04:00:00 GMT-0300 (Brasilia Standard Time),1
EJP5,GM,J&T Slow,Wed Jul 29 2026 04:00:00 GMT-0300 (Brasilia Standard Time),1
EJP5,GM,J&T Slow,Thu Jul 30 2026 04:00:00 GMT-0300 (Brasilia Standard Time),1
EJP5,GM,J&T Slow,Fri Jul 31 2026 04:00:00 GMT-0300 (Brasilia Standard Time),1
EJP5,GM,Jad,Sat Aug 01 2026 04:00:00 GMT-0300 (Brasilia Standard Time),1
EJP5,GM,Loggi,Sat Jul 25 2026 04:00:00 GMT-0300 (Brasilia Standard Time),1
EJP5,GM,Loggi,Thu Jul 30 2026 04:00:00 GMT-0300 (Brasilia Standard Time),1
EJP5,GM,Loggi,Sat Aug 01 2026 04:00:00 GMT-0300 (Brasilia Standard Time),1
EJP5,GM,Loggi,Wed Aug 05 2026 04:00:00 GMT-0300 (Brasilia Standard Time),1
EJP5,LARGE,Jad,Sat Jul 25 2026 04:00:00 GMT-0300 (Brasilia Standard Time),2
EJP5,LARGE,Jad,Thu Jul 30 2026 04:00:00 GMT-0300 (Brasilia Standard Time),1
EJP5,OVERSIZE,Jad,Sat Jul 25 2026 04:00:00 GMT-0300 (Brasilia Standard Time),1
EJP5,OVERSIZE,Jad,Fri Jul 31 2026 04:00:00 GMT-0300 (Brasilia Standard Time),1
EMG10,GM,J&T Slow,Wed Jul 29 2026 04:00:00 GMT-0300 (Brasilia Standard Time),1
EMG11,GM,J&T Slow,Mon Jul 27 2026 04:00:00 GMT-0300 (Brasilia Standard Time),1
EMG11,GM,J&T Slow,Tue Jul 28 2026 04:00:00 GMT-0300 (Brasilia Standard Time),2
EMG11,GM,J&T Slow,Wed Jul 29 2026 04:00:00 GMT-0300 (Brasilia Standard Time),1
EMG11,GM,Loggi,Mon Jul 27 2026 04:00:00 GMT-0300 (Brasilia Standard Time),1
EMG11,GM,Loggi,Tue Aug 04 2026 04:00:00 GMT-0300 (Brasilia Standard Time),3
EMG13,GM,J&T Slow,Mon Aug 03 2026 04:00:00 GMT-0300 (Brasilia Standard Time),2
EMG13,GM,J&T Slow,Tue Aug 04 2026 04:00:00 GMT-0300 (Brasilia Standard Time),1
EMG13,GM,J&T Slow,Wed Aug 05 2026 04:00:00 GMT-0300 (Brasilia Standard Time),3
EMG13,GM,J&T Slow,Thu Aug 06 2026 04:00:00 GMT-0300 (Brasilia Standard Time),5
EMG13,GM,Loggi,Sat Jul 25 2026 04:00:00 GMT-0300 (Brasilia Standard Time),1
EMG13,GM,Loggi,Tue Aug 04 2026 04:00:00 GMT-0300 (Brasilia Standard Time),1
EMG13,LARGE,Jad,Wed Jul 29 2026 04:00:00 GMT-0300 (Brasilia Standard Time),1
EMG13,LARGE,Jad,Fri Jul 31 2026 04:00:00 GMT-0300 (Brasilia Standard Time),1
EMG13,OVERSIZE,Jad,Sat Aug 01 2026 04:00:00 GMT-0300 (Brasilia Standard Time),1
EMG15,GM,J&T Slow,Tue Jul 28 2026 04:00:00 GMT-0300 (Brasilia Standard Time),1
EMG15,GM,J&T Slow,Wed Jul 29 2026 04:00:00 GMT-0300 (Brasilia Standard Time),2
EMG15,GM,J&T Slow,Thu Jul 30 2026 04:00:00 GMT-0300 (Brasilia Standard Time),1
EMG15,GM,J&T Slow,Fri Jul 31 2026 04:00:00 GMT-0300 (Brasilia Standard Time),1
EMG15,GM,J&T Slow,Sat Aug 01 2026 04:00:00 GMT-0300 (Brasilia Standard Time),2
EMG15,GM,J&T Slow,Tue Aug 04 2026 04:00:00 GMT-0300 (Brasilia Standard Time),2
EMG15,GM,J&T Slow,Fri Aug 07 2026 04:00:00 GMT-0300 (Brasilia Standard Time),1
EMG15,GM,Jad,Tue Jul 28 2026 04:00:00 GMT-0300 (Brasilia Standard Time),1
EMG15,GM,Loggi,Tue Jul 28 2026 04:00:00 GMT-0300 (Brasilia Standard Time),2
EMG15,GM,Loggi,Wed Jul 29 2026 04:00:00 GMT-0300 (Brasilia Standard Time),1
EMG15,LARGE,J&T Fast,Wed Jul 29 2026 04:00:00 GMT-0300 (Brasilia Standard Time),1
EMG15,OVERSIZE,Jad,Mon Jul 27 2026 04:00:00 GMT-0300 (Brasilia Standard Time),1
EMG15,OVERSIZE,Jad,Tue Jul 28 2026 04:00:00 GMT-0300 (Brasilia Standard Time),1
EMG15,OVERSIZE,Jad,Wed Aug 05 2026 04:00:00 GMT-0300 (Brasilia Standard Time),1
EMG15,OVERSIZE,Jad,Fri Aug 07 2026 04:00:00 GMT-0300 (Brasilia Standard Time),1
EMG16,GM,J&T Slow,Fri Jul 24 2026 04:00:00 GMT-0300 (Brasilia Standard Time),1
EMG16,GM,J&T Slow,Mon Jul 27 2026 04:00:00 GMT-0300 (Brasilia Standard Time),2
EMG16,GM,J&T Slow,Tue Jul 28 2026 04:00:00 GMT-0300 (Brasilia Standard Time),4
EMG16,GM,J&T Slow,Fri Jul 31 2026 04:00:00 GMT-0300 (Brasilia Standard Time),1
EMG16,GM,J&T Slow,Mon Aug 03 2026 04:00:00 GMT-0300 (Brasilia Standard Time),1
EMG16,GM,J&T Slow,Fri Aug 07 2026 04:00:00 GMT-0300 (Brasilia Standard Time),1
EMG16,GM,Loggi,Wed Jul 29 2026 04:00:00 GMT-0300 (Brasilia Standard Time),3
EMG16,GM,Loggi,Mon Aug 03 2026 04:00:00 GMT-0300 (Brasilia Standard Time),2
EMG16,LARGE,Jad,Wed Jul 29 2026 04:00:00 GMT-0300 (Brasilia Standard Time),1
EMG16,LARGE,Jad,Mon Aug 03 2026 04:00:00 GMT-0300 (Brasilia Standard Time),1
EMG16,OVERSIZE,Jad,Tue Jul 28 2026 04:00:00 GMT-0300 (Brasilia Standard Time),2
EMG16,OVERSIZE,Jad,Mon Aug 03 2026 04:00:00 GMT-0300 (Brasilia Standard Time),2
EMG17,GM,J&T Slow,Mon Jul 27 2026 04:00:00 GMT-0300 (Brasilia Standard Time),5
EMG17,GM,J&T Slow,Tue Jul 28 2026 04:00:00 GMT-0300 (Brasilia Standard Time),12
EMG17,GM,J&T Slow,Mon Aug 03 2026 04:00:00 GMT-0300 (Brasilia Standard Time),1
EMG17,GM,J&T Slow,Tue Aug 11 2026 04:00:00 GMT-0300 (Brasilia Standard Time),1
EMG17,GM,Loggi,Mon Aug 03 2026 04:00:00 GMT-0300 (Brasilia Standard Time),2
EMG17,GM,Loggi,Tue Aug 04 2026 04:00:00 GMT-0300 (Brasilia Standard Time),2
EMG18,GM,J&T Fast,Thu Aug 06 2026 04:00:00 GMT-0300 (Brasilia Standard Time),1
EMG18,GM,Loggi,Sat Jul 25 2026 04:00:00 GMT-0300 (Brasilia Standard Time),9
EMG18,GM,Loggi,Mon Jul 27 2026 04:00:00 GMT-0300 (Brasilia Standard Time),3
EMG18,LARGE,Loggi,Sat Jul 25 2026 04:00:00 GMT-0300 (Brasilia Standard Time),2
EMG19,GM,J&T Fast,Tue Aug 04 2026 04:00:00 GMT-0300 (Brasilia Standard Time),5
EMG19,GM,Loggi,Mon Jul 27 2026 04:00:00 GMT-0300 (Brasilia Standard Time),1
EMG19,GM,Loggi,Mon Aug 03 2026 04:00:00 GMT-0300 (Brasilia Standard Time),1
EMG19,GM,Loggi,Tue Aug 04 2026 04:00:00 GMT-0300 (Brasilia Standard Time),2
EMG19,LARGE,Dominalog,Thu Aug 06 2026 04:00:00 GMT-0300 (Brasilia Standard Time),1
EMG20,GM,J&T Slow,Fri Jul 24 2026 04:00:00 GMT-0300 (Brasilia Standard Time),1
EMG20,GM,J&T Slow,Mon Jul 27 2026 04:00:00 GMT-0300 (Brasilia Standard Time),1
EMG20,GM,J&T Slow,Thu Jul 30 2026 04:00:00 GMT-0300 (Brasilia Standard Time),1
EMG20,LARGE,Jad,Thu Aug 06 2026 04:00:00 GMT-0300 (Brasilia Standard Time),1
EMG20,LARGE,Jad,Fri Aug 07 2026 04:00:00 GMT-0300 (Brasilia Standard Time),1
EMG21,GM,J&T Slow,Mon Aug 03 2026 04:00:00 GMT-0300 (Brasilia Standard Time),1
EMG21,GM,J&T Slow,Fri Aug 07 2026 04:00:00 GMT-0300 (Brasilia Standard Time),1
EMG22,GM,J&T Slow,Mon Jul 27 2026 04:00:00 GMT-0300 (Brasilia Standard Time),1
EMG22,GM,Loggi,Fri Jul 24 2026 04:00:00 GMT-0300 (Brasilia Standard Time),2
EMG22,GM,Loggi,Sat Aug 01 2026 04:00:00 GMT-0300 (Brasilia Standard Time),1
EMG22,LARGE,Jad,Sat Jul 25 2026 04:00:00 GMT-0300 (Brasilia Standard Time),1
EMG22,LARGE,Loggi,Fri Jul 24 2026 04:00:00 GMT-0300 (Brasilia Standard Time),1
EMG22,OVERSIZE,Jad,Wed Aug 05 2026 04:00:00 GMT-0300 (Brasilia Standard Time),1
EMG23,GM,J&T Fast,Fri Jul 31 2026 04:00:00 GMT-0300 (Brasilia Standard Time),1
EMG23,GM,J&T Slow,Fri Jul 24 2026 04:00:00 GMT-0300 (Brasilia Standard Time),1
EMG23,GM,J&T Slow,Wed Jul 29 2026 04:00:00 GMT-0300 (Brasilia Standard Time),4
EMG23,GM,J&T Slow,Thu Jul 30 2026 04:00:00 GMT-0300 (Brasilia Standard Time),89
EMG23,GM,J&T Slow,Fri Jul 31 2026 04:00:00 GMT-0300 (Brasilia Standard Time),11
EMG23,GM,J&T Slow,Sat Aug 01 2026 04:00:00 GMT-0300 (Brasilia Standard Time),20
EMG23,GM,J&T Slow,Wed Aug 05 2026 04:00:00 GMT-0300 (Brasilia Standard Time),2
EMG23,LARGE,Jad,Sat Aug 01 2026 04:00:00 GMT-0300 (Brasilia Standard Time),1
EMG25,GM,Loggi,Mon Aug 03 2026 04:00:00 GMT-0300 (Brasilia Standard Time),1
EMG28,LARGE,J&T Fast,Fri Jul 31 2026 04:00:00 GMT-0300 (Brasilia Standard Time),1
EMG29,GM,J&T Fast,Mon Aug 03 2026 04:00:00 GMT-0300 (Brasilia Standard Time),2
EMG29,GM,J&T Slow,Mon Aug 03 2026 04:00:00 GMT-0300 (Brasilia Standard Time),11
EMG29,GM,J&T Slow,Tue Aug 04 2026 04:00:00 GMT-0300 (Brasilia Standard Time),1
EMG29,GM,J&T Slow,Fri Aug 07 2026 04:00:00 GMT-0300 (Brasilia Standard Time),3
EMG29,GM,J&T Slow,Sat Aug 08 2026 04:00:00 GMT-0300 (Brasilia Standard Time),1
EMG29,GM,J&T Slow,Mon Aug 10 2026 04:00:00 GMT-0300 (Brasilia Standard Time),4
EMG30,GM,J&T Slow,Mon Aug 03 2026 04:00:00 GMT-0300 (Brasilia Standard Time),4
EMG30,GM,J&T Slow,Wed Aug 05 2026 04:00:00 GMT-0300 (Brasilia Standard Time),1
EMG30,LARGE,Jad,Mon Aug 10 2026 04:00:00 GMT-0300 (Brasilia Standard Time),1
EMG31,GM,J&T Slow,Wed Jul 29 2026 04:00:00 GMT-0300 (Brasilia Standard Time),1
EMG31,GM,J&T Slow,Tue Aug 04 2026 04:00:00 GMT-0300 (Brasilia Standard Time),1
EMG31,GM,J&T Slow,Thu Aug 06 2026 04:00:00 GMT-0300 (Brasilia Standard Time),1
EMG31,GM,Jad,Thu Aug 06 2026 04:00:00 GMT-0300 (Brasilia Standard Time),1
EMG32,GM,J&T Fast,Sat Jul 25 2026 04:00:00 GMT-0300 (Brasilia Standard Time),1
EMG32,GM,Loggi,Sat Jul 25 2026 04:00:00 GMT-0300 (Brasilia Standard Time),1
EMG32,OVERSIZE,Jad,Thu Aug 06 2026 04:00:00 GMT-0300 (Brasilia Standard Time),1
EMG33,GM,J&T Fast,Thu Jul 30 2026 04:00:00 GMT-0300 (Brasilia Standard Time),1
EMG33,GM,J&T Slow,Fri Jul 31 2026 04:00:00 GMT-0300 (Brasilia Standard Time),2
EMG33,GM,J&T Slow,Sat Aug 01 2026 04:00:00 GMT-0300 (Brasilia Standard Time),1
EMG33,GM,J&T Slow,Mon Aug 03 2026 04:00:00 GMT-0300 (Brasilia Standard Time),6
EMG33,GM,J&T Slow,Wed Aug 05 2026 04:00:00 GMT-0300 (Brasilia Standard Time),3
EMG33,GM,Jad,Tue Aug 04 2026 04:00:00 GMT-0300 (Brasilia Standard Time),1
EMG33,GM,Loggi,Fri Jul 24 2026 04:00:00 GMT-0300 (Brasilia Standard Time),2
EMG33,GM,Loggi,Mon Jul 27 2026 04:00:00 GMT-0300 (Brasilia Standard Time),1
EMG33,GM,Loggi,Fri Jul 31 2026 04:00:00 GMT-0300 (Brasilia Standard Time),1
EMG33,GM,Loggi,Mon Aug 03 2026 04:00:00 GMT-0300 (Brasilia Standard Time),2
EMG33,LARGE,Loggi,Mon Jul 27 2026 04:00:00 GMT-0300 (Brasilia Standard Time),1
EMG33,LARGE,Loggi,Tue Jul 28 2026 04:00:00 GMT-0300 (Brasilia Standard Time),1
EMG33,LARGE,Loggi,Tue Aug 04 2026 04:00:00 GMT-0300 (Brasilia Standard Time),1
EMG33,OVERSIZE,Dominalog,Sat Jul 25 2026 04:00:00 GMT-0300 (Brasilia Standard Time),1
EMG34,GM,J&T Slow,Mon Jul 27 2026 04:00:00 GMT-0300 (Brasilia Standard Time),2
EMG34,GM,J&T Slow,Wed Jul 29 2026 04:00:00 GMT-0300 (Brasilia Standard Time),1
EMG34,GM,J&T Slow,Fri Jul 31 2026 04:00:00 GMT-0300 (Brasilia Standard Time),4
EMG34,GM,J&T Slow,Mon Aug 03 2026 04:00:00 GMT-0300 (Brasilia Standard Time),2
EMG34,GM,Jad,Mon Aug 03 2026 04:00:00 GMT-0300 (Brasilia Standard Time),1
EMG34,GM,Loggi,Sat Jul 25 2026 04:00:00 GMT-0300 (Brasilia Standard Time),1
EMG34,GM,Loggi,Mon Jul 27 2026 04:00:00 GMT-0300 (Brasilia Standard Time),3
EMG34,GM,Loggi,Fri Jul 31 2026 04:00:00 GMT-0300 (Brasilia Standard Time),1
EMG34,GM,Loggi,Mon Aug 03 2026 04:00:00 GMT-0300 (Brasilia Standard Time),1
EMG34,LARGE,Loggi,Tue Aug 04 2026 04:00:00 GMT-0300 (Brasilia Standard Time),1
EMG34,LARGE,Loggi,Wed Aug 05 2026 04:00:00 GMT-0300 (Brasilia Standard Time),1
EMG35,GM,J&T Fast,Thu Aug 06 2026 04:00:00 GMT-0300 (Brasilia Standard Time),2
EMG35,GM,Jad,Sat Jul 25 2026 04:00:00 GMT-0300 (Brasilia Standard Time),1
EMG35,LARGE,Dominalog,Sat Jul 25 2026 04:00:00 GMT-0300 (Brasilia Standard Time),1
EMG35,LARGE,Jad,Sat Jul 25 2026 04:00:00 GMT-0300 (Brasilia Standard Time),2
EMG36,GM,J&T Fast,Mon Jul 27 2026 04:00:00 GMT-0300 (Brasilia Standard Time),1
EMG36,GM,J&T Fast,Tue Aug 04 2026 04:00:00 GMT-0300 (Brasilia Standard Time),1
EMG36,GM,J&T Fast,Thu Aug 06 2026 04:00:00 GMT-0300 (Brasilia Standard Time),1
EMG36,GM,J&T Slow,Mon Jul 27 2026 04:00:00 GMT-0300 (Brasilia Standard Time),3
EMG36,GM,J&T Slow,Sat Aug 01 2026 04:00:00 GMT-0300 (Brasilia Standard Time),2
EMG36,GM,J&T Slow,Mon Aug 03 2026 04:00:00 GMT-0300 (Brasilia Standard Time),8
EMG36,GM,J&T Slow,Wed Aug 05 2026 04:00:00 GMT-0300 (Brasilia Standard Time),3
EMG36,GM,J&T Slow,Thu Aug 06 2026 04:00:00 GMT-0300 (Brasilia Standard Time),2
EMG36,GM,J&T Slow,Fri Aug 07 2026 04:00:00 GMT-0300 (Brasilia Standard Time),4
EMG36,GM,J&T Slow,Mon Aug 10 2026 04:00:00 GMT-0300 (Brasilia Standard Time),2
EMG36,GM,Jad,Mon Aug 03 2026 04:00:00 GMT-0300 (Brasilia Standard Time),1
EMG36,GM,Loggi,Mon Jul 27 2026 04:00:00 GMT-0300 (Brasilia Standard Time),1
EMG36,LARGE,J&T Slow,Thu Aug 06 2026 04:00:00 GMT-0300 (Brasilia Standard Time),1
EMG36,LARGE,Loggi,Wed Aug 05 2026 04:00:00 GMT-0300 (Brasilia Standard Time),1
EMG36,LARGE,Loggi,Thu Aug 06 2026 04:00:00 GMT-0300 (Brasilia Standard Time),1
EMG37,GM,J&T Slow,Thu Jul 30 2026 04:00:00 GMT-0300 (Brasilia Standard Time),9
EMG37,GM,J&T Slow,Fri Jul 31 2026 04:00:00 GMT-0300 (Brasilia Standard Time),1
EMG37,GM,J&T Slow,Sat Aug 01 2026 04:00:00 GMT-0300 (Brasilia Standard Time),4
EMG38,GM,J&T Slow,Fri Jul 24 2026 04:00:00 GMT-0300 (Brasilia Standard Time),1
EMG38,GM,J&T Slow,Sat Jul 25 2026 04:00:00 GMT-0300 (Brasilia Standard Time),2
EMG38,GM,J&T Slow,Wed Jul 29 2026 04:00:00 GMT-0300 (Brasilia Standard Time),4
EMG38,GM,J&T Slow,Fri Jul 31 2026 04:00:00 GMT-0300 (Brasilia Standard Time),1
EMG38,GM,J&T Slow,Tue Aug 04 2026 04:00:00 GMT-0300 (Brasilia Standard Time),1
EMG38,GM,Loggi,Sat Jul 25 2026 04:00:00 GMT-0300 (Brasilia Standard Time),1
EMG38,GM,Loggi,Tue Jul 28 2026 04:00:00 GMT-0300 (Brasilia Standard Time),3
EMG38,GM,Loggi,Tue Aug 04 2026 04:00:00 GMT-0300 (Brasilia Standard Time),2
EMG38,GM,Loggi,Fri Aug 07 2026 04:00:00 GMT-0300 (Brasilia Standard Time),1
EMG38,LARGE,Loggi,Thu Jul 30 2026 04:00:00 GMT-0300 (Brasilia Standard Time),1
EMG38,LARGE,Loggi,Tue Aug 04 2026 04:00:00 GMT-0300 (Brasilia Standard Time),1
EMG38,OVERSIZE,Jad,Tue Aug 04 2026 04:00:00 GMT-0300 (Brasilia Standard Time),1
EMG39,LARGE,Jad,Mon Jul 27 2026 04:00:00 GMT-0300 (Brasilia Standard Time),1
EMG7,GM,J&T Slow,Mon Jul 27 2026 04:00:00 GMT-0300 (Brasilia Standard Time),6
EMG7,GM,J&T Slow,Fri Jul 31 2026 04:00:00 GMT-0300 (Brasilia Standard Time),1
EMG7,GM,J&T Slow,Mon Aug 03 2026 04:00:00 GMT-0300 (Brasilia Standard Time),1
EMG7,GM,J&T Slow,Wed Aug 05 2026 04:00:00 GMT-0300 (Brasilia Standard Time),1
EMG7,GM,Jad,Mon Aug 03 2026 04:00:00 GMT-0300 (Brasilia Standard Time),1
EMG7,GM,Loggi,Fri Jul 31 2026 04:00:00 GMT-0300 (Brasilia Standard Time),1
EMG7,LARGE,Jad,Thu Jul 30 2026 04:00:00 GMT-0300 (Brasilia Standard Time),1
EMG8,GM,J&T Slow,Mon Jul 27 2026 04:00:00 GMT-0300 (Brasilia Standard Time),2
EMG8,GM,J&T Slow,Wed Jul 29 2026 04:00:00 GMT-0300 (Brasilia Standard Time),1
EMG8,GM,J&T Slow,Thu Jul 30 2026 04:00:00 GMT-0300 (Brasilia Standard Time),1
EMG8,GM,J&T Slow,Sat Aug 01 2026 04:00:00 GMT-0300 (Brasilia Standard Time),1
EMG8,GM,J&T Slow,Mon Aug 03 2026 04:00:00 GMT-0300 (Brasilia Standard Time),1
EMG8,GM,J&T Slow,Wed Aug 05 2026 04:00:00 GMT-0300 (Brasilia Standard Time),1
EMG8,GM,J&T Slow,Fri Aug 07 2026 04:00:00 GMT-0300 (Brasilia Standard Time),2
EMG8,GM,Loggi,Wed Jul 29 2026 04:00:00 GMT-0300 (Brasilia Standard Time),1
EMG8,GM,Loggi,Mon Aug 03 2026 04:00:00 GMT-0300 (Brasilia Standard Time),1
EMG9,GM,J&T Slow,Sat Aug 01 2026 04:00:00 GMT-0300 (Brasilia Standard Time),1
EMG9,GM,J&T Slow,Wed Aug 05 2026 04:00:00 GMT-0300 (Brasilia Standard Time),1
EMG9,GM,J&T Slow,Thu Aug 06 2026 04:00:00 GMT-0300 (Brasilia Standard Time),1
EMG9,GM,J&T Slow,Fri Aug 07 2026 04:00:00 GMT-0300 (Brasilia Standard Time),2
EMN1,GM,Imile Fast,Mon Jul 27 2026 04:00:00 GMT-0300 (Brasilia Standard Time),2
EMN1,GM,Imile Fast,Tue Jul 28 2026 04:00:00 GMT-0300 (Brasilia Standard Time),2
EMN1,GM,Imile Fast,Wed Jul 29 2026 04:00:00 GMT-0300 (Brasilia Standard Time),2
EMN1,GM,Imile Fast,Fri Jul 31 2026 04:00:00 GMT-0300 (Brasilia Standard Time),1
EMN1,GM,Imile Fast,Mon Aug 03 2026 04:00:00 GMT-0300 (Brasilia Standard Time),4
EMN1,GM,Imile Fast,Wed Aug 05 2026 04:00:00 GMT-0300 (Brasilia Standard Time),2
EMN1,GM,Imile Fast,Fri Aug 07 2026 04:00:00 GMT-0300 (Brasilia Standard Time),3
EMN1,GM,Imile Fast,Sat Aug 08 2026 04:00:00 GMT-0300 (Brasilia Standard Time),7
EMN1,GM,Imile Slow,Mon Aug 03 2026 04:00:00 GMT-0300 (Brasilia Standard Time),2
EMN1,GM,J&T Slow,Thu Aug 06 2026 04:00:00 GMT-0300 (Brasilia Standard Time),1
EMN1,GM,Jad,Fri Jul 31 2026 04:00:00 GMT-0300 (Brasilia Standard Time),2
EMN1,GM,Jad,Mon Aug 03 2026 04:00:00 GMT-0300 (Brasilia Standard Time),1
EMN1,LARGE,Imile Fast,Wed Aug 05 2026 04:00:00 GMT-0300 (Brasilia Standard Time),1
EMN1,LARGE,Imile Slow,Tue Jul 28 2026 04:00:00 GMT-0300 (Brasilia Standard Time),1
EMN1,LARGE,Jad,Mon Jul 27 2026 04:00:00 GMT-0300 (Brasilia Standard Time),2
EMN1,LARGE,Jad,Sat Aug 08 2026 04:00:00 GMT-0300 (Brasilia Standard Time),1
EMN2,GM,Imile Fast,Sat Jul 25 2026 04:00:00 GMT-0300 (Brasilia Standard Time),1
EMN2,GM,Imile Fast,Thu Aug 06 2026 04:00:00 GMT-0300 (Brasilia Standard Time),2
EMN2,GM,Imile Fast,Fri Aug 07 2026 04:00:00 GMT-0300 (Brasilia Standard Time),1
EMN2,GM,Imile Slow,Tue Jul 21 2026 04:00:00 GMT-0300 (Brasilia Standard Time),1
EMN2,GM,Imile Slow,Thu Jul 30 2026 04:00:00 GMT-0300 (Brasilia Standard Time),1
EMN2,GM,Imile Slow,Sat Aug 08 2026 04:00:00 GMT-0300 (Brasilia Standard Time),3
EMN2,LARGE,Imile Fast,Thu Aug 06 2026 04:00:00 GMT-0300 (Brasilia Standard Time),1
EMN2,OVERSIZE,Jad,Fri Aug 07 2026 04:00:00 GMT-0300 (Brasilia Standard Time),1
EMN3,GM,Imile Fast,Fri Jul 31 2026 04:00:00 GMT-0300 (Brasilia Standard Time),1
EMN3,GM,Imile Fast,Sat Aug 01 2026 04:00:00 GMT-0300 (Brasilia Standard Time),1
EMN3,GM,Imile Fast,Thu Aug 06 2026 04:00:00 GMT-0300 (Brasilia Standard Time),1
EMN3,GM,Imile Slow,Tue Jul 28 2026 04:00:00 GMT-0300 (Brasilia Standard Time),1
EMN3,GM,Imile Slow,Thu Jul 30 2026 04:00:00 GMT-0300 (Brasilia Standard Time),1
EMN3,GM,Jad,Mon Jul 27 2026 04:00:00 GMT-0300 (Brasilia Standard Time),1
EMN3,GM,Jad,Sat Aug 01 2026 04:00:00 GMT-0300 (Brasilia Standard Time),1
EMN3,LARGE,Jad,Sat Jul 25 2026 04:00:00 GMT-0300 (Brasilia Standard Time),1
EMN3,LARGE,Jad,Mon Aug 03 2026 04:00:00 GMT-0300 (Brasilia Standard Time),1
EMN3,LARGE,Jad,Tue Aug 04 2026 04:00:00 GMT-0300 (Brasilia Standard Time),1
EMN3,OVERSIZE,Jad,Fri Aug 07 2026 04:00:00 GMT-0300 (Brasilia Standard Time),1
EMN4,GM,Dominalog,Thu Jul 30 2026 04:00:00 GMT-0300 (Brasilia Standard Time),1
EMN4,GM,Imile Fast,Tue Jul 28 2026 04:00:00 GMT-0300 (Brasilia Standard Time),2
EMN4,GM,Imile Fast,Thu Jul 30 2026 04:00:00 GMT-0300 (Brasilia Standard Time),1
EMN4,GM,Imile Fast,Fri Jul 31 2026 04:00:00 GMT-0300 (Brasilia Standard Time),1
EMN4,GM,Imile Fast,Sat Aug 01 2026 04:00:00 GMT-0300 (Brasilia Standard Time),1
EMN4,GM,Imile Fast,Tue Aug 04 2026 04:00:00 GMT-0300 (Brasilia Standard Time),1
EMN4,GM,Imile Fast,Thu Aug 06 2026 04:00:00 GMT-0300 (Brasilia Standard Time),3
EMN4,GM,Imile Fast,Fri Aug 07 2026 04:00:00 GMT-0300 (Brasilia Standard Time),3
EMN4,GM,Imile Fast,Sat Aug 08 2026 04:00:00 GMT-0300 (Brasilia Standard Time),1
EMN4,GM,Imile Slow,Fri Jul 31 2026 04:00:00 GMT-0300 (Brasilia Standard Time),1
EMN4,GM,Imile Slow,Tue Aug 04 2026 04:00:00 GMT-0300 (Brasilia Standard Time),1
EMN4,GM,Jad,Thu Aug 06 2026 04:00:00 GMT-0300 (Brasilia Standard Time),1
EMN5,GM,Imile Fast,Mon Jul 27 2026 04:00:00 GMT-0300 (Brasilia Standard Time),1
EMN5,GM,Imile Fast,Tue Aug 04 2026 04:00:00 GMT-0300 (Brasilia Standard Time),1
EMN5,GM,Imile Fast,Thu Aug 06 2026 04:00:00 GMT-0300 (Brasilia Standard Time),3
EMN5,GM,Imile Fast,Fri Aug 07 2026 04:00:00 GMT-0300 (Brasilia Standard Time),3
EMN5,GM,Imile Slow,Tue Aug 04 2026 04:00:00 GMT-0300 (Brasilia Standard Time),2
EMN5,GM,Imile Slow,Sat Aug 08 2026 04:00:00 GMT-0300 (Brasilia Standard Time),4
EMN5,GM,Jad,Mon Jul 27 2026 04:00:00 GMT-0300 (Brasilia Standard Time),1
EMN5,GM,Jad,Mon Aug 03 2026 04:00:00 GMT-0300 (Brasilia Standard Time),1
EMN5,LARGE,Imile Fast,Fri Aug 07 2026 04:00:00 GMT-0300 (Brasilia Standard Time),1
EMN5,LARGE,Jad,Sat Aug 01 2026 04:00:00 GMT-0300 (Brasilia Standard Time),1
EMN5,LARGE,Jad,Fri Aug 07 2026 04:00:00 GMT-0300 (Brasilia Standard Time),1
EMN5,LARGE,Jad,Sat Aug 08 2026 04:00:00 GMT-0300 (Brasilia Standard Time),1
EMN6,GM,Imile Fast,Tue Jul 28 2026 04:00:00 GMT-0300 (Brasilia Standard Time),1
EMR1,GM,Carvalima,Thu Jul 23 2026 04:00:00 GMT-0300 (Brasilia Standard Time),1
EMR1,GM,Carvalima,Tue Jul 28 2026 04:00:00 GMT-0300 (Brasilia Standard Time),2
EMR1,GM,Carvalima,Thu Jul 30 2026 04:00:00 GMT-0300 (Brasilia Standard Time),1
EMR1,GM,Carvalima,Sat Aug 01 2026 04:00:00 GMT-0300 (Brasilia Standard Time),3
EMR1,GM,Carvalima,Tue Aug 04 2026 04:00:00 GMT-0300 (Brasilia Standard Time),1
EMR1,GM,Carvalima,Wed Aug 05 2026 04:00:00 GMT-0300 (Brasilia Standard Time),2
EMR1,GM,J&T Slow,Fri Jul 24 2026 04:00:00 GMT-0300 (Brasilia Standard Time),1
EMR1,GM,J&T Slow,Tue Jul 28 2026 04:00:00 GMT-0300 (Brasilia Standard Time),1
EMR1,GM,J&T Slow,Wed Jul 29 2026 04:00:00 GMT-0300 (Brasilia Standard Time),3
EMR1,GM,J&T Slow,Thu Jul 30 2026 04:00:00 GMT-0300 (Brasilia Standard Time),4
EMR1,GM,J&T Slow,Fri Jul 31 2026 04:00:00 GMT-0300 (Brasilia Standard Time),3
EMR1,GM,J&T Slow,Sat Aug 01 2026 04:00:00 GMT-0300 (Brasilia Standard Time),2
EMR1,GM,J&T Slow,Wed Aug 05 2026 04:00:00 GMT-0300 (Brasilia Standard Time),6
EMR1,GM,J&T Slow,Thu Aug 06 2026 04:00:00 GMT-0300 (Brasilia Standard Time),3
EMR1,GM,J&T Slow,Fri Aug 07 2026 04:00:00 GMT-0300 (Brasilia Standard Time),2
EMR1,GM,J&T Slow,Tue Aug 18 2026 04:00:00 GMT-0300 (Brasilia Standard Time),1
EMR1,LARGE,Carvalima,Sat Jul 25 2026 04:00:00 GMT-0300 (Brasilia Standard Time),1
EMR1,LARGE,Carvalima,Tue Jul 28 2026 04:00:00 GMT-0300 (Brasilia Standard Time),1
EMR1,LARGE,Carvalima,Fri Jul 31 2026 04:00:00 GMT-0300 (Brasilia Standard Time),1
EMR1,OVERSIZE,Carvalima,Thu Aug 06 2026 04:00:00 GMT-0300 (Brasilia Standard Time),1
EMR10,GM,Carvalima,Wed Jul 29 2026 04:00:00 GMT-0300 (Brasilia Standard Time),2
EMR10,GM,Carvalima,Thu Jul 30 2026 04:00:00 GMT-0300 (Brasilia Standard Time),1
EMR10,GM,Carvalima,Wed Aug 05 2026 04:00:00 GMT-0300 (Brasilia Standard Time),1
EMR10,GM,Carvalima,Thu Aug 06 2026 04:00:00 GMT-0300 (Brasilia Standard Time),3
EMR10,GM,Carvalima,Sat Aug 08 2026 04:00:00 GMT-0300 (Brasilia Standard Time),2
EMR10,GM,J&T Slow,Fri Jul 24 2026 04:00:00 GMT-0300 (Brasilia Standard Time),2
EMR10,GM,J&T Slow,Mon Jul 27 2026 04:00:00 GMT-0300 (Brasilia Standard Time),1
EMR10,GM,J&T Slow,Fri Jul 31 2026 04:00:00 GMT-0300 (Brasilia Standard Time),1
EMR10,GM,J&T Slow,Thu Aug 13 2026 04:00:00 GMT-0300 (Brasilia Standard Time),1
EMR10,LARGE,Carvalima,Tue Jul 28 2026 04:00:00 GMT-0300 (Brasilia Standard Time),1
EMR10,LARGE,J&T Slow,Tue Jul 28 2026 04:00:00 GMT-0300 (Brasilia Standard Time),1
EMR11,GM,Carvalima,Wed Jul 29 2026 04:00:00 GMT-0300 (Brasilia Standard Time),1
EMR11,GM,Carvalima,Tue Aug 04 2026 04:00:00 GMT-0300 (Brasilia Standard Time),1
EMR11,GM,Carvalima,Wed Aug 05 2026 04:00:00 GMT-0300 (Brasilia Standard Time),1
EMR11,GM,J&T Slow,Wed Aug 19 2026 04:00:00 GMT-0300 (Brasilia Standard Time),1
EMR11,LARGE,Carvalima,Mon Jul 27 2026 04:00:00 GMT-0300 (Brasilia Standard Time),1
EMR12,GM,Carvalima,Fri Jul 31 2026 04:00:00 GMT-0300 (Brasilia Standard Time),1
EMR12,GM,Carvalima,Thu Aug 06 2026 04:00:00 GMT-0300 (Brasilia Standard Time),1
EMR12,GM,Carvalima,Sat Aug 08 2026 04:00:00 GMT-0300 (Brasilia Standard Time),1
EMR12,GM,J&T Slow,Wed Jul 29 2026 04:00:00 GMT-0300 (Brasilia Standard Time),1
EMR12,GM,J&T Slow,Thu Aug 06 2026 04:00:00 GMT-0300 (Brasilia Standard Time),1
EMR12,GM,J&T Slow,Fri Aug 07 2026 04:00:00 GMT-0300 (Brasilia Standard Time),1
EMR12,LARGE,Carvalima,Thu Jul 30 2026 04:00:00 GMT-0300 (Brasilia Standard Time),1
EMR13,GM,Carvalima,Mon Jul 27 2026 04:00:00 GMT-0300 (Brasilia Standard Time),1
EMR13,GM,Carvalima,Thu Aug 06 2026 04:00:00 GMT-0300 (Brasilia Standard Time),3
EMR13,GM,J&T Slow,Mon Jul 27 2026 04:00:00 GMT-0300 (Brasilia Standard Time),1
EMR13,GM,J&T Slow,Wed Jul 29 2026 04:00:00 GMT-0300 (Brasilia Standard Time),1
EMR13,GM,J&T Slow,Fri Jul 31 2026 04:00:00 GMT-0300 (Brasilia Standard Time),1
EMR13,GM,J&T Slow,Sat Aug 01 2026 04:00:00 GMT-0300 (Brasilia Standard Time),1
EMR13,GM,J&T Slow,Mon Aug 03 2026 04:00:00 GMT-0300 (Brasilia Standard Time),2
EMR13,GM,J&T Slow,Wed Aug 05 2026 04:00:00 GMT-0300 (Brasilia Standard Time),2
EMR14,GM,J&T Slow,Fri Jul 31 2026 04:00:00 GMT-0300 (Brasilia Standard Time),1
EMR14,GM,J&T Slow,Sat Aug 01 2026 04:00:00 GMT-0300 (Brasilia Standard Time),2
EMR14,GM,J&T Slow,Mon Aug 03 2026 04:00:00 GMT-0300 (Brasilia Standard Time),1
EMR14,GM,J&T Slow,Thu Aug 06 2026 04:00:00 GMT-0300 (Brasilia Standard Time),1
EMR14,LARGE,Carvalima,Mon Jul 27 2026 04:00:00 GMT-0300 (Brasilia Standard Time),1
EMR14,LARGE,Carvalima,Sat Aug 01 2026 04:00:00 GMT-0300 (Brasilia Standard Time),1
EMR14,OVERSIZE,Carvalima,Wed Aug 05 2026 04:00:00 GMT-0300 (Brasilia Standard Time),1
EMR15,GM,Carvalima,Sat Jul 25 2026 04:00:00 GMT-0300 (Brasilia Standard Time),2
EMR15,GM,Carvalima,Mon Jul 27 2026 04:00:00 GMT-0300 (Brasilia Standard Time),1
EMR15,GM,Carvalima,Tue Jul 28 2026 04:00:00 GMT-0300 (Brasilia Standard Time),2
EMR15,GM,Carvalima,Wed Jul 29 2026 04:00:00 GMT-0300 (Brasilia Standard Time),7
EMR15,GM,Carvalima,Thu Jul 30 2026 04:00:00 GMT-0300 (Brasilia Standard Time),4
EMR15,GM,Carvalima,Sat Aug 01 2026 04:00:00 GMT-0300 (Brasilia Standard Time),1
EMR15,GM,Carvalima,Wed Aug 05 2026 04:00:00 GMT-0300 (Brasilia Standard Time),8
EMR15,GM,Carvalima,Thu Aug 06 2026 04:00:00 GMT-0300 (Brasilia Standard Time),10
EMR15,GM,Carvalima,Fri Aug 07 2026 04:00:00 GMT-0300 (Brasilia Standard Time),2
EMR15,GM,J&T Slow,Fri Aug 07 2026 04:00:00 GMT-0300 (Brasilia Standard Time),1
EMR15,LARGE,Carvalima,Sat Jul 25 2026 04:00:00 GMT-0300 (Brasilia Standard Time),1
EMR15,LARGE,Carvalima,Thu Jul 30 2026 04:00:00 GMT-0300 (Brasilia Standard Time),2
EMR15,LARGE,Carvalima,Sat Aug 01 2026 04:00:00 GMT-0300 (Brasilia Standard Time),1
EMR15,LARGE,Carvalima,Thu Aug 06 2026 04:00:00 GMT-0300 (Brasilia Standard Time),1
EMR16,GM,J&T Slow,Tue Jul 28 2026 04:00:00 GMT-0300 (Brasilia Standard Time),1
EMR16,GM,J&T Slow,Wed Jul 29 2026 04:00:00 GMT-0300 (Brasilia Standard Time),4
EMR16,GM,J&T Slow,Thu Jul 30 2026 04:00:00 GMT-0300 (Brasilia Standard Time),1
EMR16,GM,J&T Slow,Fri Jul 31 2026 04:00:00 GMT-0300 (Brasilia Standard Time),2
EMR16,GM,J&T Slow,Tue Aug 04 2026 04:00:00 GMT-0300 (Brasilia Standard Time),1
EMR3,GM,Carvalima,Tue Jul 28 2026 04:00:00 GMT-0300 (Brasilia Standard Time),2
EMR3,GM,Carvalima,Sat Aug 01 2026 04:00:00 GMT-0300 (Brasilia Standard Time),1
EMR3,GM,Carvalima,Fri Aug 07 2026 04:00:00 GMT-0300 (Brasilia Standard Time),1
EMR3,GM,J&T Slow,Mon Jul 27 2026 04:00:00 GMT-0300 (Brasilia Standard Time),5
EMR3,GM,J&T Slow,Wed Jul 29 2026 04:00:00 GMT-0300 (Brasilia Standard Time),3
EMR3,GM,J&T Slow,Thu Jul 30 2026 04:00:00 GMT-0300 (Brasilia Standard Time),4
EMR3,GM,J&T Slow,Fri Jul 31 2026 04:00:00 GMT-0300 (Brasilia Standard Time),3
EMR3,GM,J&T Slow,Sat Aug 01 2026 04:00:00 GMT-0300 (Brasilia Standard Time),3
EMR3,GM,J&T Slow,Mon Aug 03 2026 04:00:00 GMT-0300 (Brasilia Standard Time),2
EMR3,GM,J&T Slow,Wed Aug 05 2026 04:00:00 GMT-0300 (Brasilia Standard Time),3
EMR3,GM,J&T Slow,Thu Aug 06 2026 04:00:00 GMT-0300 (Brasilia Standard Time),4
EMR3,GM,J&T Slow,Fri Aug 07 2026 04:00:00 GMT-0300 (Brasilia Standard Time),1
EMR3,GM,J&T Slow,Mon Aug 10 2026 04:00:00 GMT-0300 (Brasilia Standard Time),1
EMR3,OVERSIZE,Carvalima,Fri Aug 07 2026 04:00:00 GMT-0300 (Brasilia Standard Time),1
EMR4,GM,Carvalima,Fri Jul 31 2026 04:00:00 GMT-0300 (Brasilia Standard Time),1
EMR4,GM,Carvalima,Sat Aug 01 2026 04:00:00 GMT-0300 (Brasilia Standard Time),2
EMR4,GM,Carvalima,Mon Aug 03 2026 04:00:00 GMT-0300 (Brasilia Standard Time),1
EMR4,GM,J&T Slow,Tue Jul 28 2026 04:00:00 GMT-0300 (Brasilia Standard Time),2
EMR4,GM,J&T Slow,Wed Jul 29 2026 04:00:00 GMT-0300 (Brasilia Standard Time),2
EMR4,GM,J&T Slow,Thu Jul 30 2026 04:00:00 GMT-0300 (Brasilia Standard Time),1
EMR4,GM,J&T Slow,Fri Jul 31 2026 04:00:00 GMT-0300 (Brasilia Standard Time),1
EMR4,GM,J&T Slow,Mon Aug 03 2026 04:00:00 GMT-0300 (Brasilia Standard Time),1
EMR4,GM,J&T Slow,Wed Aug 05 2026 04:00:00 GMT-0300 (Brasilia Standard Time),1
EMR4,GM,J&T Slow,Thu Aug 06 2026 04:00:00 GMT-0300 (Brasilia Standard Time),1
EMR4,GM,J&T Slow,Fri Aug 07 2026 04:00:00 GMT-0300 (Brasilia Standard Time),1
EMR4,GM,J&T Slow,Sat Aug 15 2026 04:00:00 GMT-0300 (Brasilia Standard Time),1
EMR5,GM,Carvalima,Mon Jul 27 2026 04:00:00 GMT-0300 (Brasilia Standard Time),1
EMR5,GM,Carvalima,Wed Jul 29 2026 04:00:00 GMT-0300 (Brasilia Standard Time),1
EMR5,GM,Carvalima,Thu Jul 30 2026 04:00:00 GMT-0300 (Brasilia Standard Time),2
EMR5,GM,Carvalima,Wed Aug 05 2026 04:00:00 GMT-0300 (Brasilia Standard Time),1
EMR5,GM,Carvalima,Thu Aug 06 2026 04:00:00 GMT-0300 (Brasilia Standard Time),4
EMR5,GM,Carvalima,Fri Aug 07 2026 04:00:00 GMT-0300 (Brasilia Standard Time),1
EMR5,GM,J&T Slow,Wed Jul 29 2026 04:00:00 GMT-0300 (Brasilia Standard Time),1
EMR5,GM,J&T Slow,Thu Aug 06 2026 04:00:00 GMT-0300 (Brasilia Standard Time),1
EMR6,GM,Carvalima,Fri Jul 24 2026 04:00:00 GMT-0300 (Brasilia Standard Time),1
EMR6,GM,Carvalima,Wed Aug 05 2026 04:00:00 GMT-0300 (Brasilia Standard Time),1
EMR6,GM,Carvalima,Fri Aug 07 2026 04:00:00 GMT-0300 (Brasilia Standard Time),1
EMR6,GM,J&T Slow,Sat Jul 25 2026 04:00:00 GMT-0300 (Brasilia Standard Time),1
EMR6,GM,J&T Slow,Wed Jul 29 2026 04:00:00 GMT-0300 (Brasilia Standard Time),4
EMR6,GM,J&T Slow,Thu Jul 30 2026 04:00:00 GMT-0300 (Brasilia Standard Time),1
EMR6,GM,J&T Slow,Fri Jul 31 2026 04:00:00 GMT-0300 (Brasilia Standard Time),2
EMR6,GM,J&T Slow,Wed Aug 05 2026 04:00:00 GMT-0300 (Brasilia Standard Time),2
EMR6,GM,J&T Slow,Thu Aug 06 2026 04:00:00 GMT-0300 (Brasilia Standard Time),1
EMR6,GM,J&T Slow,Fri Aug 07 2026 04:00:00 GMT-0300 (Brasilia Standard Time),1
EMR6,LARGE,Carvalima,Sat Jul 25 2026 04:00:00 GMT-0300 (Brasilia Standard Time),1
EMR6,LARGE,Carvalima,Mon Jul 27 2026 04:00:00 GMT-0300 (Brasilia Standard Time),1
EMR6,LARGE,J&T Slow,Fri Jul 31 2026 04:00:00 GMT-0300 (Brasilia Standard Time),1
EMR7,GM,Carvalima,Mon Jul 27 2026 04:00:00 GMT-0300 (Brasilia Standard Time),1
EMR7,GM,Carvalima,Wed Jul 29 2026 04:00:00 GMT-0300 (Brasilia Standard Time),1
EMR7,GM,Carvalima,Mon Aug 03 2026 04:00:00 GMT-0300 (Brasilia Standard Time),1
EMR7,GM,Carvalima,Thu Aug 06 2026 04:00:00 GMT-0300 (Brasilia Standard Time),1
EMR7,GM,J&T Slow,Sat Jul 25 2026 04:00:00 GMT-0300 (Brasilia Standard Time),1
EMR7,GM,J&T Slow,Mon Jul 27 2026 04:00:00 GMT-0300 (Brasilia Standard Time),6
EMR7,GM,J&T Slow,Wed Jul 29 2026 04:00:00 GMT-0300 (Brasilia Standard Time),2
EMR7,GM,J&T Slow,Thu Jul 30 2026 04:00:00 GMT-0300 (Brasilia Standard Time),2
EMR7,GM,J&T Slow,Sat Aug 01 2026 04:00:00 GMT-0300 (Brasilia Standard Time),1
EMR7,GM,J&T Slow,Mon Aug 03 2026 04:00:00 GMT-0300 (Brasilia Standard Time),3
EMR7,GM,J&T Slow,Tue Aug 04 2026 04:00:00 GMT-0300 (Brasilia Standard Time),1
EMR7,GM,J&T Slow,Thu Aug 06 2026 04:00:00 GMT-0300 (Brasilia Standard Time),6
EMR7,GM,J&T Slow,Fri Aug 07 2026 04:00:00 GMT-0300 (Brasilia Standard Time),1
EMR7,LARGE,Carvalima,Mon Jul 27 2026 04:00:00 GMT-0300 (Brasilia Standard Time),1
EMR7,OVERSIZE,Carvalima,Fri Aug 07 2026 04:00:00 GMT-0300 (Brasilia Standard Time),1
EMR8,GM,Carvalima,Mon Jul 27 2026 04:00:00 GMT-0300 (Brasilia Standard Time),2
EMR8,GM,Carvalima,Wed Jul 29 2026 04:00:00 GMT-0300 (Brasilia Standard Time),3
EMR8,GM,Carvalima,Thu Jul 30 2026 04:00:00 GMT-0300 (Brasilia Standard Time),9
EMR8,GM,Carvalima,Sat Aug 01 2026 04:00:00 GMT-0300 (Brasilia Standard Time),1
EMR8,GM,Carvalima,Wed Aug 05 2026 04:00:00 GMT-0300 (Brasilia Standard Time),5
EMR8,GM,Carvalima,Thu Aug 06 2026 04:00:00 GMT-0300 (Brasilia Standard Time),6
EMR8,GM,Carvalima,Fri Aug 07 2026 04:00:00 GMT-0300 (Brasilia Standard Time),1
EMR8,GM,J&T Slow,Thu Jul 30 2026 04:00:00 GMT-0300 (Brasilia Standard Time),1
EMR8,GM,J&T Slow,Fri Aug 07 2026 04:00:00 GMT-0300 (Brasilia Standard Time),1
EMR8,LARGE,Carvalima,Thu Jul 30 2026 04:00:00 GMT-0300 (Brasilia Standard Time),1
EMS10,LARGE,Carvalima,Tue Jul 28 2026 04:00:00 GMT-0300 (Brasilia Standard Time),1
EMS4,GM,Carvalima,Mon Aug 03 2026 04:00:00 GMT-0300 (Brasilia Standard Time),1
EMS4,GM,J&T Slow,Sat Aug 01 2026 04:00:00 GMT-0300 (Brasilia Standard Time),2
EMS4,GM,J&T Slow,Wed Aug 05 2026 04:00:00 GMT-0300 (Brasilia Standard Time),1
EMS4,LARGE,Carvalima,Mon Jul 27 2026 04:00:00 GMT-0300 (Brasilia Standard Time),1
EMS6,GM,J&T Slow,Mon Jul 27 2026 04:00:00 GMT-0300 (Brasilia Standard Time),2
EMS6,GM,J&T Slow,Thu Aug 06 2026 04:00:00 GMT-0300 (Brasilia Standard Time),1
EMS6,LARGE,Carvalima,Mon Jul 27 2026 04:00:00 GMT-0300 (Brasilia Standard Time),1
EMS7,GM,Carvalima,Mon Jul 27 2026 04:00:00 GMT-0300 (Brasilia Standard Time),1
EMS9,GM,J&T Slow,Mon Jul 27 2026 04:00:00 GMT-0300 (Brasilia Standard Time),2
EPA1,GM,J&T Fast,Fri Jul 31 2026 04:00:00 GMT-0300 (Brasilia Standard Time),2
EPA1,GM,J&T Fast,Mon Aug 03 2026 04:00:00 GMT-0300 (Brasilia Standard Time),1
EPA1,GM,J&T Fast,Fri Aug 07 2026 04:00:00 GMT-0300 (Brasilia Standard Time),1
EPA1,GM,J&T Slow,Fri Jul 24 2026 04:00:00 GMT-0300 (Brasilia Standard Time),2
EPA1,GM,J&T Slow,Mon Aug 03 2026 04:00:00 GMT-0300 (Brasilia Standard Time),5
EPA1,GM,Jad,Mon Jul 27 2026 04:00:00 GMT-0300 (Brasilia Standard Time),1
EPA1,GM,Jad,Thu Jul 30 2026 04:00:00 GMT-0300 (Brasilia Standard Time),1
EPA1,GM,Jad,Fri Jul 31 2026 04:00:00 GMT-0300 (Brasilia Standard Time),1
EPA1,LARGE,Carvalima,Sat Aug 01 2026 04:00:00 GMT-0300 (Brasilia Standard Time),1
EPA1,LARGE,Jad,Sat Jul 25 2026 04:00:00 GMT-0300 (Brasilia Standard Time),2
EPA1,LARGE,Jad,Fri Jul 31 2026 04:00:00 GMT-0300 (Brasilia Standard Time),3
EPA1,LARGE,Jad,Mon Aug 03 2026 04:00:00 GMT-0300 (Brasilia Standard Time),2
EPA1,OVERSIZE,Jad,Mon Jul 27 2026 04:00:00 GMT-0300 (Brasilia Standard Time),1
EPA2,GM,Imile Fast,Mon Aug 03 2026 04:00:00 GMT-0300 (Brasilia Standard Time),1
EPA2,GM,J&T Fast,Mon Jul 27 2026 04:00:00 GMT-0300 (Brasilia Standard Time),2
EPA2,GM,J&T Fast,Wed Jul 29 2026 04:00:00 GMT-0300 (Brasilia Standard Time),1
EPA2,LARGE,Carvalima,Mon Jul 27 2026 04:00:00 GMT-0300 (Brasilia Standard Time),1
EPA2,LARGE,J&T Fast,Mon Aug 03 2026 04:00:00 GMT-0300 (Brasilia Standard Time),2
EPA3,GM,Carvalima,Thu Jul 30 2026 04:00:00 GMT-0300 (Brasilia Standard Time),1
EPA3,GM,Carvalima,Fri Jul 31 2026 04:00:00 GMT-0300 (Brasilia Standard Time),1
EPA3,GM,Imile Fast,Sat Aug 01 2026 04:00:00 GMT-0300 (Brasilia Standard Time),1
EPA3,GM,Imile Fast,Tue Aug 04 2026 04:00:00 GMT-0300 (Brasilia Standard Time),1
EPA3,GM,Imile Fast,Thu Aug 06 2026 04:00:00 GMT-0300 (Brasilia Standard Time),1
EPA3,GM,J&T Fast,Sat Aug 01 2026 04:00:00 GMT-0300 (Brasilia Standard Time),1
EPA3,GM,J&T Fast,Thu Aug 06 2026 04:00:00 GMT-0300 (Brasilia Standard Time),1
EPA3,GM,J&T Slow,Tue Aug 04 2026 04:00:00 GMT-0300 (Brasilia Standard Time),1
EPA3,GM,J&T Slow,Thu Aug 06 2026 04:00:00 GMT-0300 (Brasilia Standard Time),1
EPA3,GM,J&T Slow,Sat Aug 08 2026 04:00:00 GMT-0300 (Brasilia Standard Time),1
EPA3,GM,J&T Slow,Mon Aug 10 2026 04:00:00 GMT-0300 (Brasilia Standard Time),2
EPA3,GM,Loggi,Mon Jul 27 2026 04:00:00 GMT-0300 (Brasilia Standard Time),1
EPA3,LARGE,Carvalima,Mon Jul 27 2026 04:00:00 GMT-0300 (Brasilia Standard Time),1
EPA3,LARGE,Carvalima,Tue Jul 28 2026 04:00:00 GMT-0300 (Brasilia Standard Time),1
EPA3,OVERSIZE,Carvalima,Thu Jul 30 2026 04:00:00 GMT-0300 (Brasilia Standard Time),1
EPA3,OVERSIZE,Carvalima,Mon Aug 03 2026 04:00:00 GMT-0300 (Brasilia Standard Time),1
EPA3,OVERSIZE,Carvalima,Wed Aug 05 2026 04:00:00 GMT-0300 (Brasilia Standard Time),1
EPA4,GM,Carvalima,Mon Aug 03 2026 04:00:00 GMT-0300 (Brasilia Standard Time),1
EPA4,GM,Imile Fast,Tue Jul 28 2026 04:00:00 GMT-0300 (Brasilia Standard Time),1
EPA4,GM,Imile Fast,Thu Jul 30 2026 04:00:00 GMT-0300 (Brasilia Standard Time),1
EPA4,GM,J&T Fast,Mon Jul 27 2026 04:00:00 GMT-0300 (Brasilia Standard Time),6
EPA4,GM,J&T Fast,Wed Jul 29 2026 04:00:00 GMT-0300 (Brasilia Standard Time),1
EPA4,GM,J&T Fast,Thu Jul 30 2026 04:00:00 GMT-0300 (Brasilia Standard Time),4
EPA4,GM,J&T Fast,Fri Jul 31 2026 04:00:00 GMT-0300 (Brasilia Standard Time),1
EPA4,GM,J&T Fast,Thu Aug 06 2026 04:00:00 GMT-0300 (Brasilia Standard Time),3
EPA4,GM,J&T Slow,Tue Jul 28 2026 04:00:00 GMT-0300 (Brasilia Standard Time),2
EPA4,GM,J&T Slow,Wed Jul 29 2026 04:00:00 GMT-0300 (Brasilia Standard Time),1
EPA4,GM,J&T Slow,Thu Jul 30 2026 04:00:00 GMT-0300 (Brasilia Standard Time),1
EPA4,GM,J&T Slow,Fri Aug 07 2026 04:00:00 GMT-0300 (Brasilia Standard Time),1
EPA4,GM,J&T Slow,Fri Aug 14 2026 04:00:00 GMT-0300 (Brasilia Standard Time),1
EPA4,LARGE,Carvalima,Thu Jul 30 2026 04:00:00 GMT-0300 (Brasilia Standard Time),1
EPA4,LARGE,Carvalima,Fri Jul 31 2026 04:00:00 GMT-0300 (Brasilia Standard Time),1
EPA4,LARGE,Carvalima,Sat Aug 01 2026 04:00:00 GMT-0300 (Brasilia Standard Time),1
EPA4,OVERSIZE,Carvalima,Thu Jul 30 2026 04:00:00 GMT-0300 (Brasilia Standard Time),1
EPA5,GM,Carvalima,Sat Jul 25 2026 04:00:00 GMT-0300 (Brasilia Standard Time),1
EPA5,GM,Carvalima,Mon Jul 27 2026 04:00:00 GMT-0300 (Brasilia Standard Time),2
EPA5,GM,Carvalima,Wed Jul 29 2026 04:00:00 GMT-0300 (Brasilia Standard Time),2
EPA5,GM,Carvalima,Fri Jul 31 2026 04:00:00 GMT-0300 (Brasilia Standard Time),2
EPA5,GM,Carvalima,Mon Aug 03 2026 04:00:00 GMT-0300 (Brasilia Standard Time),1
EPA5,GM,Carvalima,Fri Aug 07 2026 04:00:00 GMT-0300 (Brasilia Standard Time),1
EPA5,GM,Carvalima,Sat Aug 08 2026 04:00:00 GMT-0300 (Brasilia Standard Time),1
EPA5,GM,J&T Slow,Fri Jul 31 2026 04:00:00 GMT-0300 (Brasilia Standard Time),1
EPA5,GM,J&T Slow,Tue Aug 04 2026 04:00:00 GMT-0300 (Brasilia Standard Time),1
EPA5,GM,J&T Slow,Sat Aug 08 2026 04:00:00 GMT-0300 (Brasilia Standard Time),2
EPA5,LARGE,Carvalima,Fri Jul 31 2026 04:00:00 GMT-0300 (Brasilia Standard Time),1
EPA6,GM,Loggi,Mon Jul 27 2026 04:00:00 GMT-0300 (Brasilia Standard Time),1
EPA6,GM,Loggi,Thu Jul 30 2026 04:00:00 GMT-0300 (Brasilia Standard Time),1
EPA6,GM,Loggi,Mon Aug 03 2026 04:00:00 GMT-0300 (Brasilia Standard Time),1
EPA7,GM,Imile Fast,Thu Jul 30 2026 04:00:00 GMT-0300 (Brasilia Standard Time),1
EPA7,GM,Imile Fast,Fri Jul 31 2026 04:00:00 GMT-0300 (Brasilia Standard Time),1
EPA7,GM,Imile Fast,Mon Aug 03 2026 04:00:00 GMT-0300 (Brasilia Standard Time),1
EPA7,GM,Imile Fast,Fri Aug 07 2026 04:00:00 GMT-0300 (Brasilia Standard Time),1
EPA7,GM,Imile Fast,Fri Aug 14 2026 04:00:00 GMT-0300 (Brasilia Standard Time),1
EPA7,GM,Jad,Mon Jul 27 2026 04:00:00 GMT-0300 (Brasilia Standard Time),1
EPA7,GM,Jad,Tue Jul 28 2026 04:00:00 GMT-0300 (Brasilia Standard Time),2
EPA7,GM,Jad,Fri Jul 31 2026 04:00:00 GMT-0300 (Brasilia Standard Time),1
EPA7,GM,Jad,Fri Aug 07 2026 04:00:00 GMT-0300 (Brasilia Standard Time),1
EPA7,GM,Jad,Mon Aug 10 2026 04:00:00 GMT-0300 (Brasilia Standard Time),1
EPA7,LARGE,Jad,Fri Jul 31 2026 04:00:00 GMT-0300 (Brasilia Standard Time),2
EPA7,LARGE,Jad,Sat Aug 01 2026 04:00:00 GMT-0300 (Brasilia Standard Time),1
EPA7,OVERSIZE,Jad,Tue Jul 28 2026 04:00:00 GMT-0300 (Brasilia Standard Time),1
EPA8,GM,Carvalima,Fri Aug 07 2026 04:00:00 GMT-0300 (Brasilia Standard Time),1
EPA8,GM,J&T Fast,Sat Jul 25 2026 04:00:00 GMT-0300 (Brasilia Standard Time),1
EPA8,GM,J&T Fast,Mon Jul 27 2026 04:00:00 GMT-0300 (Brasilia Standard Time),1
EPA8,GM,J&T Slow,Mon Jul 27 2026 04:00:00 GMT-0300 (Brasilia Standard Time),1
EPA8,GM,J&T Slow,Sat Aug 08 2026 04:00:00 GMT-0300 (Brasilia Standard Time),2
EPA8,GM,Loggi,Mon Jul 27 2026 04:00:00 GMT-0300 (Brasilia Standard Time),1
EPA9,GM,Jad,Fri Jul 31 2026 04:00:00 GMT-0300 (Brasilia Standard Time),2
EPA9,GM,Jad,Wed Aug 05 2026 04:00:00 GMT-0300 (Brasilia Standard Time),1
EPA9,LARGE,Carvalima,Mon Jul 27 2026 04:00:00 GMT-0300 (Brasilia Standard Time),1
EPA9,LARGE,Jad,Fri Jul 31 2026 04:00:00 GMT-0300 (Brasilia Standard Time),1
EPE1,GM,J&T Fast,Fri Jul 24 2026 04:00:00 GMT-0300 (Brasilia Standard Time),3
EPE1,GM,J&T Fast,Sat Jul 25 2026 04:00:00 GMT-0300 (Brasilia Standard Time),1
EPE1,GM,J&T Fast,Wed Jul 29 2026 04:00:00 GMT-0300 (Brasilia Standard Time),2
EPE1,GM,J&T Fast,Thu Jul 30 2026 04:00:00 GMT-0300 (Brasilia Standard Time),2
EPE1,GM,J&T Slow,Tue Jul 28 2026 04:00:00 GMT-0300 (Brasilia Standard Time),3
EPE1,GM,J&T Slow,Wed Jul 29 2026 04:00:00 GMT-0300 (Brasilia Standard Time),5
EPE1,GM,J&T Slow,Thu Jul 30 2026 04:00:00 GMT-0300 (Brasilia Standard Time),1
EPE1,GM,J&T Slow,Wed Aug 05 2026 04:00:00 GMT-0300 (Brasilia Standard Time),2
EPE1,GM,J&T Slow,Thu Aug 06 2026 04:00:00 GMT-0300 (Brasilia Standard Time),2
EPE1,GM,J&T Slow,Mon Aug 10 2026 04:00:00 GMT-0300 (Brasilia Standard Time),1
EPE1,GM,Jad,Fri Jul 24 2026 04:00:00 GMT-0300 (Brasilia Standard Time),1
EPE1,GM,Jad,Sat Jul 25 2026 04:00:00 GMT-0300 (Brasilia Standard Time),2
EPE1,GM,Jad,Tue Jul 28 2026 04:00:00 GMT-0300 (Brasilia Standard Time),2
EPE1,GM,Jad,Wed Jul 29 2026 04:00:00 GMT-0300 (Brasilia Standard Time),1
EPE1,GM,Jad,Thu Jul 30 2026 04:00:00 GMT-0300 (Brasilia Standard Time),4
EPE1,GM,Jad,Fri Jul 31 2026 04:00:00 GMT-0300 (Brasilia Standard Time),1
EPE1,GM,Jad,Sat Aug 01 2026 04:00:00 GMT-0300 (Brasilia Standard Time),1
EPE1,GM,Jad,Wed Aug 05 2026 04:00:00 GMT-0300 (Brasilia Standard Time),2
EPE1,GM,Jad,Thu Aug 06 2026 04:00:00 GMT-0300 (Brasilia Standard Time),1
EPE1,LARGE,Jad,Tue Jul 28 2026 04:00:00 GMT-0300 (Brasilia Standard Time),1
EPE1,OVERSIZE,Jad,Thu Jul 30 2026 04:00:00 GMT-0300 (Brasilia Standard Time),1
EPE1,OVERSIZE,Jad,Fri Jul 31 2026 04:00:00 GMT-0300 (Brasilia Standard Time),1
EPE1,OVERSIZE,Jad,Sat Aug 01 2026 04:00:00 GMT-0300 (Brasilia Standard Time),1
EPE1,OVERSIZE,Jad,Tue Aug 04 2026 04:00:00 GMT-0300 (Brasilia Standard Time),2
EPE1,OVERSIZE,Jad,Thu Aug 06 2026 04:00:00 GMT-0300 (Brasilia Standard Time),2
EPE1,OVERSIZE,Jad,Fri Aug 07 2026 04:00:00 GMT-0300 (Brasilia Standard Time),1
EPE2,GM,J&T Fast,Sat Jul 25 2026 04:00:00 GMT-0300 (Brasilia Standard Time),1
EPE2,GM,J&T Fast,Thu Jul 30 2026 04:00:00 GMT-0300 (Brasilia Standard Time),1
EPE2,GM,J&T Fast,Tue Aug 04 2026 04:00:00 GMT-0300 (Brasilia Standard Time),1
EPE2,GM,J&T Fast,Wed Aug 05 2026 04:00:00 GMT-0300 (Brasilia Standard Time),1
EPE2,GM,J&T Slow,Tue Jul 28 2026 04:00:00 GMT-0300 (Brasilia Standard Time),1
EPE2,GM,J&T Slow,Wed Jul 29 2026 04:00:00 GMT-0300 (Brasilia Standard Time),2
EPE2,GM,J&T Slow,Thu Jul 30 2026 04:00:00 GMT-0300 (Brasilia Standard Time),2
EPE2,GM,J&T Slow,Tue Aug 04 2026 04:00:00 GMT-0300 (Brasilia Standard Time),1
EPE2,GM,J&T Slow,Wed Aug 05 2026 04:00:00 GMT-0300 (Brasilia Standard Time),2
EPE2,GM,Jad,Tue Jul 28 2026 04:00:00 GMT-0300 (Brasilia Standard Time),1
EPE2,GM,Jad,Sat Aug 01 2026 04:00:00 GMT-0300 (Brasilia Standard Time),2
EPE2,GM,Loggi,Fri Jul 24 2026 04:00:00 GMT-0300 (Brasilia Standard Time),1
EPE2,LARGE,Jad,Fri Aug 07 2026 04:00:00 GMT-0300 (Brasilia Standard Time),2
EPE3,GM,J&T Slow,Wed Jul 29 2026 04:00:00 GMT-0300 (Brasilia Standard Time),1
EPE3,GM,J&T Slow,Tue Aug 04 2026 04:00:00 GMT-0300 (Brasilia Standard Time),1
EPE3,GM,Jad,Fri Jul 24 2026 04:00:00 GMT-0300 (Brasilia Standard Time),1
EPE3,GM,Jad,Wed Jul 29 2026 04:00:00 GMT-0300 (Brasilia Standard Time),2
EPE3,GM,Jad,Fri Jul 31 2026 04:00:00 GMT-0300 (Brasilia Standard Time),1
EPE3,GM,Jad,Sat Aug 01 2026 04:00:00 GMT-0300 (Brasilia Standard Time),2
EPE3,GM,Jad,Tue Aug 04 2026 04:00:00 GMT-0300 (Brasilia Standard Time),1
EPE3,GM,Jad,Thu Aug 06 2026 04:00:00 GMT-0300 (Brasilia Standard Time),1
EPE3,LARGE,Jad,Tue Aug 04 2026 04:00:00 GMT-0300 (Brasilia Standard Time),1
EPE3,LARGE,Jad,Thu Aug 06 2026 04:00:00 GMT-0300 (Brasilia Standard Time),1
EPE3,OVERSIZE,Jad,Tue Jul 28 2026 04:00:00 GMT-0300 (Brasilia Standard Time),1
EPE3,OVERSIZE,Jad,Fri Aug 07 2026 04:00:00 GMT-0300 (Brasilia Standard Time),1
EPE4,GM,J&T Fast,Tue Aug 04 2026 04:00:00 GMT-0300 (Brasilia Standard Time),1
EPE4,GM,J&T Slow,Sat Jul 25 2026 04:00:00 GMT-0300 (Brasilia Standard Time),2
EPE4,GM,J&T Slow,Mon Jul 27 2026 04:00:00 GMT-0300 (Brasilia Standard Time),1
EPE4,GM,J&T Slow,Tue Jul 28 2026 04:00:00 GMT-0300 (Brasilia Standard Time),2
EPE4,GM,J&T Slow,Thu Jul 30 2026 04:00:00 GMT-0300 (Brasilia Standard Time),1
EPE4,GM,Jad,Thu Jul 30 2026 04:00:00 GMT-0300 (Brasilia Standard Time),1
EPE4,GM,Loggi,Tue Jul 28 2026 04:00:00 GMT-0300 (Brasilia Standard Time),1
EPE4,GM,Loggi,Thu Jul 30 2026 04:00:00 GMT-0300 (Brasilia Standard Time),1
EPE4,LARGE,Jad,Tue Jul 28 2026 04:00:00 GMT-0300 (Brasilia Standard Time),1
EPE4,LARGE,Jad,Fri Jul 31 2026 04:00:00 GMT-0300 (Brasilia Standard Time),1
EPE4,LARGE,Jad,Mon Aug 03 2026 04:00:00 GMT-0300 (Brasilia Standard Time),2
EPE4,LARGE,Loggi,Fri Jul 31 2026 04:00:00 GMT-0300 (Brasilia Standard Time),1
EPE5,GM,J&T Fast,Thu Jul 30 2026 04:00:00 GMT-0300 (Brasilia Standard Time),1
EPE5,GM,J&T Slow,Mon Jul 27 2026 04:00:00 GMT-0300 (Brasilia Standard Time),1
EPE5,GM,J&T Slow,Fri Jul 31 2026 04:00:00 GMT-0300 (Brasilia Standard Time),1
EPE5,GM,J&T Slow,Sat Aug 01 2026 04:00:00 GMT-0300 (Brasilia Standard Time),1
EPE5,GM,J&T Slow,Mon Aug 10 2026 04:00:00 GMT-0300 (Brasilia Standard Time),2
EPE5,GM,Jad,Fri Jul 31 2026 04:00:00 GMT-0300 (Brasilia Standard Time),1
EPE5,GM,Jad,Mon Aug 03 2026 04:00:00 GMT-0300 (Brasilia Standard Time),1
EPE5,LARGE,J&T Slow,Sat Aug 01 2026 04:00:00 GMT-0300 (Brasilia Standard Time),1
EPE5,LARGE,Jad,Fri Aug 07 2026 04:00:00 GMT-0300 (Brasilia Standard Time),1
EPE5,OVERSIZE,Jad,Sat Aug 01 2026 04:00:00 GMT-0300 (Brasilia Standard Time),1
EPI1,GM,Imile Fast,Wed Jul 29 2026 04:00:00 GMT-0300 (Brasilia Standard Time),1
EPI1,GM,Imile Fast,Mon Aug 03 2026 04:00:00 GMT-0300 (Brasilia Standard Time),2
EPI1,GM,Imile Fast,Tue Aug 04 2026 04:00:00 GMT-0300 (Brasilia Standard Time),3
EPI1,GM,Imile Fast,Wed Aug 05 2026 04:00:00 GMT-0300 (Brasilia Standard Time),1
EPI1,GM,Imile Fast,Thu Aug 06 2026 04:00:00 GMT-0300 (Brasilia Standard Time),2
EPI1,GM,Imile Fast,Fri Aug 07 2026 04:00:00 GMT-0300 (Brasilia Standard Time),1
EPI1,GM,Imile Fast,Sat Aug 08 2026 04:00:00 GMT-0300 (Brasilia Standard Time),1
EPI1,GM,Imile Fast,Sat Aug 15 2026 04:00:00 GMT-0300 (Brasilia Standard Time),1
EPI1,GM,Imile Slow,Mon Aug 03 2026 04:00:00 GMT-0300 (Brasilia Standard Time),1
EPI1,GM,Imile Slow,Fri Aug 21 2026 04:00:00 GMT-0300 (Brasilia Standard Time),1
EPI1,GM,J&T Fast,Tue Jul 28 2026 04:00:00 GMT-0300 (Brasilia Standard Time),1
EPI1,GM,J&T Slow,Mon Jul 27 2026 04:00:00 GMT-0300 (Brasilia Standard Time),1
EPI1,GM,J&T Slow,Tue Aug 04 2026 04:00:00 GMT-0300 (Brasilia Standard Time),1
EPI1,GM,Jad,Mon Jul 27 2026 04:00:00 GMT-0300 (Brasilia Standard Time),1
EPI1,GM,Jad,Sat Aug 01 2026 04:00:00 GMT-0300 (Brasilia Standard Time),1
EPI1,GM,Jad,Tue Aug 04 2026 04:00:00 GMT-0300 (Brasilia Standard Time),2
EPI1,GM,Jad,Sat Aug 15 2026 04:00:00 GMT-0300 (Brasilia Standard Time),1
EPI1,LARGE,Imile Fast,Sat Aug 22 2026 04:00:00 GMT-0300 (Brasilia Standard Time),1
EPI1,LARGE,Jad,Tue Jul 28 2026 04:00:00 GMT-0300 (Brasilia Standard Time),1
EPI1,OVERSIZE,Jad,Mon Aug 03 2026 04:00:00 GMT-0300 (Brasilia Standard Time),1
EPI2,GM,J&T Slow,Wed Aug 05 2026 04:00:00 GMT-0300 (Brasilia Standard Time),1
EPI2,GM,J&T Slow,Wed Aug 19 2026 04:00:00 GMT-0300 (Brasilia Standard Time),1
EPI2,GM,Jad,Wed Aug 05 2026 04:00:00 GMT-0300 (Brasilia Standard Time),1
EPI2,LARGE,Imile Fast,Thu Jul 30 2026 04:00:00 GMT-0300 (Brasilia Standard Time),1
EPI2,LARGE,Imile Fast,Fri Aug 14 2026 04:00:00 GMT-0300 (Brasilia Standard Time),1
EPI2,LARGE,Jad,Fri Jul 31 2026 04:00:00 GMT-0300 (Brasilia Standard Time),1
EPI2,OVERSIZE,Jad,Sat Jul 25 2026 04:00:00 GMT-0300 (Brasilia Standard Time),1
EPI3,GM,Imile Fast,Fri Jul 24 2026 04:00:00 GMT-0300 (Brasilia Standard Time),1
EPI3,GM,Imile Fast,Thu Jul 30 2026 04:00:00 GMT-0300 (Brasilia Standard Time),3
EPI3,GM,Imile Fast,Fri Jul 31 2026 04:00:00 GMT-0300 (Brasilia Standard Time),2
EPI3,GM,Imile Fast,Sat Aug 01 2026 04:00:00 GMT-0300 (Brasilia Standard Time),1
EPI3,GM,Imile Slow,Fri Jul 24 2026 04:00:00 GMT-0300 (Brasilia Standard Time),1
EPI3,GM,Imile Slow,Thu Aug 06 2026 04:00:00 GMT-0300 (Brasilia Standard Time),1
EPI3,GM,Imile Slow,Fri Aug 07 2026 04:00:00 GMT-0300 (Brasilia Standard Time),1
EPI3,GM,Imile Slow,Mon Aug 17 2026 04:00:00 GMT-0300 (Brasilia Standard Time),1
EPI3,GM,J&T Fast,Sat Aug 01 2026 04:00:00 GMT-0300 (Brasilia Standard Time),1
EPI3,GM,J&T Slow,Thu Jul 30 2026 04:00:00 GMT-0300 (Brasilia Standard Time),1
EPI3,GM,J&T Slow,Wed Aug 19 2026 04:00:00 GMT-0300 (Brasilia Standard Time),1
EPI3,LARGE,Dominalog,Sat Jul 25 2026 04:00:00 GMT-0300 (Brasilia Standard Time),1
EPI3,LARGE,J&T Fast,Fri Jul 31 2026 04:00:00 GMT-0300 (Brasilia Standard Time),1
EPI4,GM,Imile Fast,Fri Aug 07 2026 04:00:00 GMT-0300 (Brasilia Standard Time),1
EPI4,GM,J&T Slow,Mon Aug 10 2026 04:00:00 GMT-0300 (Brasilia Standard Time),1
EPI4,GM,J&T Slow,Tue Aug 11 2026 04:00:00 GMT-0300 (Brasilia Standard Time),1
EPI4,GM,Jad,Thu Jul 30 2026 04:00:00 GMT-0300 (Brasilia Standard Time),1
EPI4,GM,Jad,Thu Aug 06 2026 04:00:00 GMT-0300 (Brasilia Standard Time),1
EPI4,GM,Jad,Fri Aug 07 2026 04:00:00 GMT-0300 (Brasilia Standard Time),1
EPI4,LARGE,J&T Fast,Fri Jul 31 2026 04:00:00 GMT-0300 (Brasilia Standard Time),1
EPI4,LARGE,Jad,Sat Jul 25 2026 04:00:00 GMT-0300 (Brasilia Standard Time),1
EPI5,GM,Imile Fast,Sat Jul 25 2026 04:00:00 GMT-0300 (Brasilia Standard Time),1
EPI5,GM,Imile Fast,Thu Aug 06 2026 04:00:00 GMT-0300 (Brasilia Standard Time),2
EPI5,GM,Imile Fast,Fri Aug 07 2026 04:00:00 GMT-0300 (Brasilia Standard Time),1
EPI5,GM,Imile Slow,Wed Jul 22 2026 04:00:00 GMT-0300 (Brasilia Standard Time),1
EPI5,GM,Imile Slow,Thu Aug 06 2026 04:00:00 GMT-0300 (Brasilia Standard Time),1
EPI5,GM,J&T Slow,Thu Aug 13 2026 04:00:00 GMT-0300 (Brasilia Standard Time),1
EPI5,GM,Jad,Mon Jul 27 2026 04:00:00 GMT-0300 (Brasilia Standard Time),1
EPI5,GM,Jad,Mon Aug 03 2026 04:00:00 GMT-0300 (Brasilia Standard Time),1
EPI5,GM,Loggi,Tue Aug 04 2026 04:00:00 GMT-0300 (Brasilia Standard Time),1
EPI5,LARGE,Jad,Mon Jul 27 2026 04:00:00 GMT-0300 (Brasilia Standard Time),1
EPI5,LARGE,Jad,Thu Jul 30 2026 04:00:00 GMT-0300 (Brasilia Standard Time),1
EPI5,LARGE,Jad,Sat Aug 01 2026 04:00:00 GMT-0300 (Brasilia Standard Time),1
EPI5,OVERSIZE,Jad,Fri Jul 31 2026 04:00:00 GMT-0300 (Brasilia Standard Time),1
EPI6,GM,J&T Fast,Fri Jul 24 2026 04:00:00 GMT-0300 (Brasilia Standard Time),1
EPI6,GM,J&T Fast,Tue Aug 04 2026 04:00:00 GMT-0300 (Brasilia Standard Time),1
EPI6,GM,J&T Fast,Wed Aug 05 2026 04:00:00 GMT-0300 (Brasilia Standard Time),2
EPI6,GM,J&T Slow,Fri Jul 24 2026 04:00:00 GMT-0300 (Brasilia Standard Time),1
EPI6,GM,J&T Slow,Tue Jul 28 2026 04:00:00 GMT-0300 (Brasilia Standard Time),1
EPI6,GM,J&T Slow,Thu Jul 30 2026 04:00:00 GMT-0300 (Brasilia Standard Time),1
EPI6,GM,J&T Slow,Sat Aug 01 2026 04:00:00 GMT-0300 (Brasilia Standard Time),1
EPI6,GM,J&T Slow,Thu Aug 06 2026 04:00:00 GMT-0300 (Brasilia Standard Time),2
EPI6,GM,Jad,Thu Jul 30 2026 04:00:00 GMT-0300 (Brasilia Standard Time),1
EPI6,OVERSIZE,Jad,Fri Jul 31 2026 04:00:00 GMT-0300 (Brasilia Standard Time),1
EPI7,GM,J&T Slow,Thu Aug 20 2026 04:00:00 GMT-0300 (Brasilia Standard Time),1
EPI7,GM,Jad,Thu Aug 06 2026 04:00:00 GMT-0300 (Brasilia Standard Time),1
EPI7,LARGE,Jad,Mon Jul 27 2026 04:00:00 GMT-0300 (Brasilia Standard Time),1
EPI7,OVERSIZE,Jad,Mon Aug 03 2026 04:00:00 GMT-0300 (Brasilia Standard Time),1
EPR10,GM,J&T Slow,Fri Jul 31 2026 04:00:00 GMT-0300 (Brasilia Standard Time),1
EPR10,GM,J&T Slow,Tue Aug 04 2026 04:00:00 GMT-0300 (Brasilia Standard Time),1
EPR11,LARGE,Jad,Wed Jul 29 2026 04:00:00 GMT-0300 (Brasilia Standard Time),1
EPR12,LARGE,Jad,Wed Jul 29 2026 04:00:00 GMT-0300 (Brasilia Standard Time),1
EPR13,GM,J&T Slow,Tue Jul 28 2026 04:00:00 GMT-0300 (Brasilia Standard Time),1
EPR13,GM,J&T Slow,Thu Jul 30 2026 04:00:00 GMT-0300 (Brasilia Standard Time),1
EPR13,GM,Loggi,Wed Jul 29 2026 04:00:00 GMT-0300 (Brasilia Standard Time),1
EPR13,GM,Loggi,Fri Jul 31 2026 04:00:00 GMT-0300 (Brasilia Standard Time),1
EPR13,LARGE,Jad,Mon Jul 27 2026 04:00:00 GMT-0300 (Brasilia Standard Time),1
EPR13,LARGE,Jad,Wed Jul 29 2026 04:00:00 GMT-0300 (Brasilia Standard Time),1
EPR14,GM,J&T Slow,Sat Jul 25 2026 04:00:00 GMT-0300 (Brasilia Standard Time),1
EPR14,GM,J&T Slow,Tue Jul 28 2026 04:00:00 GMT-0300 (Brasilia Standard Time),1
EPR14,GM,J&T Slow,Wed Jul 29 2026 04:00:00 GMT-0300 (Brasilia Standard Time),1
EPR14,GM,J&T Slow,Thu Jul 30 2026 04:00:00 GMT-0300 (Brasilia Standard Time),2
EPR14,GM,J&T Slow,Mon Aug 03 2026 04:00:00 GMT-0300 (Brasilia Standard Time),1
EPR14,GM,J&T Slow,Tue Aug 04 2026 04:00:00 GMT-0300 (Brasilia Standard Time),1
EPR14,GM,J&T Slow,Thu Aug 06 2026 04:00:00 GMT-0300 (Brasilia Standard Time),1
EPR3,GM,J&T Slow,Tue Jul 21 2026 04:00:00 GMT-0300 (Brasilia Standard Time),1
EPR3,GM,J&T Slow,Fri Jul 31 2026 04:00:00 GMT-0300 (Brasilia Standard Time),1
EPR3,GM,J&T Slow,Wed Aug 05 2026 04:00:00 GMT-0300 (Brasilia Standard Time),2
EPR3,GM,Jad,Fri Jul 24 2026 04:00:00 GMT-0300 (Brasilia Standard Time),1
EPR3,GM,Loggi,Fri Jul 31 2026 04:00:00 GMT-0300 (Brasilia Standard Time),1
EPR4,GM,J&T Slow,Wed Jul 22 2026 04:00:00 GMT-0300 (Brasilia Standard Time),1
EPR4,GM,J&T Slow,Fri Jul 31 2026 04:00:00 GMT-0300 (Brasilia Standard Time),2
EPR4,GM,J&T Slow,Mon Aug 03 2026 04:00:00 GMT-0300 (Brasilia Standard Time),4
EPR4,GM,J&T Slow,Wed Aug 05 2026 04:00:00 GMT-0300 (Brasilia Standard Time),1
EPR4,GM,J&T Slow,Mon Aug 10 2026 04:00:00 GMT-0300 (Brasilia Standard Time),1
EPR4,GM,Jad,Wed Jul 22 2026 04:00:00 GMT-0300 (Brasilia Standard Time),1
EPR4,GM,Jad,Sat Jul 25 2026 04:00:00 GMT-0300 (Brasilia Standard Time),1
EPR4,GM,Jad,Fri Jul 31 2026 04:00:00 GMT-0300 (Brasilia Standard Time),2
EPR4,GM,Jad,Sat Aug 01 2026 04:00:00 GMT-0300 (Brasilia Standard Time),1
EPR4,GM,Jad,Mon Aug 03 2026 04:00:00 GMT-0300 (Brasilia Standard Time),8
EPR4,GM,Jad,Tue Aug 04 2026 04:00:00 GMT-0300 (Brasilia Standard Time),1
EPR4,GM,Jad,Thu Aug 06 2026 04:00:00 GMT-0300 (Brasilia Standard Time),4
EPR4,GM,Jad,Fri Aug 07 2026 04:00:00 GMT-0300 (Brasilia Standard Time),2
EPR4,GM,Jad,Mon Aug 10 2026 04:00:00 GMT-0300 (Brasilia Standard Time),1
EPR4,GM,Loggi,Wed Jul 22 2026 04:00:00 GMT-0300 (Brasilia Standard Time),1
EPR4,GM,Loggi,Thu Jul 23 2026 04:00:00 GMT-0300 (Brasilia Standard Time),1
EPR4,GM,Loggi,Sat Jul 25 2026 04:00:00 GMT-0300 (Brasilia Standard Time),1
EPR4,GM,Loggi,Mon Jul 27 2026 04:00:00 GMT-0300 (Brasilia Standard Time),2
EPR4,GM,Loggi,Wed Jul 29 2026 04:00:00 GMT-0300 (Brasilia Standard Time),1
EPR4,GM,Loggi,Thu Jul 30 2026 04:00:00 GMT-0300 (Brasilia Standard Time),1
EPR4,GM,Loggi,Sat Aug 01 2026 04:00:00 GMT-0300 (Brasilia Standard Time),1
EPR4,GM,Loggi,Mon Aug 03 2026 04:00:00 GMT-0300 (Brasilia Standard Time),9
EPR4,GM,Loggi,Tue Aug 04 2026 04:00:00 GMT-0300 (Brasilia Standard Time),3
EPR4,GM,Loggi,Thu Aug 06 2026 04:00:00 GMT-0300 (Brasilia Standard Time),1
EPR4,GM,Loggi,Fri Aug 07 2026 04:00:00 GMT-0300 (Brasilia Standard Time),2
EPR4,GM,Loggi,Mon Aug 10 2026 04:00:00 GMT-0300 (Brasilia Standard Time),3
EPR4,GM,Loggi,Mon Aug 17 2026 04:00:00 GMT-0300 (Brasilia Standard Time),1
EPR4,LARGE,Jad,Tue Aug 18 2026 04:00:00 GMT-0300 (Brasilia Standard Time),1
EPR4,LARGE,Loggi,Thu Aug 13 2026 04:00:00 GMT-0300 (Brasilia Standard Time),1
EPR4,LARGE,Loggi,Fri Aug 14 2026 04:00:00 GMT-0300 (Brasilia Standard Time),1
EPR5,GM,J&T Slow,Sat Jul 25 2026 04:00:00 GMT-0300 (Brasilia Standard Time),2
EPR6,GM,J&T Slow,Wed Jul 22 2026 04:00:00 GMT-0300 (Brasilia Standard Time),1
EPR6,GM,J&T Slow,Fri Jul 24 2026 04:00:00 GMT-0300 (Brasilia Standard Time),1
EPR6,GM,J&T Slow,Sat Jul 25 2026 04:00:00 GMT-0300 (Brasilia Standard Time),2
EPR6,GM,J&T Slow,Mon Jul 27 2026 04:00:00 GMT-0300 (Brasilia Standard Time),1
EPR6,GM,J&T Slow,Fri Jul 31 2026 04:00:00 GMT-0300 (Brasilia Standard Time),2
EPR6,GM,J&T Slow,Sat Aug 01 2026 04:00:00 GMT-0300 (Brasilia Standard Time),1
EPR6,GM,J&T Slow,Mon Aug 03 2026 04:00:00 GMT-0300 (Brasilia Standard Time),3
EPR6,GM,J&T Slow,Wed Aug 05 2026 04:00:00 GMT-0300 (Brasilia Standard Time),1
EPR6,GM,J&T Slow,Fri Aug 07 2026 04:00:00 GMT-0300 (Brasilia Standard Time),1
EPR6,GM,J&T Slow,Mon Aug 10 2026 04:00:00 GMT-0300 (Brasilia Standard Time),1
EPR6,GM,Jad,Mon Aug 03 2026 04:00:00 GMT-0300 (Brasilia Standard Time),1
EPR6,GM,Jad,Mon Aug 10 2026 04:00:00 GMT-0300 (Brasilia Standard Time),1
EPR6,GM,Loggi,Wed Jul 22 2026 04:00:00 GMT-0300 (Brasilia Standard Time),2
EPR6,GM,Loggi,Thu Jul 23 2026 04:00:00 GMT-0300 (Brasilia Standard Time),1
EPR6,GM,Loggi,Mon Jul 27 2026 04:00:00 GMT-0300 (Brasilia Standard Time),1
EPR6,GM,Loggi,Wed Jul 29 2026 04:00:00 GMT-0300 (Brasilia Standard Time),1
EPR6,GM,Loggi,Mon Aug 03 2026 04:00:00 GMT-0300 (Brasilia Standard Time),2
EPR6,GM,Loggi,Mon Aug 10 2026 04:00:00 GMT-0300 (Brasilia Standard Time),1
EPR7,GM,J&T Slow,Thu Jul 30 2026 04:00:00 GMT-0300 (Brasilia Standard Time),1
EPR7,GM,J&T Slow,Fri Jul 31 2026 04:00:00 GMT-0300 (Brasilia Standard Time),5
EPR7,GM,J&T Slow,Wed Aug 05 2026 04:00:00 GMT-0300 (Brasilia Standard Time),1
EPR7,GM,Loggi,Tue Jul 28 2026 04:00:00 GMT-0300 (Brasilia Standard Time),1
EPR7,GM,Loggi,Thu Jul 30 2026 04:00:00 GMT-0300 (Brasilia Standard Time),1
EPR7,GM,Loggi,Fri Jul 31 2026 04:00:00 GMT-0300 (Brasilia Standard Time),2
EPR7,GM,Loggi,Sat Aug 01 2026 04:00:00 GMT-0300 (Brasilia Standard Time),1
EPR8,GM,J&T Slow,Wed Jul 29 2026 04:00:00 GMT-0300 (Brasilia Standard Time),1
EPR8,GM,J&T Slow,Wed Aug 05 2026 04:00:00 GMT-0300 (Brasilia Standard Time),4
EPR8,GM,J&T Slow,Fri Aug 07 2026 04:00:00 GMT-0300 (Brasilia Standard Time),1
EPR8,GM,Loggi,Sat Jul 25 2026 04:00:00 GMT-0300 (Brasilia Standard Time),1
EPR9,GM,J&T Slow,Wed Aug 05 2026 04:00:00 GMT-0300 (Brasilia Standard Time),1
EPR9,GM,Jad,Wed Aug 05 2026 04:00:00 GMT-0300 (Brasilia Standard Time),1
ERD1,GM,Imile Fast,Tue Jul 28 2026 04:00:00 GMT-0300 (Brasilia Standard Time),1
ERD1,GM,Imile Slow,Thu Aug 20 2026 04:00:00 GMT-0300 (Brasilia Standard Time),1
ERD1,GM,J&T Nodos,Sat Jul 25 2026 04:00:00 GMT-0300 (Brasilia Standard Time),5
ERD1,GM,J&T Nodos,Wed Jul 29 2026 04:00:00 GMT-0300 (Brasilia Standard Time),1
ERD1,GM,J&T Nodos,Thu Jul 30 2026 04:00:00 GMT-0300 (Brasilia Standard Time),10
ERD1,GM,J&T Slow,Mon Jul 27 2026 04:00:00 GMT-0300 (Brasilia Standard Time),1
ERD1,GM,J&T Slow,Wed Aug 05 2026 04:00:00 GMT-0300 (Brasilia Standard Time),1
ERD1,GM,J&T Slow,Thu Aug 06 2026 04:00:00 GMT-0300 (Brasilia Standard Time),1
ERD1,GM,J&T Slow,Fri Aug 07 2026 04:00:00 GMT-0300 (Brasilia Standard Time),1
ERD1,LARGE,Imile Fast,Fri Aug 21 2026 04:00:00 GMT-0300 (Brasilia Standard Time),1
ERD2,GM,Carvalima,Sat Jul 25 2026 04:00:00 GMT-0300 (Brasilia Standard Time),1
ERD2,GM,Carvalima,Fri Jul 31 2026 04:00:00 GMT-0300 (Brasilia Standard Time),1
ERD2,GM,Imile Fast,Fri Jul 31 2026 04:00:00 GMT-0300 (Brasilia Standard Time),1
ERD2,GM,J&T Nodos,Tue Jul 28 2026 04:00:00 GMT-0300 (Brasilia Standard Time),1
ERD2,GM,J&T Nodos,Sat Aug 01 2026 04:00:00 GMT-0300 (Brasilia Standard Time),1
ERD2,GM,Loggi,Mon Jul 27 2026 04:00:00 GMT-0300 (Brasilia Standard Time),1
ERD2,GM,Loggi,Tue Jul 28 2026 04:00:00 GMT-0300 (Brasilia Standard Time),1
ERD2,LARGE,Carvalima,Wed Jul 29 2026 04:00:00 GMT-0300 (Brasilia Standard Time),2
ERD3,GM,Carvalima,Mon Jul 27 2026 04:00:00 GMT-0300 (Brasilia Standard Time),1
ERD3,GM,Carvalima,Wed Jul 29 2026 04:00:00 GMT-0300 (Brasilia Standard Time),1
ERD3,GM,J&T Nodos,Mon Jul 27 2026 04:00:00 GMT-0300 (Brasilia Standard Time),1
ERD3,GM,J&T Nodos,Thu Jul 30 2026 04:00:00 GMT-0300 (Brasilia Standard Time),3
ERD3,GM,J&T Nodos,Fri Jul 31 2026 04:00:00 GMT-0300 (Brasilia Standard Time),5
ERD3,GM,J&T Slow,Tue Aug 04 2026 04:00:00 GMT-0300 (Brasilia Standard Time),1
ERD3,GM,J&T Slow,Fri Aug 07 2026 04:00:00 GMT-0300 (Brasilia Standard Time),2
ERD4,GM,Carvalima,Wed Jul 22 2026 04:00:00 GMT-0300 (Brasilia Standard Time),1
ERD4,GM,J&T Nodos,Tue Jul 21 2026 04:00:00 GMT-0300 (Brasilia Standard Time),1
ERD4,GM,J&T Nodos,Mon Jul 27 2026 04:00:00 GMT-0300 (Brasilia Standard Time),6
ERD4,GM,J&T Nodos,Thu Jul 30 2026 04:00:00 GMT-0300 (Brasilia Standard Time),2
ERD4,GM,J&T Nodos,Fri Jul 31 2026 04:00:00 GMT-0300 (Brasilia Standard Time),6
ERD4,LARGE,Carvalima,Fri Jul 31 2026 04:00:00 GMT-0300 (Brasilia Standard Time),1
ERD5,GM,J&T Slow,Wed Aug 19 2026 04:00:00 GMT-0300 (Brasilia Standard Time),1
ERJ1,GM,J&T Fast,Sat Aug 01 2026 04:00:00 GMT-0300 (Brasilia Standard Time),1
ERJ1,GM,J&T Fast,Tue Aug 04 2026 04:00:00 GMT-0300 (Brasilia Standard Time),1
ERJ1,GM,J&T Fast,Tue Aug 11 2026 04:00:00 GMT-0300 (Brasilia Standard Time),1
ERJ1,GM,J&T Slow,Tue Jul 28 2026 04:00:00 GMT-0300 (Brasilia Standard Time),1
ERJ1,GM,J&T Slow,Tue Aug 11 2026 04:00:00 GMT-0300 (Brasilia Standard Time),1
ERJ1,GM,Loggi,Wed Jul 22 2026 04:00:00 GMT-0300 (Brasilia Standard Time),1
ERJ1,GM,Loggi,Thu Jul 23 2026 04:00:00 GMT-0300 (Brasilia Standard Time),2
ERJ1,GM,Loggi,Sat Jul 25 2026 04:00:00 GMT-0300 (Brasilia Standard Time),3
ERJ1,GM,Loggi,Tue Jul 28 2026 04:00:00 GMT-0300 (Brasilia Standard Time),3
ERJ1,GM,Loggi,Wed Jul 29 2026 04:00:00 GMT-0300 (Brasilia Standard Time),1
ERJ1,GM,Loggi,Thu Jul 30 2026 04:00:00 GMT-0300 (Brasilia Standard Time),1
ERJ1,GM,Loggi,Fri Jul 31 2026 04:00:00 GMT-0300 (Brasilia Standard Time),3
ERJ1,GM,Loggi,Sat Aug 01 2026 04:00:00 GMT-0300 (Brasilia Standard Time),3
ERJ1,GM,Loggi,Mon Aug 03 2026 04:00:00 GMT-0300 (Brasilia Standard Time),2
ERJ1,GM,Loggi,Tue Aug 04 2026 04:00:00 GMT-0300 (Brasilia Standard Time),4
ERJ1,GM,Loggi,Fri Aug 07 2026 04:00:00 GMT-0300 (Brasilia Standard Time),2
ERJ1,LARGE,Loggi,Thu Jul 30 2026 04:00:00 GMT-0300 (Brasilia Standard Time),1
ERJ1,LARGE,Loggi,Tue Aug 04 2026 04:00:00 GMT-0300 (Brasilia Standard Time),1
ERJ1,OVERSIZE,Jad,Fri Jul 31 2026 04:00:00 GMT-0300 (Brasilia Standard Time),1
ERJ1,OVERSIZE,Jad,Tue Aug 04 2026 04:00:00 GMT-0300 (Brasilia Standard Time),1
ERJ2,GM,J&T Fast,Mon Aug 03 2026 04:00:00 GMT-0300 (Brasilia Standard Time),2
ERJ2,GM,J&T Fast,Mon Aug 10 2026 04:00:00 GMT-0300 (Brasilia Standard Time),1
ERJ2,GM,J&T Slow,Thu Jul 23 2026 04:00:00 GMT-0300 (Brasilia Standard Time),3
ERJ2,GM,J&T Slow,Fri Jul 24 2026 04:00:00 GMT-0300 (Brasilia Standard Time),2
ERJ2,GM,J&T Slow,Mon Jul 27 2026 04:00:00 GMT-0300 (Brasilia Standard Time),6
ERJ2,GM,J&T Slow,Wed Jul 29 2026 04:00:00 GMT-0300 (Brasilia Standard Time),1
ERJ2,GM,J&T Slow,Fri Jul 31 2026 04:00:00 GMT-0300 (Brasilia Standard Time),3
ERJ2,GM,J&T Slow,Sat Aug 01 2026 04:00:00 GMT-0300 (Brasilia Standard Time),1
ERJ2,GM,Jad,Tue Aug 04 2026 04:00:00 GMT-0300 (Brasilia Standard Time),1
ERJ2,GM,Jad,Wed Aug 05 2026 04:00:00 GMT-0300 (Brasilia Standard Time),1
ERJ2,GM,Loggi,Fri Jul 24 2026 04:00:00 GMT-0300 (Brasilia Standard Time),1
ERJ2,GM,Loggi,Sat Jul 25 2026 04:00:00 GMT-0300 (Brasilia Standard Time),1
ERJ2,GM,Loggi,Mon Jul 27 2026 04:00:00 GMT-0300 (Brasilia Standard Time),3
ERJ2,GM,Loggi,Wed Jul 29 2026 04:00:00 GMT-0300 (Brasilia Standard Time),1
ERJ2,GM,Loggi,Thu Jul 30 2026 04:00:00 GMT-0300 (Brasilia Standard Time),1
ERJ2,GM,Loggi,Mon Aug 03 2026 04:00:00 GMT-0300 (Brasilia Standard Time),1
ERJ2,GM,Loggi,Tue Aug 04 2026 04:00:00 GMT-0300 (Brasilia Standard Time),1
ERJ2,GM,Loggi,Wed Aug 05 2026 04:00:00 GMT-0300 (Brasilia Standard Time),4
ERJ2,GM,Loggi,Thu Aug 06 2026 04:00:00 GMT-0300 (Brasilia Standard Time),1
ERJ2,GM,Loggi,Mon Aug 10 2026 04:00:00 GMT-0300 (Brasilia Standard Time),1
ERJ2,LARGE,Jad,Mon Jul 27 2026 04:00:00 GMT-0300 (Brasilia Standard Time),1
ERJ2,LARGE,Jad,Tue Jul 28 2026 04:00:00 GMT-0300 (Brasilia Standard Time),1
ERJ4,GM,J&T Slow,Thu Aug 06 2026 04:00:00 GMT-0300 (Brasilia Standard Time),2
ERJ4,GM,J&T Slow,Thu Aug 13 2026 04:00:00 GMT-0300 (Brasilia Standard Time),1
ERJ4,GM,Loggi,Fri Jul 31 2026 04:00:00 GMT-0300 (Brasilia Standard Time),2
ERJ4,GM,Loggi,Wed Aug 05 2026 04:00:00 GMT-0300 (Brasilia Standard Time),1
ERJ5,GM,J&T Slow,Mon Jul 27 2026 04:00:00 GMT-0300 (Brasilia Standard Time),3
ERJ5,GM,J&T Slow,Mon Aug 03 2026 04:00:00 GMT-0300 (Brasilia Standard Time),2
ERJ5,GM,Jad,Fri Jul 31 2026 04:00:00 GMT-0300 (Brasilia Standard Time),1
ERJ5,GM,Loggi,Wed Jul 22 2026 04:00:00 GMT-0300 (Brasilia Standard Time),1
ERJ5,GM,Loggi,Sat Jul 25 2026 04:00:00 GMT-0300 (Brasilia Standard Time),3
ERJ5,GM,Loggi,Mon Jul 27 2026 04:00:00 GMT-0300 (Brasilia Standard Time),3
ERJ5,GM,Loggi,Tue Jul 28 2026 04:00:00 GMT-0300 (Brasilia Standard Time),2
ERJ5,GM,Loggi,Wed Jul 29 2026 04:00:00 GMT-0300 (Brasilia Standard Time),2
ERJ5,GM,Loggi,Thu Jul 30 2026 04:00:00 GMT-0300 (Brasilia Standard Time),2
ERJ5,GM,Loggi,Fri Jul 31 2026 04:00:00 GMT-0300 (Brasilia Standard Time),8
ERJ5,GM,Loggi,Sat Aug 01 2026 04:00:00 GMT-0300 (Brasilia Standard Time),3
ERJ5,GM,Loggi,Mon Aug 03 2026 04:00:00 GMT-0300 (Brasilia Standard Time),9
ERJ5,GM,Loggi,Tue Aug 04 2026 04:00:00 GMT-0300 (Brasilia Standard Time),3
ERJ5,GM,Loggi,Mon Aug 10 2026 04:00:00 GMT-0300 (Brasilia Standard Time),2
ERJ5,LARGE,Jad,Thu Jul 30 2026 04:00:00 GMT-0300 (Brasilia Standard Time),1
ERJ5,LARGE,Jad,Mon Aug 03 2026 04:00:00 GMT-0300 (Brasilia Standard Time),2
ERJ5,LARGE,Loggi,Mon Aug 03 2026 04:00:00 GMT-0300 (Brasilia Standard Time),1
ERJ5,LARGE,Loggi,Wed Aug 05 2026 04:00:00 GMT-0300 (Brasilia Standard Time),1
ERJ5,LARGE,Loggi,Thu Aug 06 2026 04:00:00 GMT-0300 (Brasilia Standard Time),1
ERJ5,LARGE,Loggi,Mon Aug 10 2026 04:00:00 GMT-0300 (Brasilia Standard Time),1
ERJ6,GM,J&T Fast,Thu Jul 30 2026 04:00:00 GMT-0300 (Brasilia Standard Time),1
ERJ6,GM,J&T Fast,Mon Aug 03 2026 04:00:00 GMT-0300 (Brasilia Standard Time),1
ERJ6,GM,J&T Fast,Tue Aug 04 2026 04:00:00 GMT-0300 (Brasilia Standard Time),2
ERJ6,GM,J&T Slow,Wed Jul 22 2026 04:00:00 GMT-0300 (Brasilia Standard Time),5
ERJ6,GM,J&T Slow,Thu Jul 23 2026 04:00:00 GMT-0300 (Brasilia Standard Time),3
ERJ6,GM,J&T Slow,Fri Jul 24 2026 04:00:00 GMT-0300 (Brasilia Standard Time),1
ERJ6,GM,J&T Slow,Sat Jul 25 2026 04:00:00 GMT-0300 (Brasilia Standard Time),2
ERJ6,GM,J&T Slow,Sat Aug 01 2026 04:00:00 GMT-0300 (Brasilia Standard Time),3
ERJ6,GM,J&T Slow,Mon Aug 03 2026 04:00:00 GMT-0300 (Brasilia Standard Time),35
ERJ6,GM,J&T Slow,Tue Aug 04 2026 04:00:00 GMT-0300 (Brasilia Standard Time),58
ERJ6,GM,J&T Slow,Wed Aug 05 2026 04:00:00 GMT-0300 (Brasilia Standard Time),1
ERJ6,GM,J&T Slow,Thu Aug 06 2026 04:00:00 GMT-0300 (Brasilia Standard Time),1
ERJ6,GM,J&T Slow,Sat Aug 08 2026 04:00:00 GMT-0300 (Brasilia Standard Time),1
ERJ6,GM,J&T Slow,Mon Aug 10 2026 04:00:00 GMT-0300 (Brasilia Standard Time),1
ERJ6,GM,J&T Slow,Tue Aug 11 2026 04:00:00 GMT-0300 (Brasilia Standard Time),128
ERJ6,GM,J&T Slow,Wed Aug 12 2026 04:00:00 GMT-0300 (Brasilia Standard Time),66
ERJ6,GM,Loggi,Tue Aug 04 2026 04:00:00 GMT-0300 (Brasilia Standard Time),3
ERJ6,GM,Loggi,Tue Aug 11 2026 04:00:00 GMT-0300 (Brasilia Standard Time),2
ERJ6,LARGE,Jad,Tue Aug 11 2026 04:00:00 GMT-0300 (Brasilia Standard Time),1
ERJ6,LARGE,Loggi,Wed Jul 29 2026 04:00:00 GMT-0300 (Brasilia Standard Time),1
ERJ6,OVERSIZE,Jad,Tue Aug 04 2026 04:00:00 GMT-0300 (Brasilia Standard Time),1
ERJ6,OVERSIZE,Jad,Tue Aug 11 2026 04:00:00 GMT-0300 (Brasilia Standard Time),1
ERJ7,GM,J&T Fast,Thu Jul 23 2026 04:00:00 GMT-0300 (Brasilia Standard Time),1
ERJ7,GM,J&T Slow,Wed Jul 22 2026 04:00:00 GMT-0300 (Brasilia Standard Time),1
ERJ7,GM,J&T Slow,Thu Jul 23 2026 04:00:00 GMT-0300 (Brasilia Standard Time),1
ERJ7,GM,J&T Slow,Fri Jul 24 2026 04:00:00 GMT-0300 (Brasilia Standard Time),1
ERJ7,GM,J&T Slow,Fri Jul 31 2026 04:00:00 GMT-0300 (Brasilia Standard Time),1
ERJ7,GM,J&T Slow,Sat Aug 01 2026 04:00:00 GMT-0300 (Brasilia Standard Time),2
ERJ7,GM,J&T Slow,Mon Aug 03 2026 04:00:00 GMT-0300 (Brasilia Standard Time),1
ERJ7,GM,J&T Slow,Tue Aug 04 2026 04:00:00 GMT-0300 (Brasilia Standard Time),1
ERJ7,GM,J&T Slow,Wed Aug 05 2026 04:00:00 GMT-0300 (Brasilia Standard Time),1
ERJ7,GM,J&T Slow,Fri Aug 07 2026 04:00:00 GMT-0300 (Brasilia Standard Time),1
ERJ7,GM,J&T Slow,Mon Aug 10 2026 04:00:00 GMT-0300 (Brasilia Standard Time),2
ERJ7,GM,Loggi,Sat Jul 25 2026 04:00:00 GMT-0300 (Brasilia Standard Time),1
ERJ7,GM,Loggi,Mon Jul 27 2026 04:00:00 GMT-0300 (Brasilia Standard Time),1
ERJ7,GM,Loggi,Thu Jul 30 2026 04:00:00 GMT-0300 (Brasilia Standard Time),1
ERJ7,GM,Loggi,Sat Aug 01 2026 04:00:00 GMT-0300 (Brasilia Standard Time),1
ERJ7,GM,Loggi,Mon Aug 03 2026 04:00:00 GMT-0300 (Brasilia Standard Time),3
ERJ7,OVERSIZE,Jad,Tue Jul 28 2026 04:00:00 GMT-0300 (Brasilia Standard Time),1
ERJ7,OVERSIZE,Jad,Mon Aug 03 2026 04:00:00 GMT-0300 (Brasilia Standard Time),1
ERN1,GM,J&T Fast,Fri Jul 24 2026 04:00:00 GMT-0300 (Brasilia Standard Time),3
ERN1,GM,J&T Fast,Tue Jul 28 2026 04:00:00 GMT-0300 (Brasilia Standard Time),1
ERN1,GM,J&T Slow,Tue Jul 28 2026 04:00:00 GMT-0300 (Brasilia Standard Time),1
ERN1,GM,J&T Slow,Mon Aug 17 2026 04:00:00 GMT-0300 (Brasilia Standard Time),1
ERN1,GM,Jad,Sat Jul 25 2026 04:00:00 GMT-0300 (Brasilia Standard Time),2
ERN1,GM,Jad,Wed Jul 29 2026 04:00:00 GMT-0300 (Brasilia Standard Time),1
ERN1,GM,Jad,Thu Jul 30 2026 04:00:00 GMT-0300 (Brasilia Standard Time),1
ERN1,GM,Jad,Sat Aug 01 2026 04:00:00 GMT-0300 (Brasilia Standard Time),2
ERN1,GM,Jad,Wed Aug 05 2026 04:00:00 GMT-0300 (Brasilia Standard Time),1
ERN1,GM,Loggi,Fri Jul 24 2026 04:00:00 GMT-0300 (Brasilia Standard Time),2
ERN1,GM,Loggi,Tue Jul 28 2026 04:00:00 GMT-0300 (Brasilia Standard Time),1
ERN1,LARGE,Loggi,Fri Jul 24 2026 04:00:00 GMT-0300 (Brasilia Standard Time),1
ERN1,OVERSIZE,Jad,Sat Aug 01 2026 04:00:00 GMT-0300 (Brasilia Standard Time),1
ERN2,GM,J&T Fast,Fri Jul 24 2026 04:00:00 GMT-0300 (Brasilia Standard Time),2
ERN2,GM,J&T Fast,Tue Jul 28 2026 04:00:00 GMT-0300 (Brasilia Standard Time),1
ERN2,GM,Jad,Sat Jul 25 2026 04:00:00 GMT-0300 (Brasilia Standard Time),1
ERN2,GM,Jad,Sat Aug 01 2026 04:00:00 GMT-0300 (Brasilia Standard Time),1
ERN2,GM,Loggi,Fri Jul 24 2026 04:00:00 GMT-0300 (Brasilia Standard Time),1
ERN2,GM,Loggi,Tue Aug 04 2026 04:00:00 GMT-0300 (Brasilia Standard Time),1
ERN2,OVERSIZE,Jad,Fri Jul 24 2026 04:00:00 GMT-0300 (Brasilia Standard Time),1
ERN2,OVERSIZE,Jad,Sat Jul 25 2026 04:00:00 GMT-0300 (Brasilia Standard Time),1
ERN2,OVERSIZE,Jad,Fri Jul 31 2026 04:00:00 GMT-0300 (Brasilia Standard Time),1
ERN3,GM,J&T Fast,Tue Jul 28 2026 04:00:00 GMT-0300 (Brasilia Standard Time),1
ERN3,GM,J&T Slow,Wed Aug 05 2026 04:00:00 GMT-0300 (Brasilia Standard Time),1
ERN3,GM,Jad,Sat Jul 25 2026 04:00:00 GMT-0300 (Brasilia Standard Time),1
ERN3,GM,Jad,Tue Jul 28 2026 04:00:00 GMT-0300 (Brasilia Standard Time),1
ERN3,GM,Jad,Sat Aug 08 2026 04:00:00 GMT-0300 (Brasilia Standard Time),1
ERN3,GM,Loggi,Fri Jul 24 2026 04:00:00 GMT-0300 (Brasilia Standard Time),1
ERN3,GM,Loggi,Wed Jul 29 2026 04:00:00 GMT-0300 (Brasilia Standard Time),1
ERN3,GM,Loggi,Sat Aug 08 2026 04:00:00 GMT-0300 (Brasilia Standard Time),1
ERN3,OVERSIZE,Jad,Sat Jul 25 2026 04:00:00 GMT-0300 (Brasilia Standard Time),1
ERN4,GM,Jad,Mon Aug 03 2026 04:00:00 GMT-0300 (Brasilia Standard Time),2
ERN4,GM,Loggi,Wed Jul 29 2026 04:00:00 GMT-0300 (Brasilia Standard Time),1
ERN4,LARGE,Jad,Wed Jul 29 2026 04:00:00 GMT-0300 (Brasilia Standard Time),1
ERN4,LARGE,Jad,Fri Jul 31 2026 04:00:00 GMT-0300 (Brasilia Standard Time),1
ERS1,GM,J&T Slow,Fri Jul 24 2026 04:00:00 GMT-0300 (Brasilia Standard Time),2
ERS1,GM,J&T Slow,Sat Jul 25 2026 04:00:00 GMT-0300 (Brasilia Standard Time),1
ERS1,GM,J&T Slow,Sat Aug 01 2026 04:00:00 GMT-0300 (Brasilia Standard Time),3
ERS1,GM,J&T Slow,Tue Aug 04 2026 04:00:00 GMT-0300 (Brasilia Standard Time),3
ERS1,GM,J&T Slow,Fri Aug 07 2026 04:00:00 GMT-0300 (Brasilia Standard Time),1
ERS1,GM,Loggi,Tue Jul 28 2026 04:00:00 GMT-0300 (Brasilia Standard Time),1
ERS1,GM,Loggi,Fri Jul 31 2026 04:00:00 GMT-0300 (Brasilia Standard Time),1
ERS1,GM,Loggi,Mon Aug 03 2026 04:00:00 GMT-0300 (Brasilia Standard Time),1
ERS1,GM,Loggi,Thu Aug 06 2026 04:00:00 GMT-0300 (Brasilia Standard Time),1
ERS1,GM,Loggi,Fri Aug 07 2026 04:00:00 GMT-0300 (Brasilia Standard Time),1
ERS1,GM,Loggi,Tue Aug 11 2026 04:00:00 GMT-0300 (Brasilia Standard Time),1
ERS10,GM,J&T Slow,Mon Jul 27 2026 04:00:00 GMT-0300 (Brasilia Standard Time),1
ERS10,GM,J&T Slow,Tue Jul 28 2026 04:00:00 GMT-0300 (Brasilia Standard Time),1
ERS10,GM,J&T Slow,Wed Jul 29 2026 04:00:00 GMT-0300 (Brasilia Standard Time),1
ERS10,GM,J&T Slow,Fri Jul 31 2026 04:00:00 GMT-0300 (Brasilia Standard Time),1
ERS10,GM,J&T Slow,Mon Aug 03 2026 04:00:00 GMT-0300 (Brasilia Standard Time),1
ERS10,GM,J&T Slow,Wed Aug 05 2026 04:00:00 GMT-0300 (Brasilia Standard Time),1
ERS10,GM,J&T Slow,Wed Aug 12 2026 04:00:00 GMT-0300 (Brasilia Standard Time),1
ERS10,GM,Jad,Wed Aug 05 2026 04:00:00 GMT-0300 (Brasilia Standard Time),1
ERS10,GM,Loggi,Wed Jul 29 2026 04:00:00 GMT-0300 (Brasilia Standard Time),1
ERS10,GM,Loggi,Wed Aug 05 2026 04:00:00 GMT-0300 (Brasilia Standard Time),2
ERS10,GM,Loggi,Fri Aug 07 2026 04:00:00 GMT-0300 (Brasilia Standard Time),3
ERS10,GM,Loggi,Sat Aug 08 2026 04:00:00 GMT-0300 (Brasilia Standard Time),4
ERS13,GM,J&T Slow,Mon Aug 03 2026 04:00:00 GMT-0300 (Brasilia Standard Time),1
ERS13,GM,J&T Slow,Wed Aug 05 2026 04:00:00 GMT-0300 (Brasilia Standard Time),1
ERS13,GM,Loggi,Thu Jul 23 2026 04:00:00 GMT-0300 (Brasilia Standard Time),5
ERS13,GM,Loggi,Tue Jul 28 2026 04:00:00 GMT-0300 (Brasilia Standard Time),2
ERS13,GM,Loggi,Thu Jul 30 2026 04:00:00 GMT-0300 (Brasilia Standard Time),2
ERS13,GM,Loggi,Fri Jul 31 2026 04:00:00 GMT-0300 (Brasilia Standard Time),1
ERS13,GM,Loggi,Tue Aug 04 2026 04:00:00 GMT-0300 (Brasilia Standard Time),3
ERS13,GM,Loggi,Wed Aug 05 2026 04:00:00 GMT-0300 (Brasilia Standard Time),2
ERS13,LARGE,Dominalog,Fri Jul 24 2026 04:00:00 GMT-0300 (Brasilia Standard Time),1
ERS13,LARGE,Dominalog,Mon Jul 27 2026 04:00:00 GMT-0300 (Brasilia Standard Time),1
ERS13,LARGE,Jad,Wed Jul 29 2026 04:00:00 GMT-0300 (Brasilia Standard Time),1
ERS14,GM,J&T Slow,Wed Aug 05 2026 04:00:00 GMT-0300 (Brasilia Standard Time),1
ERS14,GM,Jad,Mon Jul 27 2026 04:00:00 GMT-0300 (Brasilia Standard Time),1
ERS15,GM,J&T Slow,Tue Jul 28 2026 04:00:00 GMT-0300 (Brasilia Standard Time),2
ERS15,GM,J&T Slow,Tue Aug 04 2026 04:00:00 GMT-0300 (Brasilia Standard Time),1
ERS15,GM,J&T Slow,Wed Aug 05 2026 04:00:00 GMT-0300 (Brasilia Standard Time),1
ERS15,GM,J&T Slow,Thu Aug 06 2026 04:00:00 GMT-0300 (Brasilia Standard Time),3
ERS16,GM,J&T Slow,Mon Jul 27 2026 04:00:00 GMT-0300 (Brasilia Standard Time),1
ERS16,GM,J&T Slow,Fri Jul 31 2026 04:00:00 GMT-0300 (Brasilia Standard Time),2
ERS16,GM,J&T Slow,Mon Aug 03 2026 04:00:00 GMT-0300 (Brasilia Standard Time),1
ERS16,GM,J&T Slow,Wed Aug 05 2026 04:00:00 GMT-0300 (Brasilia Standard Time),7
ERS16,GM,Loggi,Thu Jul 30 2026 04:00:00 GMT-0300 (Brasilia Standard Time),1
ERS16,GM,Loggi,Fri Jul 31 2026 04:00:00 GMT-0300 (Brasilia Standard Time),1
ERS2,GM,J&T Slow,Thu Jul 23 2026 04:00:00 GMT-0300 (Brasilia Standard Time),1
ERS2,GM,J&T Slow,Fri Jul 24 2026 04:00:00 GMT-0300 (Brasilia Standard Time),1
ERS2,GM,J&T Slow,Fri Jul 31 2026 04:00:00 GMT-0300 (Brasilia Standard Time),1
ERS2,GM,J&T Slow,Sat Aug 01 2026 04:00:00 GMT-0300 (Brasilia Standard Time),4
ERS2,GM,J&T Slow,Thu Aug 06 2026 04:00:00 GMT-0300 (Brasilia Standard Time),1
ERS2,GM,J&T Slow,Fri Aug 07 2026 04:00:00 GMT-0300 (Brasilia Standard Time),1
ERS2,GM,Jad,Fri Aug 07 2026 04:00:00 GMT-0300 (Brasilia Standard Time),1
ERS2,GM,Jad,Sat Aug 08 2026 04:00:00 GMT-0300 (Brasilia Standard Time),1
ERS2,GM,Loggi,Thu Aug 06 2026 04:00:00 GMT-0300 (Brasilia Standard Time),1
ERS2,GM,Loggi,Tue Aug 11 2026 04:00:00 GMT-0300 (Brasilia Standard Time),1
ERS3,GM,J&T Fast,Tue Jul 21 2026 04:00:00 GMT-0300 (Brasilia Standard Time),1
ERS3,GM,J&T Slow,Tue Jul 28 2026 04:00:00 GMT-0300 (Brasilia Standard Time),2
ERS3,GM,J&T Slow,Fri Aug 07 2026 04:00:00 GMT-0300 (Brasilia Standard Time),1
ERS3,GM,Loggi,Fri Aug 07 2026 04:00:00 GMT-0300 (Brasilia Standard Time),1
ERS3,GM,Loggi,Sat Aug 08 2026 04:00:00 GMT-0300 (Brasilia Standard Time),1
ERS5,GM,J&T Slow,Fri Jul 24 2026 04:00:00 GMT-0300 (Brasilia Standard Time),6
ERS5,GM,J&T Slow,Sat Jul 25 2026 04:00:00 GMT-0300 (Brasilia Standard Time),1
ERS5,GM,J&T Slow,Tue Jul 28 2026 04:00:00 GMT-0300 (Brasilia Standard Time),1
ERS5,GM,J&T Slow,Fri Jul 31 2026 04:00:00 GMT-0300 (Brasilia Standard Time),1
ERS5,GM,J&T Slow,Tue Aug 04 2026 04:00:00 GMT-0300 (Brasilia Standard Time),2
ERS5,GM,J&T Slow,Wed Aug 05 2026 04:00:00 GMT-0300 (Brasilia Standard Time),1
ERS5,GM,J&T Slow,Thu Aug 06 2026 04:00:00 GMT-0300 (Brasilia Standard Time),2
ERS5,GM,Jad,Fri Jul 24 2026 04:00:00 GMT-0300 (Brasilia Standard Time),1
ERS5,GM,Jad,Tue Jul 28 2026 04:00:00 GMT-0300 (Brasilia Standard Time),1
ERS5,GM,Loggi,Fri Jul 24 2026 04:00:00 GMT-0300 (Brasilia Standard Time),4
ERS5,GM,Loggi,Sat Jul 25 2026 04:00:00 GMT-0300 (Brasilia Standard Time),1
ERS5,GM,Loggi,Mon Jul 27 2026 04:00:00 GMT-0300 (Brasilia Standard Time),1
ERS5,GM,Loggi,Wed Jul 29 2026 04:00:00 GMT-0300 (Brasilia Standard Time),1
ERS5,GM,Loggi,Fri Jul 31 2026 04:00:00 GMT-0300 (Brasilia Standard Time),1
ERS5,GM,Loggi,Wed Aug 05 2026 04:00:00 GMT-0300 (Brasilia Standard Time),2
ERS5,LARGE,Jad,Tue Aug 04 2026 04:00:00 GMT-0300 (Brasilia Standard Time),1
ERS5,LARGE,Jad,Wed Aug 19 2026 04:00:00 GMT-0300 (Brasilia Standard Time),1
ERS6,GM,J&T Slow,Tue Jul 28 2026 04:00:00 GMT-0300 (Brasilia Standard Time),5
ERS6,GM,J&T Slow,Sat Aug 01 2026 04:00:00 GMT-0300 (Brasilia Standard Time),2
ERS6,GM,J&T Slow,Mon Aug 03 2026 04:00:00 GMT-0300 (Brasilia Standard Time),1
ERS6,GM,J&T Slow,Thu Aug 06 2026 04:00:00 GMT-0300 (Brasilia Standard Time),2
ERS6,GM,J&T Slow,Fri Aug 07 2026 04:00:00 GMT-0300 (Brasilia Standard Time),2
ERS6,GM,Jad,Fri Aug 07 2026 04:00:00 GMT-0300 (Brasilia Standard Time),1
ERS6,GM,Loggi,Tue Jul 28 2026 04:00:00 GMT-0300 (Brasilia Standard Time),1
ERS7,GM,Dominalog,Tue Jul 28 2026 04:00:00 GMT-0300 (Brasilia Standard Time),1
ERS7,GM,Dominalog,Fri Jul 31 2026 04:00:00 GMT-0300 (Brasilia Standard Time),1
ERS7,GM,J&T Slow,Tue Jul 28 2026 04:00:00 GMT-0300 (Brasilia Standard Time),21
ERS7,GM,J&T Slow,Tue Aug 04 2026 04:00:00 GMT-0300 (Brasilia Standard Time),2
ERS7,GM,Jad,Tue Jul 28 2026 04:00:00 GMT-0300 (Brasilia Standard Time),1
ERS7,GM,Loggi,Mon Jul 27 2026 04:00:00 GMT-0300 (Brasilia Standard Time),3
ERS7,GM,Loggi,Tue Jul 28 2026 04:00:00 GMT-0300 (Brasilia Standard Time),10
ERS7,GM,Loggi,Wed Jul 29 2026 04:00:00 GMT-0300 (Brasilia Standard Time),1
ERS7,GM,Loggi,Fri Jul 31 2026 04:00:00 GMT-0300 (Brasilia Standard Time),1
ERS7,GM,Loggi,Fri Aug 07 2026 04:00:00 GMT-0300 (Brasilia Standard Time),1
ERS7,LARGE,Jad,Tue Jul 28 2026 04:00:00 GMT-0300 (Brasilia Standard Time),2
ERS8,GM,Dominalog,Wed Aug 05 2026 04:00:00 GMT-0300 (Brasilia Standard Time),1
ERS8,GM,J&T Slow,Wed Jul 29 2026 04:00:00 GMT-0300 (Brasilia Standard Time),1
ERS8,GM,J&T Slow,Mon Aug 03 2026 04:00:00 GMT-0300 (Brasilia Standard Time),1
ERS8,GM,J&T Slow,Tue Aug 04 2026 04:00:00 GMT-0300 (Brasilia Standard Time),1
ERS8,GM,Jad,Fri Jul 24 2026 04:00:00 GMT-0300 (Brasilia Standard Time),1
ERS8,GM,Jad,Mon Aug 03 2026 04:00:00 GMT-0300 (Brasilia Standard Time),2
ERS8,LARGE,Dominalog,Wed Jul 29 2026 04:00:00 GMT-0300 (Brasilia Standard Time),1
ERS8,LARGE,Dominalog,Wed Aug 05 2026 04:00:00 GMT-0300 (Brasilia Standard Time),1
ERS9,GM,J&T Slow,Wed Jul 29 2026 04:00:00 GMT-0300 (Brasilia Standard Time),1
ERS9,LARGE,Dominalog,Sat Aug 08 2026 04:00:00 GMT-0300 (Brasilia Standard Time),1
ERS9,LARGE,Dominalog,Mon Aug 10 2026 04:00:00 GMT-0300 (Brasilia Standard Time),1
ERS9,LARGE,Jad,Sat Aug 01 2026 04:00:00 GMT-0300 (Brasilia Standard Time),1
ESC14,GM,J&T Slow,Wed Jul 29 2026 04:00:00 GMT-0300 (Brasilia Standard Time),1
ESC14,GM,J&T Slow,Thu Jul 30 2026 04:00:00 GMT-0300 (Brasilia Standard Time),5
ESC14,GM,J&T Slow,Sat Aug 01 2026 04:00:00 GMT-0300 (Brasilia Standard Time),1
ESC14,GM,Jad,Mon Jul 27 2026 04:00:00 GMT-0300 (Brasilia Standard Time),2
ESC14,GM,Jad,Thu Jul 30 2026 04:00:00 GMT-0300 (Brasilia Standard Time),1
ESC14,GM,Loggi,Mon Jul 27 2026 04:00:00 GMT-0300 (Brasilia Standard Time),1
ESC15,GM,J&T Slow,Mon Jul 27 2026 04:00:00 GMT-0300 (Brasilia Standard Time),1
ESC15,GM,J&T Slow,Wed Jul 29 2026 04:00:00 GMT-0300 (Brasilia Standard Time),9
ESC15,GM,J&T Slow,Mon Aug 03 2026 04:00:00 GMT-0300 (Brasilia Standard Time),1
ESC2,GM,Dominalog,Fri Jul 31 2026 04:00:00 GMT-0300 (Brasilia Standard Time),1
ESC2,GM,Dominalog,Sat Aug 01 2026 04:00:00 GMT-0300 (Brasilia Standard Time),1
ESC2,GM,Dominalog,Mon Aug 10 2026 04:00:00 GMT-0300 (Brasilia Standard Time),1
ESC2,GM,J&T Slow,Wed Jul 22 2026 04:00:00 GMT-0300 (Brasilia Standard Time),1
ESC2,GM,J&T Slow,Thu Jul 23 2026 04:00:00 GMT-0300 (Brasilia Standard Time),2
ESC2,GM,J&T Slow,Wed Jul 29 2026 04:00:00 GMT-0300 (Brasilia Standard Time),3
ESC2,GM,J&T Slow,Fri Jul 31 2026 04:00:00 GMT-0300 (Brasilia Standard Time),2
ESC2,GM,J&T Slow,Mon Aug 03 2026 04:00:00 GMT-0300 (Brasilia Standard Time),5
ESC2,GM,J&T Slow,Wed Aug 05 2026 04:00:00 GMT-0300 (Brasilia Standard Time),1
ESC2,GM,J&T Slow,Thu Aug 06 2026 04:00:00 GMT-0300 (Brasilia Standard Time),1
ESC2,GM,Loggi,Wed Jul 22 2026 04:00:00 GMT-0300 (Brasilia Standard Time),2
ESC2,GM,Loggi,Fri Jul 24 2026 04:00:00 GMT-0300 (Brasilia Standard Time),1
ESC2,GM,Loggi,Sat Jul 25 2026 04:00:00 GMT-0300 (Brasilia Standard Time),1
ESC2,GM,Loggi,Tue Jul 28 2026 04:00:00 GMT-0300 (Brasilia Standard Time),1
ESC2,GM,Loggi,Wed Jul 29 2026 04:00:00 GMT-0300 (Brasilia Standard Time),2
ESC2,GM,Loggi,Fri Jul 31 2026 04:00:00 GMT-0300 (Brasilia Standard Time),1
ESC2,GM,Loggi,Sat Aug 01 2026 04:00:00 GMT-0300 (Brasilia Standard Time),1
ESC2,GM,Loggi,Mon Aug 03 2026 04:00:00 GMT-0300 (Brasilia Standard Time),3
ESC2,GM,Loggi,Wed Aug 05 2026 04:00:00 GMT-0300 (Brasilia Standard Time),3
ESC2,GM,Loggi,Thu Aug 06 2026 04:00:00 GMT-0300 (Brasilia Standard Time),2
ESC2,GM,Loggi,Fri Aug 07 2026 04:00:00 GMT-0300 (Brasilia Standard Time),2
ESC2,LARGE,Dominalog,Mon Jul 27 2026 04:00:00 GMT-0300 (Brasilia Standard Time),1
ESC2,LARGE,Loggi,Tue Jul 28 2026 04:00:00 GMT-0300 (Brasilia Standard Time),1
ESC2,LARGE,Loggi,Wed Jul 29 2026 04:00:00 GMT-0300 (Brasilia Standard Time),1
ESC2,LARGE,Loggi,Thu Jul 30 2026 04:00:00 GMT-0300 (Brasilia Standard Time),1
ESC3,GM,J&T Fast,Sat Jul 25 2026 04:00:00 GMT-0300 (Brasilia Standard Time),1
ESC3,GM,J&T Slow,Mon Aug 03 2026 04:00:00 GMT-0300 (Brasilia Standard Time),6
ESC3,GM,J&T Slow,Wed Aug 05 2026 04:00:00 GMT-0300 (Brasilia Standard Time),3
ESC3,LARGE,Jad,Mon Aug 10 2026 04:00:00 GMT-0300 (Brasilia Standard Time),1
ESC5,GM,J&T Slow,Thu Aug 06 2026 04:00:00 GMT-0300 (Brasilia Standard Time),1
ESC5,GM,J&T Slow,Fri Aug 07 2026 04:00:00 GMT-0300 (Brasilia Standard Time),1
ESC5,LARGE,Jad,Mon Aug 10 2026 04:00:00 GMT-0300 (Brasilia Standard Time),1
ESC6,GM,J&T Fast,Mon Jul 27 2026 04:00:00 GMT-0300 (Brasilia Standard Time),3
ESC6,GM,J&T Slow,Mon Jul 27 2026 04:00:00 GMT-0300 (Brasilia Standard Time),22
ESC6,GM,J&T Slow,Tue Jul 28 2026 04:00:00 GMT-0300 (Brasilia Standard Time),50
ESC6,GM,J&T Slow,Wed Jul 29 2026 04:00:00 GMT-0300 (Brasilia Standard Time),58
ESC6,GM,J&T Slow,Thu Jul 30 2026 04:00:00 GMT-0300 (Brasilia Standard Time),2
ESC6,GM,J&T Slow,Fri Jul 31 2026 04:00:00 GMT-0300 (Brasilia Standard Time),1
ESC6,GM,J&T Slow,Tue Aug 04 2026 04:00:00 GMT-0300 (Brasilia Standard Time),1
ESC6,GM,J&T Slow,Wed Aug 05 2026 04:00:00 GMT-0300 (Brasilia Standard Time),2
ESC6,GM,J&T Slow,Fri Aug 07 2026 04:00:00 GMT-0300 (Brasilia Standard Time),1
ESC6,GM,Loggi,Sat Jul 25 2026 04:00:00 GMT-0300 (Brasilia Standard Time),8
ESC6,GM,Loggi,Mon Jul 27 2026 04:00:00 GMT-0300 (Brasilia Standard Time),14
ESC7,GM,J&T Fast,Mon Jul 27 2026 04:00:00 GMT-0300 (Brasilia Standard Time),4
ESC7,GM,J&T Slow,Mon Jul 27 2026 04:00:00 GMT-0300 (Brasilia Standard Time),5
ESC7,GM,J&T Slow,Thu Aug 06 2026 04:00:00 GMT-0300 (Brasilia Standard Time),2
ESC7,GM,Jad,Mon Jul 27 2026 04:00:00 GMT-0300 (Brasilia Standard Time),1
ESC7,GM,Loggi,Sat Jul 25 2026 04:00:00 GMT-0300 (Brasilia Standard Time),22
ESC7,GM,Loggi,Mon Jul 27 2026 04:00:00 GMT-0300 (Brasilia Standard Time),40
ESC7,GM,Loggi,Tue Jul 28 2026 04:00:00 GMT-0300 (Brasilia Standard Time),3
ESC7,GM,Loggi,Wed Jul 29 2026 04:00:00 GMT-0300 (Brasilia Standard Time),3
ESC7,GM,Loggi,Sat Aug 01 2026 04:00:00 GMT-0300 (Brasilia Standard Time),1
ESC9,GM,Loggi,Sat Jul 25 2026 04:00:00 GMT-0300 (Brasilia Standard Time),1
ESC9,GM,Loggi,Sat Aug 01 2026 04:00:00 GMT-0300 (Brasilia Standard Time),1
ESE1,GM,J&T Slow,Mon Jul 27 2026 04:00:00 GMT-0300 (Brasilia Standard Time),1
ESE1,GM,J&T Slow,Tue Jul 28 2026 04:00:00 GMT-0300 (Brasilia Standard Time),2
ESE1,GM,J&T Slow,Wed Aug 05 2026 04:00:00 GMT-0300 (Brasilia Standard Time),1
ESE1,GM,J&T Slow,Thu Aug 06 2026 04:00:00 GMT-0300 (Brasilia Standard Time),1
ESE1,GM,J&T Slow,Fri Aug 07 2026 04:00:00 GMT-0300 (Brasilia Standard Time),1
ESE1,GM,J&T Slow,Wed Aug 19 2026 04:00:00 GMT-0300 (Brasilia Standard Time),1
ESE1,GM,Jad,Wed Jul 29 2026 04:00:00 GMT-0300 (Brasilia Standard Time),1
ESE1,GM,Loggi,Fri Jul 31 2026 04:00:00 GMT-0300 (Brasilia Standard Time),1
ESE1,OVERSIZE,Jad,Wed Jul 29 2026 04:00:00 GMT-0300 (Brasilia Standard Time),1
ESE1,OVERSIZE,Jad,Wed Aug 05 2026 04:00:00 GMT-0300 (Brasilia Standard Time),1
ESP12,GM,J&T Slow,Wed Jul 22 2026 04:00:00 GMT-0300 (Brasilia Standard Time),1
ESP12,GM,J&T Slow,Fri Jul 24 2026 04:00:00 GMT-0300 (Brasilia Standard Time),1
ESP12,GM,Loggi,Tue Aug 04 2026 04:00:00 GMT-0300 (Brasilia Standard Time),2
ESP13,GM,J&T Slow,Sat Jul 25 2026 04:00:00 GMT-0300 (Brasilia Standard Time),1
ESP13,GM,J&T Slow,Mon Jul 27 2026 04:00:00 GMT-0300 (Brasilia Standard Time),1
ESP13,LARGE,Jad,Tue Aug 04 2026 04:00:00 GMT-0300 (Brasilia Standard Time),1
ESP15,GM,Dominalog,Sat Aug 08 2026 04:00:00 GMT-0300 (Brasilia Standard Time),1
ESP15,GM,J&T Fast,Sat Aug 01 2026 04:00:00 GMT-0300 (Brasilia Standard Time),5
ESP15,GM,J&T Slow,Fri Jul 24 2026 04:00:00 GMT-0300 (Brasilia Standard Time),1
ESP15,GM,J&T Slow,Thu Jul 30 2026 04:00:00 GMT-0300 (Brasilia Standard Time),2
ESP15,GM,J&T Slow,Sat Aug 01 2026 04:00:00 GMT-0300 (Brasilia Standard Time),1
ESP15,GM,J&T Slow,Mon Aug 03 2026 04:00:00 GMT-0300 (Brasilia Standard Time),1
ESP15,GM,Loggi,Fri Jul 24 2026 04:00:00 GMT-0300 (Brasilia Standard Time),1
ESP15,GM,Loggi,Sat Aug 01 2026 04:00:00 GMT-0300 (Brasilia Standard Time),14
ESP15,LARGE,Loggi,Sat Aug 01 2026 04:00:00 GMT-0300 (Brasilia Standard Time),1
ESP16,GM,J&T Slow,Thu Aug 06 2026 04:00:00 GMT-0300 (Brasilia Standard Time),1
ESP16,GM,Jad,Tue Aug 04 2026 04:00:00 GMT-0300 (Brasilia Standard Time),1
ESP17,GM,J&T Slow,Thu Jul 30 2026 04:00:00 GMT-0300 (Brasilia Standard Time),1
ESP17,GM,J&T Slow,Sat Aug 08 2026 04:00:00 GMT-0300 (Brasilia Standard Time),1
ESP17,GM,Loggi,Mon Aug 03 2026 04:00:00 GMT-0300 (Brasilia Standard Time),1
ESP17,LARGE,Dominalog,Tue Aug 04 2026 04:00:00 GMT-0300 (Brasilia Standard Time),1
ESP17,LARGE,Dominalog,Thu Aug 06 2026 04:00:00 GMT-0300 (Brasilia Standard Time),1
ESP17,LARGE,Loggi,Mon Aug 17 2026 04:00:00 GMT-0300 (Brasilia Standard Time),1
ESP18,LARGE,Dominalog,Thu Jul 23 2026 04:00:00 GMT-0300 (Brasilia Standard Time),1
ESP19,GM,J&T Slow,Mon Aug 03 2026 04:00:00 GMT-0300 (Brasilia Standard Time),2
ESP19,GM,J&T Slow,Tue Aug 04 2026 04:00:00 GMT-0300 (Brasilia Standard Time),1
ESP19,LARGE,Jad,Sat Aug 08 2026 04:00:00 GMT-0300 (Brasilia Standard Time),1
ESP8,GM,J&T Slow,Mon Jul 27 2026 04:00:00 GMT-0300 (Brasilia Standard Time),1
ESP8,GM,J&T Slow,Thu Jul 30 2026 04:00:00 GMT-0300 (Brasilia Standard Time),1
ESP8,GM,J&T Slow,Sat Aug 01 2026 04:00:00 GMT-0300 (Brasilia Standard Time),1
ESP8,GM,J&T Slow,Mon Aug 03 2026 04:00:00 GMT-0300 (Brasilia Standard Time),2
ESP8,GM,Loggi,Wed Aug 05 2026 04:00:00 GMT-0300 (Brasilia Standard Time),1
ESP8,GM,Loggi,Tue Aug 11 2026 04:00:00 GMT-0300 (Brasilia Standard Time),1
ESP8,LARGE,Jad,Mon Aug 03 2026 04:00:00 GMT-0300 (Brasilia Standard Time),1
ESP9,GM,Jad,Thu Jul 30 2026 04:00:00 GMT-0300 (Brasilia Standard Time),1
ESP9,GM,Jad,Thu Aug 13 2026 04:00:00 GMT-0300 (Brasilia Standard Time),1
ETO1,GM,J&T Fast,Wed Aug 05 2026 04:00:00 GMT-0300 (Brasilia Standard Time),1
ETO1,GM,J&T Slow,Fri Jul 24 2026 04:00:00 GMT-0300 (Brasilia Standard Time),1
ETO1,GM,J&T Slow,Sat Jul 25 2026 04:00:00 GMT-0300 (Brasilia Standard Time),1
ETO1,GM,J&T Slow,Tue Jul 28 2026 04:00:00 GMT-0300 (Brasilia Standard Time),1
ETO1,GM,J&T Slow,Wed Aug 05 2026 04:00:00 GMT-0300 (Brasilia Standard Time),2
ETO1,GM,Loggi,Wed Jul 29 2026 04:00:00 GMT-0300 (Brasilia Standard Time),1
ETO1,GM,Loggi,Fri Jul 31 2026 04:00:00 GMT-0300 (Brasilia Standard Time),1
ETO1,GM,Loggi,Sat Aug 01 2026 04:00:00 GMT-0300 (Brasilia Standard Time),1
ETO1,GM,Loggi,Wed Aug 05 2026 04:00:00 GMT-0300 (Brasilia Standard Time),2
ETO10,GM,J&T Slow,Wed Aug 05 2026 04:00:00 GMT-0300 (Brasilia Standard Time),2
ETO2,GM,J&T Fast,Fri Aug 14 2026 04:00:00 GMT-0300 (Brasilia Standard Time),1
ETO2,GM,J&T Slow,Fri Aug 07 2026 04:00:00 GMT-0300 (Brasilia Standard Time),2
ETO3,GM,J&T Slow,Tue Jul 28 2026 04:00:00 GMT-0300 (Brasilia Standard Time),1
ETO3,GM,J&T Slow,Wed Aug 05 2026 04:00:00 GMT-0300 (Brasilia Standard Time),1
ETO3,GM,J&T Slow,Thu Aug 06 2026 04:00:00 GMT-0300 (Brasilia Standard Time),1
ETO4,GM,Carvalima,Tue Jul 28 2026 04:00:00 GMT-0300 (Brasilia Standard Time),3
ETO4,GM,Carvalima,Fri Jul 31 2026 04:00:00 GMT-0300 (Brasilia Standard Time),1
ETO4,GM,Carvalima,Tue Aug 04 2026 04:00:00 GMT-0300 (Brasilia Standard Time),1
ETO4,GM,Imile Fast,Tue Jul 28 2026 04:00:00 GMT-0300 (Brasilia Standard Time),1
ETO4,GM,Imile Fast,Mon Aug 10 2026 04:00:00 GMT-0300 (Brasilia Standard Time),1
ETO4,GM,J&T Fast,Mon Jul 27 2026 04:00:00 GMT-0300 (Brasilia Standard Time),2
ETO4,GM,J&T Fast,Tue Jul 28 2026 04:00:00 GMT-0300 (Brasilia Standard Time),16
ETO4,GM,J&T Fast,Wed Jul 29 2026 04:00:00 GMT-0300 (Brasilia Standard Time),4
ETO4,GM,J&T Fast,Fri Jul 31 2026 04:00:00 GMT-0300 (Brasilia Standard Time),2
ETO4,GM,J&T Fast,Sat Aug 01 2026 04:00:00 GMT-0300 (Brasilia Standard Time),5
ETO4,GM,J&T Fast,Mon Aug 03 2026 04:00:00 GMT-0300 (Brasilia Standard Time),4
ETO4,GM,J&T Fast,Tue Aug 04 2026 04:00:00 GMT-0300 (Brasilia Standard Time),4
ETO4,GM,J&T Fast,Wed Aug 05 2026 04:00:00 GMT-0300 (Brasilia Standard Time),2
ETO4,GM,J&T Fast,Fri Aug 07 2026 04:00:00 GMT-0300 (Brasilia Standard Time),6
ETO4,GM,J&T Fast,Sat Aug 08 2026 04:00:00 GMT-0300 (Brasilia Standard Time),1
ETO4,GM,J&T Slow,Mon Jul 27 2026 04:00:00 GMT-0300 (Brasilia Standard Time),1
ETO4,GM,J&T Slow,Tue Jul 28 2026 04:00:00 GMT-0300 (Brasilia Standard Time),3
ETO4,GM,J&T Slow,Wed Jul 29 2026 04:00:00 GMT-0300 (Brasilia Standard Time),8
ETO4,GM,J&T Slow,Fri Jul 31 2026 04:00:00 GMT-0300 (Brasilia Standard Time),3
ETO4,GM,J&T Slow,Sat Aug 01 2026 04:00:00 GMT-0300 (Brasilia Standard Time),1
ETO4,GM,J&T Slow,Tue Aug 04 2026 04:00:00 GMT-0300 (Brasilia Standard Time),2
ETO4,GM,J&T Slow,Wed Aug 05 2026 04:00:00 GMT-0300 (Brasilia Standard Time),3
ETO4,GM,J&T Slow,Fri Aug 07 2026 04:00:00 GMT-0300 (Brasilia Standard Time),4
ETO4,GM,J&T Slow,Sat Aug 08 2026 04:00:00 GMT-0300 (Brasilia Standard Time),2
ETO4,GM,Jad,Sat Aug 08 2026 04:00:00 GMT-0300 (Brasilia Standard Time),1
ETO4,LARGE,Carvalima,Mon Jul 27 2026 04:00:00 GMT-0300 (Brasilia Standard Time),1
ETO4,LARGE,Carvalima,Fri Jul 31 2026 04:00:00 GMT-0300 (Brasilia Standard Time),3
ETO4,LARGE,Carvalima,Sat Aug 01 2026 04:00:00 GMT-0300 (Brasilia Standard Time),2
ETO4,LARGE,Carvalima,Tue Aug 04 2026 04:00:00 GMT-0300 (Brasilia Standard Time),1
ETO4,LARGE,J&T Fast,Wed Jul 29 2026 04:00:00 GMT-0300 (Brasilia Standard Time),1
ETO4,LARGE,J&T Fast,Sat Aug 01 2026 04:00:00 GMT-0300 (Brasilia Standard Time),1
ETO4,LARGE,J&T Fast,Wed Aug 05 2026 04:00:00 GMT-0300 (Brasilia Standard Time),1
ETO4,LARGE,J&T Fast,Fri Aug 07 2026 04:00:00 GMT-0300 (Brasilia Standard Time),2
ETO4,LARGE,J&T Slow,Wed Jul 29 2026 04:00:00 GMT-0300 (Brasilia Standard Time),1
ETO4,LARGE,J&T Slow,Mon Aug 03 2026 04:00:00 GMT-0300 (Brasilia Standard Time),1
ETO4,OVERSIZE,Carvalima,Fri Aug 07 2026 04:00:00 GMT-0300 (Brasilia Standard Time),1
ETO4,OVERSIZE,Imile Fast,Tue Aug 04 2026 04:00:00 GMT-0300 (Brasilia Standard Time),1
ETO4,OVERSIZE,Imile Fast,Thu Aug 06 2026 04:00:00 GMT-0300 (Brasilia Standard Time),1
ETO5,GM,Carvalima,Mon Aug 03 2026 04:00:00 GMT-0300 (Brasilia Standard Time),1
ETO5,GM,Carvalima,Thu Aug 06 2026 04:00:00 GMT-0300 (Brasilia Standard Time),2
ETO5,GM,J&T Fast,Tue Aug 04 2026 04:00:00 GMT-0300 (Brasilia Standard Time),1
ETO5,GM,J&T Fast,Thu Aug 06 2026 04:00:00 GMT-0300 (Brasilia Standard Time),2
ETO5,GM,J&T Slow,Mon Aug 03 2026 04:00:00 GMT-0300 (Brasilia Standard Time),3
ETO5,GM,J&T Slow,Tue Aug 04 2026 04:00:00 GMT-0300 (Brasilia Standard Time),2
ETO5,GM,J&T Slow,Thu Aug 06 2026 04:00:00 GMT-0300 (Brasilia Standard Time),2
ETO5,GM,J&T Slow,Sat Aug 15 2026 04:00:00 GMT-0300 (Brasilia Standard Time),1
ETO5,LARGE,Carvalima,Thu Aug 13 2026 04:00:00 GMT-0300 (Brasilia Standard Time),1
ETO6,GM,Carvalima,Thu Aug 06 2026 04:00:00 GMT-0300 (Brasilia Standard Time),1
ETO6,GM,Carvalima,Thu Aug 13 2026 04:00:00 GMT-0300 (Brasilia Standard Time),1
ETO6,GM,J&T Slow,Sat Jul 25 2026 04:00:00 GMT-0300 (Brasilia Standard Time),1
ETO6,GM,J&T Slow,Mon Jul 27 2026 04:00:00 GMT-0300 (Brasilia Standard Time),2
ETO6,GM,J&T Slow,Thu Aug 06 2026 04:00:00 GMT-0300 (Brasilia Standard Time),4
ETO7,GM,Carvalima,Thu Aug 13 2026 04:00:00 GMT-0300 (Brasilia Standard Time),1
ETO7,GM,Imile Fast,Sat Aug 15 2026 04:00:00 GMT-0300 (Brasilia Standard Time),1
ETO7,GM,J&T Fast,Sat Aug 08 2026 04:00:00 GMT-0300 (Brasilia Standard Time),1
ETO7,GM,J&T Fast,Thu Aug 13 2026 04:00:00 GMT-0300 (Brasilia Standard Time),1
ETO7,GM,J&T Slow,Sat Jul 25 2026 04:00:00 GMT-0300 (Brasilia Standard Time),4
ETO7,GM,J&T Slow,Wed Jul 29 2026 04:00:00 GMT-0300 (Brasilia Standard Time),1
ETO7,GM,J&T Slow,Thu Jul 30 2026 04:00:00 GMT-0300 (Brasilia Standard Time),1
ETO7,GM,J&T Slow,Thu Aug 06 2026 04:00:00 GMT-0300 (Brasilia Standard Time),1
ETO7,OVERSIZE,Carvalima,Thu Aug 06 2026 04:00:00 GMT-0300 (Brasilia Standard Time),1
ETO8,GM,Carvalima,Sat Jul 25 2026 04:00:00 GMT-0300 (Brasilia Standard Time),1
ETO8,GM,Carvalima,Wed Aug 05 2026 04:00:00 GMT-0300 (Brasilia Standard Time),1
ETO8,GM,Carvalima,Thu Aug 06 2026 04:00:00 GMT-0300 (Brasilia Standard Time),1
ETO8,GM,Carvalima,Thu Aug 13 2026 04:00:00 GMT-0300 (Brasilia Standard Time),1
ETO8,GM,J&T Slow,Thu Aug 06 2026 04:00:00 GMT-0300 (Brasilia Standard Time),2
ETO9,GM,J&T Slow,Thu Aug 06 2026 04:00:00 GMT-0300 (Brasilia Standard Time),1
MPE1,GM,J&T Fast,Thu Jul 30 2026 04:00:00 GMT-0300 (Brasilia Standard Time),1
MPE1,GM,J&T Fast,Tue Aug 04 2026 04:00:00 GMT-0300 (Brasilia Standard Time),1
MPR2,GM,J&T Fast,Mon Aug 03 2026 04:00:00 GMT-0300 (Brasilia Standard Time),1
MPR2,GM,J&T Fast,Tue Aug 04 2026 04:00:00 GMT-0300 (Brasilia Standard Time),1
MSP12,GM,J&T Fast,Mon Jul 27 2026 04:00:00 GMT-0300 (Brasilia Standard Time),1
MSP12,GM,J&T Fast,Wed Jul 29 2026 04:00:00 GMT-0300 (Brasilia Standard Time),1
MSP12,GM,J&T Fast,Sat Aug 01 2026 04:00:00 GMT-0300 (Brasilia Standard Time),1
MSP12,GM,J&T Fast,Tue Aug 04 2026 04:00:00 GMT-0300 (Brasilia Standard Time),1
MSP7,GM,J&T Fast,Mon Aug 03 2026 04:00:00 GMT-0300 (Brasilia Standard Time),1
MSP7,GM,J&T Slow,Wed Jul 22 2026 04:00:00 GMT-0300 (Brasilia Standard Time),1
MSP7,GM,J&T Slow,Mon Jul 27 2026 04:00:00 GMT-0300 (Brasilia Standard Time),1
SAL1,GM,J&T Fast,Thu Jul 30 2026 04:00:00 GMT-0300 (Brasilia Standard Time),1
SAL1,GM,J&T Fast,Mon Aug 03 2026 04:00:00 GMT-0300 (Brasilia Standard Time),2
SAL1,GM,J&T Fast,Fri Aug 07 2026 04:00:00 GMT-0300 (Brasilia Standard Time),1
SAL1,GM,J&T Slow,Mon Jul 27 2026 04:00:00 GMT-0300 (Brasilia Standard Time),2
SAL1,GM,J&T Slow,Wed Jul 29 2026 04:00:00 GMT-0300 (Brasilia Standard Time),10
SAL1,GM,J&T Slow,Thu Jul 30 2026 04:00:00 GMT-0300 (Brasilia Standard Time),14
SAL1,GM,J&T Slow,Fri Jul 31 2026 04:00:00 GMT-0300 (Brasilia Standard Time),4
SAL1,GM,J&T Slow,Sat Aug 01 2026 04:00:00 GMT-0300 (Brasilia Standard Time),5
SAL1,GM,J&T Slow,Mon Aug 03 2026 04:00:00 GMT-0300 (Brasilia Standard Time),2
SAL1,GM,J&T Slow,Wed Aug 05 2026 04:00:00 GMT-0300 (Brasilia Standard Time),12
SAL1,GM,J&T Slow,Thu Aug 06 2026 04:00:00 GMT-0300 (Brasilia Standard Time),7
SAL1,GM,J&T Slow,Fri Aug 07 2026 04:00:00 GMT-0300 (Brasilia Standard Time),5
SAL1,GM,J&T Slow,Sat Aug 08 2026 04:00:00 GMT-0300 (Brasilia Standard Time),4
SAL1,GM,J&T Slow,Mon Aug 10 2026 04:00:00 GMT-0300 (Brasilia Standard Time),1
SAL1,GM,J&T Slow,Wed Aug 19 2026 04:00:00 GMT-0300 (Brasilia Standard Time),1
SAL1,GM,Jad,Sat Jul 25 2026 04:00:00 GMT-0300 (Brasilia Standard Time),1
SAL1,GM,Jad,Mon Jul 27 2026 04:00:00 GMT-0300 (Brasilia Standard Time),1
SAL1,GM,Jad,Wed Jul 29 2026 04:00:00 GMT-0300 (Brasilia Standard Time),2
SAL1,GM,Jad,Thu Jul 30 2026 04:00:00 GMT-0300 (Brasilia Standard Time),1
SAL1,GM,Jad,Fri Jul 31 2026 04:00:00 GMT-0300 (Brasilia Standard Time),2
SAL1,GM,Loggi,Thu Jul 30 2026 04:00:00 GMT-0300 (Brasilia Standard Time),1
SAL1,LARGE,J&T Slow,Fri Jul 31 2026 04:00:00 GMT-0300 (Brasilia Standard Time),1
SAL1,LARGE,J&T Slow,Sat Aug 01 2026 04:00:00 GMT-0300 (Brasilia Standard Time),1
SAL1,LARGE,J&T Slow,Thu Aug 06 2026 04:00:00 GMT-0300 (Brasilia Standard Time),1
SAL1,LARGE,Jad,Sat Jul 25 2026 04:00:00 GMT-0300 (Brasilia Standard Time),1
SAL1,LARGE,Jad,Thu Jul 30 2026 04:00:00 GMT-0300 (Brasilia Standard Time),2
SAL1,LARGE,Jad,Sat Aug 08 2026 04:00:00 GMT-0300 (Brasilia Standard Time),1
SAL1,OVERSIZE,Jad,Thu Jul 23 2026 04:00:00 GMT-0300 (Brasilia Standard Time),1
SAL1,OVERSIZE,Jad,Sat Jul 25 2026 04:00:00 GMT-0300 (Brasilia Standard Time),1
SAM1,GM,Imile Fast,Thu Jul 23 2026 04:00:00 GMT-0300 (Brasilia Standard Time),1
SAM1,GM,Imile Fast,Fri Jul 24 2026 04:00:00 GMT-0300 (Brasilia Standard Time),4
SAM1,GM,Imile Fast,Sat Jul 25 2026 04:00:00 GMT-0300 (Brasilia Standard Time),47
SAM1,GM,Imile Fast,Mon Jul 27 2026 04:00:00 GMT-0300 (Brasilia Standard Time),47
SAM1,GM,Imile Fast,Wed Jul 29 2026 04:00:00 GMT-0300 (Brasilia Standard Time),73
SAM1,GM,Imile Fast,Thu Jul 30 2026 04:00:00 GMT-0300 (Brasilia Standard Time),100
SAM1,GM,Imile Fast,Fri Jul 31 2026 04:00:00 GMT-0300 (Brasilia Standard Time),99
SAM1,GM,Imile Fast,Sat Aug 01 2026 04:00:00 GMT-0300 (Brasilia Standard Time),64
SAM1,GM,Imile Fast,Mon Aug 03 2026 04:00:00 GMT-0300 (Brasilia Standard Time),40
SAM1,GM,Imile Fast,Wed Aug 05 2026 04:00:00 GMT-0300 (Brasilia Standard Time),78
SAM1,GM,Imile Fast,Thu Aug 06 2026 04:00:00 GMT-0300 (Brasilia Standard Time),36
SAM1,GM,Imile Fast,Fri Aug 07 2026 04:00:00 GMT-0300 (Brasilia Standard Time),2
SAM1,GM,Imile Fast,Sat Aug 08 2026 04:00:00 GMT-0300 (Brasilia Standard Time),1
SAM1,GM,Imile Slow,Mon Jul 27 2026 04:00:00 GMT-0300 (Brasilia Standard Time),1
SAM1,GM,Imile Slow,Wed Jul 29 2026 04:00:00 GMT-0300 (Brasilia Standard Time),2
SAM1,GM,Imile Slow,Thu Aug 06 2026 04:00:00 GMT-0300 (Brasilia Standard Time),1
SAM1,GM,J&T Fast,Wed Jul 29 2026 04:00:00 GMT-0300 (Brasilia Standard Time),4
SAM1,GM,J&T Fast,Thu Jul 30 2026 04:00:00 GMT-0300 (Brasilia Standard Time),1
SAM1,GM,J&T Slow,Mon Jul 27 2026 04:00:00 GMT-0300 (Brasilia Standard Time),4
SAM1,GM,J&T Slow,Wed Jul 29 2026 04:00:00 GMT-0300 (Brasilia Standard Time),1
SAM1,GM,J&T Slow,Fri Jul 31 2026 04:00:00 GMT-0300 (Brasilia Standard Time),2
SAM1,GM,J&T Slow,Sat Aug 01 2026 04:00:00 GMT-0300 (Brasilia Standard Time),1
SAM1,GM,J&T Slow,Mon Aug 03 2026 04:00:00 GMT-0300 (Brasilia Standard Time),2
SAM1,GM,Jad,Fri Jul 24 2026 04:00:00 GMT-0300 (Brasilia Standard Time),1
SAM1,GM,Jad,Sat Jul 25 2026 04:00:00 GMT-0300 (Brasilia Standard Time),18
SAM1,GM,Jad,Mon Jul 27 2026 04:00:00 GMT-0300 (Brasilia Standard Time),7
SAM1,GM,Jad,Wed Jul 29 2026 04:00:00 GMT-0300 (Brasilia Standard Time),12
SAM1,GM,Jad,Thu Jul 30 2026 04:00:00 GMT-0300 (Brasilia Standard Time),30
SAM1,GM,Jad,Fri Jul 31 2026 04:00:00 GMT-0300 (Brasilia Standard Time),21
SAM1,GM,Jad,Sat Aug 01 2026 04:00:00 GMT-0300 (Brasilia Standard Time),20
SAM1,GM,Jad,Mon Aug 03 2026 04:00:00 GMT-0300 (Brasilia Standard Time),16
SAM1,GM,Jad,Tue Aug 04 2026 04:00:00 GMT-0300 (Brasilia Standard Time),1
SAM1,GM,Jad,Wed Aug 05 2026 04:00:00 GMT-0300 (Brasilia Standard Time),13
SAM1,GM,Jad,Thu Aug 06 2026 04:00:00 GMT-0300 (Brasilia Standard Time),16
SAM1,GM,Jad,Fri Aug 07 2026 04:00:00 GMT-0300 (Brasilia Standard Time),7
SAM1,GM,Jad,Sat Aug 08 2026 04:00:00 GMT-0300 (Brasilia Standard Time),1
SAM1,GM,Loggi,Sat Jul 25 2026 04:00:00 GMT-0300 (Brasilia Standard Time),3
SAM1,GM,Loggi,Mon Jul 27 2026 04:00:00 GMT-0300 (Brasilia Standard Time),7
SAM1,GM,Loggi,Wed Jul 29 2026 04:00:00 GMT-0300 (Brasilia Standard Time),9
SAM1,GM,Loggi,Thu Jul 30 2026 04:00:00 GMT-0300 (Brasilia Standard Time),17
SAM1,GM,Loggi,Fri Jul 31 2026 04:00:00 GMT-0300 (Brasilia Standard Time),10
SAM1,GM,Loggi,Sat Aug 01 2026 04:00:00 GMT-0300 (Brasilia Standard Time),15
SAM1,GM,Loggi,Mon Aug 03 2026 04:00:00 GMT-0300 (Brasilia Standard Time),8
SAM1,GM,Loggi,Wed Aug 05 2026 04:00:00 GMT-0300 (Brasilia Standard Time),11
SAM1,GM,Loggi,Thu Aug 06 2026 04:00:00 GMT-0300 (Brasilia Standard Time),57
SAM1,GM,Loggi,Fri Aug 07 2026 04:00:00 GMT-0300 (Brasilia Standard Time),47
SAM1,GM,Loggi,Sat Aug 08 2026 04:00:00 GMT-0300 (Brasilia Standard Time),3
SAM1,LARGE,Carvalima,Mon Aug 10 2026 04:00:00 GMT-0300 (Brasilia Standard Time),1
SAM1,LARGE,Imile Fast,Mon Jul 27 2026 04:00:00 GMT-0300 (Brasilia Standard Time),3
SAM1,LARGE,Imile Fast,Wed Jul 29 2026 04:00:00 GMT-0300 (Brasilia Standard Time),3
SAM1,LARGE,Imile Fast,Thu Jul 30 2026 04:00:00 GMT-0300 (Brasilia Standard Time),6
SAM1,LARGE,Imile Fast,Fri Jul 31 2026 04:00:00 GMT-0300 (Brasilia Standard Time),10
SAM1,LARGE,Imile Fast,Sat Aug 01 2026 04:00:00 GMT-0300 (Brasilia Standard Time),4
SAM1,LARGE,Imile Fast,Mon Aug 03 2026 04:00:00 GMT-0300 (Brasilia Standard Time),3
SAM1,LARGE,Imile Fast,Wed Aug 05 2026 04:00:00 GMT-0300 (Brasilia Standard Time),5
SAM1,LARGE,Imile Fast,Thu Aug 06 2026 04:00:00 GMT-0300 (Brasilia Standard Time),4
SAM1,LARGE,Imile Fast,Fri Aug 07 2026 04:00:00 GMT-0300 (Brasilia Standard Time),1
SAM1,LARGE,Jad,Sat Jul 25 2026 04:00:00 GMT-0300 (Brasilia Standard Time),6
SAM1,LARGE,Jad,Mon Jul 27 2026 04:00:00 GMT-0300 (Brasilia Standard Time),5
SAM1,LARGE,Jad,Wed Jul 29 2026 04:00:00 GMT-0300 (Brasilia Standard Time),5
SAM1,LARGE,Jad,Thu Jul 30 2026 04:00:00 GMT-0300 (Brasilia Standard Time),4
SAM1,LARGE,Jad,Fri Jul 31 2026 04:00:00 GMT-0300 (Brasilia Standard Time),12
SAM1,LARGE,Jad,Sat Aug 01 2026 04:00:00 GMT-0300 (Brasilia Standard Time),5
SAM1,LARGE,Jad,Mon Aug 03 2026 04:00:00 GMT-0300 (Brasilia Standard Time),1
SAM1,LARGE,Jad,Wed Aug 05 2026 04:00:00 GMT-0300 (Brasilia Standard Time),8
SAM1,LARGE,Jad,Thu Aug 06 2026 04:00:00 GMT-0300 (Brasilia Standard Time),4
SAM1,LARGE,Jad,Fri Aug 07 2026 04:00:00 GMT-0300 (Brasilia Standard Time),3
SAM1,LARGE,Loggi,Fri Jul 24 2026 04:00:00 GMT-0300 (Brasilia Standard Time),1
SAM1,LARGE,Loggi,Wed Jul 29 2026 04:00:00 GMT-0300 (Brasilia Standard Time),1
SAM1,LARGE,Loggi,Thu Jul 30 2026 04:00:00 GMT-0300 (Brasilia Standard Time),1
SAM1,LARGE,Loggi,Fri Jul 31 2026 04:00:00 GMT-0300 (Brasilia Standard Time),1
SAM1,LARGE,Loggi,Sat Aug 01 2026 04:00:00 GMT-0300 (Brasilia Standard Time),2
SAM1,LARGE,Loggi,Mon Aug 03 2026 04:00:00 GMT-0300 (Brasilia Standard Time),1
SAM1,LARGE,Loggi,Thu Aug 06 2026 04:00:00 GMT-0300 (Brasilia Standard Time),2
SAM1,LARGE,Loggi,Fri Aug 07 2026 04:00:00 GMT-0300 (Brasilia Standard Time),2
SAM1,LARGE,Loggi,Sat Aug 08 2026 04:00:00 GMT-0300 (Brasilia Standard Time),2
SAM1,OVERSIZE,Imile Fast,Mon Jul 27 2026 04:00:00 GMT-0300 (Brasilia Standard Time),1
SAM1,OVERSIZE,Imile Fast,Thu Jul 30 2026 04:00:00 GMT-0300 (Brasilia Standard Time),1
SAM1,OVERSIZE,Imile Fast,Sat Aug 01 2026 04:00:00 GMT-0300 (Brasilia Standard Time),1
SAM1,OVERSIZE,Imile Fast,Wed Aug 05 2026 04:00:00 GMT-0300 (Brasilia Standard Time),1
SAM1,OVERSIZE,Imile Fast,Thu Aug 06 2026 04:00:00 GMT-0300 (Brasilia Standard Time),1
SAM1,OVERSIZE,J&T Fast,Fri Jul 31 2026 04:00:00 GMT-0300 (Brasilia Standard Time),1
SAM1,OVERSIZE,Jad,Sat Jul 25 2026 04:00:00 GMT-0300 (Brasilia Standard Time),2
SAM1,OVERSIZE,Jad,Mon Jul 27 2026 04:00:00 GMT-0300 (Brasilia Standard Time),2
SAM1,OVERSIZE,Jad,Wed Jul 29 2026 04:00:00 GMT-0300 (Brasilia Standard Time),2
SAM1,OVERSIZE,Jad,Thu Jul 30 2026 04:00:00 GMT-0300 (Brasilia Standard Time),4
SAM1,OVERSIZE,Jad,Fri Jul 31 2026 04:00:00 GMT-0300 (Brasilia Standard Time),3
SAM1,OVERSIZE,Jad,Sat Aug 01 2026 04:00:00 GMT-0300 (Brasilia Standard Time),3
SAM1,OVERSIZE,Jad,Mon Aug 03 2026 04:00:00 GMT-0300 (Brasilia Standard Time),1
SAM1,OVERSIZE,Jad,Thu Aug 06 2026 04:00:00 GMT-0300 (Brasilia Standard Time),2
SAM1,OVERSIZE,Jad,Fri Aug 07 2026 04:00:00 GMT-0300 (Brasilia Standard Time),1
SAM1,OVERSIZE,Loggi,Sat Jul 25 2026 04:00:00 GMT-0300 (Brasilia Standard Time),1
SBA1,GM,J&T Fast,Fri Jul 24 2026 04:00:00 GMT-0300 (Brasilia Standard Time),1
SBA1,GM,J&T Fast,Mon Jul 27 2026 04:00:00 GMT-0300 (Brasilia Standard Time),1
SBA1,GM,J&T Fast,Tue Jul 28 2026 04:00:00 GMT-0300 (Brasilia Standard Time),7
SBA1,GM,J&T Fast,Wed Jul 29 2026 04:00:00 GMT-0300 (Brasilia Standard Time),4
SBA1,GM,J&T Fast,Thu Jul 30 2026 04:00:00 GMT-0300 (Brasilia Standard Time),2
SBA1,GM,J&T Fast,Mon Aug 03 2026 04:00:00 GMT-0300 (Brasilia Standard Time),6
SBA1,GM,J&T Fast,Tue Aug 04 2026 04:00:00 GMT-0300 (Brasilia Standard Time),12
SBA1,GM,J&T Fast,Wed Aug 05 2026 04:00:00 GMT-0300 (Brasilia Standard Time),3
SBA1,GM,J&T Fast,Fri Aug 07 2026 04:00:00 GMT-0300 (Brasilia Standard Time),1
SBA1,GM,J&T Slow,Sat Jul 25 2026 04:00:00 GMT-0300 (Brasilia Standard Time),2
SBA1,GM,J&T Slow,Mon Jul 27 2026 04:00:00 GMT-0300 (Brasilia Standard Time),5
SBA1,GM,J&T Slow,Tue Jul 28 2026 04:00:00 GMT-0300 (Brasilia Standard Time),8
SBA1,GM,J&T Slow,Wed Jul 29 2026 04:00:00 GMT-0300 (Brasilia Standard Time),11
SBA1,GM,J&T Slow,Thu Jul 30 2026 04:00:00 GMT-0300 (Brasilia Standard Time),4
SBA1,GM,J&T Slow,Fri Jul 31 2026 04:00:00 GMT-0300 (Brasilia Standard Time),2
SBA1,GM,J&T Slow,Sat Aug 01 2026 04:00:00 GMT-0300 (Brasilia Standard Time),15
SBA1,GM,J&T Slow,Mon Aug 03 2026 04:00:00 GMT-0300 (Brasilia Standard Time),1
SBA1,GM,J&T Slow,Tue Aug 04 2026 04:00:00 GMT-0300 (Brasilia Standard Time),10
SBA1,GM,J&T Slow,Wed Aug 05 2026 04:00:00 GMT-0300 (Brasilia Standard Time),7
SBA1,GM,J&T Slow,Thu Aug 06 2026 04:00:00 GMT-0300 (Brasilia Standard Time),6
SBA1,GM,J&T Slow,Sat Aug 15 2026 04:00:00 GMT-0300 (Brasilia Standard Time),1
SBA1,GM,Jad,Thu Jul 23 2026 04:00:00 GMT-0300 (Brasilia Standard Time),1
SBA1,GM,Jad,Fri Jul 24 2026 04:00:00 GMT-0300 (Brasilia Standard Time),1
SBA1,GM,Jad,Sat Jul 25 2026 04:00:00 GMT-0300 (Brasilia Standard Time),3
SBA1,GM,Jad,Mon Jul 27 2026 04:00:00 GMT-0300 (Brasilia Standard Time),3
SBA1,GM,Jad,Wed Jul 29 2026 04:00:00 GMT-0300 (Brasilia Standard Time),5
SBA1,GM,Jad,Thu Jul 30 2026 04:00:00 GMT-0300 (Brasilia Standard Time),2
SBA1,GM,Jad,Fri Jul 31 2026 04:00:00 GMT-0300 (Brasilia Standard Time),1
SBA1,GM,Jad,Sat Aug 01 2026 04:00:00 GMT-0300 (Brasilia Standard Time),2
SBA1,GM,Jad,Mon Aug 03 2026 04:00:00 GMT-0300 (Brasilia Standard Time),1
SBA1,GM,Jad,Tue Aug 04 2026 04:00:00 GMT-0300 (Brasilia Standard Time),2
SBA1,GM,Jad,Wed Aug 05 2026 04:00:00 GMT-0300 (Brasilia Standard Time),2
SBA1,GM,Jad,Fri Aug 07 2026 04:00:00 GMT-0300 (Brasilia Standard Time),1
SBA1,GM,Loggi,Sat Aug 01 2026 04:00:00 GMT-0300 (Brasilia Standard Time),1
SBA1,GM,Loggi,Tue Aug 04 2026 04:00:00 GMT-0300 (Brasilia Standard Time),1
SBA1,LARGE,Dominalog,Fri Jul 24 2026 04:00:00 GMT-0300 (Brasilia Standard Time),1
SBA1,LARGE,Dominalog,Tue Aug 04 2026 04:00:00 GMT-0300 (Brasilia Standard Time),1
SBA1,LARGE,J&T Slow,Sat Jul 25 2026 04:00:00 GMT-0300 (Brasilia Standard Time),1
SBA1,LARGE,J&T Slow,Mon Jul 27 2026 04:00:00 GMT-0300 (Brasilia Standard Time),1
SBA1,LARGE,J&T Slow,Wed Jul 29 2026 04:00:00 GMT-0300 (Brasilia Standard Time),1
SBA1,LARGE,J&T Slow,Tue Aug 04 2026 04:00:00 GMT-0300 (Brasilia Standard Time),3
SBA1,LARGE,J&T Slow,Sat Aug 08 2026 04:00:00 GMT-0300 (Brasilia Standard Time),1
SBA1,LARGE,Jad,Sat Jul 25 2026 04:00:00 GMT-0300 (Brasilia Standard Time),1
SBA1,LARGE,Jad,Mon Jul 27 2026 04:00:00 GMT-0300 (Brasilia Standard Time),1
SBA1,LARGE,Jad,Wed Jul 29 2026 04:00:00 GMT-0300 (Brasilia Standard Time),2
SBA1,LARGE,Jad,Thu Jul 30 2026 04:00:00 GMT-0300 (Brasilia Standard Time),2
SBA1,LARGE,Jad,Fri Jul 31 2026 04:00:00 GMT-0300 (Brasilia Standard Time),2
SBA1,LARGE,Jad,Thu Aug 06 2026 04:00:00 GMT-0300 (Brasilia Standard Time),1
SBA1,LARGE,Jad,Fri Aug 07 2026 04:00:00 GMT-0300 (Brasilia Standard Time),1
SBA1,LARGE,Loggi,Wed Aug 05 2026 04:00:00 GMT-0300 (Brasilia Standard Time),1
SBA1,LARGE,Loggi,Fri Aug 07 2026 04:00:00 GMT-0300 (Brasilia Standard Time),1
SBA1,OVERSIZE,Jad,Wed Jul 29 2026 04:00:00 GMT-0300 (Brasilia Standard Time),2
SBA1,OVERSIZE,Jad,Thu Jul 30 2026 04:00:00 GMT-0300 (Brasilia Standard Time),2
SBA2,GM,J&T Fast,Wed Jul 29 2026 04:00:00 GMT-0300 (Brasilia Standard Time),1
SBA2,GM,J&T Fast,Thu Jul 30 2026 04:00:00 GMT-0300 (Brasilia Standard Time),1
SBA2,GM,J&T Fast,Thu Aug 06 2026 04:00:00 GMT-0300 (Brasilia Standard Time),1
SBA2,GM,J&T Slow,Wed Jul 29 2026 04:00:00 GMT-0300 (Brasilia Standard Time),2
SBA2,GM,J&T Slow,Thu Jul 30 2026 04:00:00 GMT-0300 (Brasilia Standard Time),4
SBA2,GM,J&T Slow,Fri Jul 31 2026 04:00:00 GMT-0300 (Brasilia Standard Time),5
SBA2,GM,J&T Slow,Sat Aug 01 2026 04:00:00 GMT-0300 (Brasilia Standard Time),1
SBA2,GM,J&T Slow,Mon Aug 03 2026 04:00:00 GMT-0300 (Brasilia Standard Time),3
SBA2,GM,J&T Slow,Tue Aug 04 2026 04:00:00 GMT-0300 (Brasilia Standard Time),1
SBA2,GM,J&T Slow,Wed Aug 05 2026 04:00:00 GMT-0300 (Brasilia Standard Time),2
SBA2,GM,J&T Slow,Thu Aug 06 2026 04:00:00 GMT-0300 (Brasilia Standard Time),5
SBA2,GM,J&T Slow,Fri Aug 07 2026 04:00:00 GMT-0300 (Brasilia Standard Time),2
SBA2,GM,Jad,Fri Jul 24 2026 04:00:00 GMT-0300 (Brasilia Standard Time),3
SBA2,GM,Jad,Sat Jul 25 2026 04:00:00 GMT-0300 (Brasilia Standard Time),3
SBA2,GM,Jad,Mon Jul 27 2026 04:00:00 GMT-0300 (Brasilia Standard Time),2
SBA2,GM,Jad,Tue Jul 28 2026 04:00:00 GMT-0300 (Brasilia Standard Time),1
SBA2,GM,Jad,Wed Jul 29 2026 04:00:00 GMT-0300 (Brasilia Standard Time),4
SBA2,GM,Jad,Thu Jul 30 2026 04:00:00 GMT-0300 (Brasilia Standard Time),3
SBA2,GM,Jad,Fri Jul 31 2026 04:00:00 GMT-0300 (Brasilia Standard Time),7
SBA2,GM,Jad,Sat Aug 01 2026 04:00:00 GMT-0300 (Brasilia Standard Time),7
SBA2,GM,Jad,Mon Aug 03 2026 04:00:00 GMT-0300 (Brasilia Standard Time),3
SBA2,GM,Loggi,Sat Jul 25 2026 04:00:00 GMT-0300 (Brasilia Standard Time),1
SBA2,GM,Loggi,Mon Jul 27 2026 04:00:00 GMT-0300 (Brasilia Standard Time),1
SBA2,GM,Loggi,Tue Jul 28 2026 04:00:00 GMT-0300 (Brasilia Standard Time),1
SBA2,GM,Loggi,Wed Jul 29 2026 04:00:00 GMT-0300 (Brasilia Standard Time),3
SBA2,GM,Loggi,Thu Jul 30 2026 04:00:00 GMT-0300 (Brasilia Standard Time),2
SBA2,GM,Loggi,Fri Jul 31 2026 04:00:00 GMT-0300 (Brasilia Standard Time),1
SBA2,GM,Loggi,Mon Aug 03 2026 04:00:00 GMT-0300 (Brasilia Standard Time),1
SBA2,GM,Loggi,Wed Aug 05 2026 04:00:00 GMT-0300 (Brasilia Standard Time),1
SBA2,GM,Loggi,Thu Aug 06 2026 04:00:00 GMT-0300 (Brasilia Standard Time),1
SBA2,LARGE,J&T Slow,Thu Jul 30 2026 04:00:00 GMT-0300 (Brasilia Standard Time),1
SBA2,LARGE,J&T Slow,Thu Aug 06 2026 04:00:00 GMT-0300 (Brasilia Standard Time),1
SBA2,LARGE,Jad,Fri Jul 24 2026 04:00:00 GMT-0300 (Brasilia Standard Time),3
SBA2,LARGE,Jad,Sat Jul 25 2026 04:00:00 GMT-0300 (Brasilia Standard Time),1
SBA2,LARGE,Jad,Wed Jul 29 2026 04:00:00 GMT-0300 (Brasilia Standard Time),2
SBA2,LARGE,Jad,Thu Jul 30 2026 04:00:00 GMT-0300 (Brasilia Standard Time),4
SBA2,LARGE,Jad,Fri Jul 31 2026 04:00:00 GMT-0300 (Brasilia Standard Time),4
SBA2,LARGE,Jad,Wed Aug 05 2026 04:00:00 GMT-0300 (Brasilia Standard Time),2
SBA2,LARGE,Jad,Thu Aug 06 2026 04:00:00 GMT-0300 (Brasilia Standard Time),1
SBA2,LARGE,Jad,Fri Aug 07 2026 04:00:00 GMT-0300 (Brasilia Standard Time),1
SBA2,OVERSIZE,J&T Slow,Thu Jul 30 2026 04:00:00 GMT-0300 (Brasilia Standard Time),1
SBA2,OVERSIZE,J&T Slow,Fri Jul 31 2026 04:00:00 GMT-0300 (Brasilia Standard Time),1
SBA2,OVERSIZE,Jad,Wed Jul 29 2026 04:00:00 GMT-0300 (Brasilia Standard Time),1
SBA2,OVERSIZE,Jad,Thu Jul 30 2026 04:00:00 GMT-0300 (Brasilia Standard Time),1
SBA2,OVERSIZE,Jad,Fri Jul 31 2026 04:00:00 GMT-0300 (Brasilia Standard Time),2
SBA2,OVERSIZE,Jad,Sat Aug 01 2026 04:00:00 GMT-0300 (Brasilia Standard Time),1
SBA2,OVERSIZE,Jad,Mon Aug 03 2026 04:00:00 GMT-0300 (Brasilia Standard Time),2
SBA2,OVERSIZE,Jad,Tue Aug 04 2026 04:00:00 GMT-0300 (Brasilia Standard Time),1
SBA2,OVERSIZE,Jad,Thu Aug 06 2026 04:00:00 GMT-0300 (Brasilia Standard Time),1
SBA3,GM,J&T Fast,Fri Jul 31 2026 04:00:00 GMT-0300 (Brasilia Standard Time),2
SBA3,GM,J&T Slow,Tue Aug 04 2026 04:00:00 GMT-0300 (Brasilia Standard Time),3
SBA3,GM,J&T Slow,Thu Aug 06 2026 04:00:00 GMT-0300 (Brasilia Standard Time),2
SBA3,GM,J&T Slow,Fri Aug 07 2026 04:00:00 GMT-0300 (Brasilia Standard Time),1
SBA3,LARGE,Dominalog,Fri Aug 07 2026 04:00:00 GMT-0300 (Brasilia Standard Time),1
SBA4,GM,Dominalog,Tue Jul 28 2026 04:00:00 GMT-0300 (Brasilia Standard Time),1
SBA4,GM,Dominalog,Wed Jul 29 2026 04:00:00 GMT-0300 (Brasilia Standard Time),1
SBA4,GM,J&T Nodos,Mon Aug 03 2026 04:00:00 GMT-0300 (Brasilia Standard Time),3
SBA4,GM,J&T Nodos,Tue Aug 04 2026 04:00:00 GMT-0300 (Brasilia Standard Time),1
SBA4,GM,J&T Nodos,Sat Aug 08 2026 04:00:00 GMT-0300 (Brasilia Standard Time),1
SBA4,GM,Jad,Sat Jul 25 2026 04:00:00 GMT-0300 (Brasilia Standard Time),1
SBA4,GM,Jad,Tue Jul 28 2026 04:00:00 GMT-0300 (Brasilia Standard Time),1
SBA4,GM,Jad,Wed Jul 29 2026 04:00:00 GMT-0300 (Brasilia Standard Time),5
SBA4,GM,Jad,Thu Jul 30 2026 04:00:00 GMT-0300 (Brasilia Standard Time),3
SBA4,GM,Jad,Sat Aug 01 2026 04:00:00 GMT-0300 (Brasilia Standard Time),5
SBA4,GM,Jad,Tue Aug 04 2026 04:00:00 GMT-0300 (Brasilia Standard Time),7
SBA4,GM,Jad,Wed Aug 05 2026 04:00:00 GMT-0300 (Brasilia Standard Time),3
SBA4,GM,Jad,Thu Aug 06 2026 04:00:00 GMT-0300 (Brasilia Standard Time),1
SBA4,GM,Loggi,Sat Jul 25 2026 04:00:00 GMT-0300 (Brasilia Standard Time),3
SBA4,GM,Loggi,Tue Jul 28 2026 04:00:00 GMT-0300 (Brasilia Standard Time),1
SBA4,GM,Loggi,Wed Jul 29 2026 04:00:00 GMT-0300 (Brasilia Standard Time),3
SBA4,GM,Loggi,Thu Jul 30 2026 04:00:00 GMT-0300 (Brasilia Standard Time),1
SBA4,GM,Loggi,Sat Aug 01 2026 04:00:00 GMT-0300 (Brasilia Standard Time),7
SBA4,GM,Loggi,Tue Aug 04 2026 04:00:00 GMT-0300 (Brasilia Standard Time),4
SBA4,GM,Loggi,Thu Aug 06 2026 04:00:00 GMT-0300 (Brasilia Standard Time),1
SBA4,LARGE,Dominalog,Sat Jul 25 2026 04:00:00 GMT-0300 (Brasilia Standard Time),1
SBA4,LARGE,Dominalog,Tue Jul 28 2026 04:00:00 GMT-0300 (Brasilia Standard Time),1
SBA4,LARGE,Dominalog,Thu Jul 30 2026 04:00:00 GMT-0300 (Brasilia Standard Time),1
SBA4,LARGE,Dominalog,Tue Aug 04 2026 04:00:00 GMT-0300 (Brasilia Standard Time),1
SBA4,LARGE,Jad,Sat Jul 25 2026 04:00:00 GMT-0300 (Brasilia Standard Time),4
SBA4,LARGE,Jad,Wed Jul 29 2026 04:00:00 GMT-0300 (Brasilia Standard Time),2
SBA4,LARGE,Jad,Fri Jul 31 2026 04:00:00 GMT-0300 (Brasilia Standard Time),1
SBA4,LARGE,Jad,Tue Aug 04 2026 04:00:00 GMT-0300 (Brasilia Standard Time),2
SBA4,LARGE,Loggi,Mon Jul 27 2026 04:00:00 GMT-0300 (Brasilia Standard Time),1
SBA4,LARGE,Loggi,Wed Aug 05 2026 04:00:00 GMT-0300 (Brasilia Standard Time),1
SBA4,OVERSIZE,Dominalog,Thu Jul 30 2026 04:00:00 GMT-0300 (Brasilia Standard Time),2
SBA4,OVERSIZE,Dominalog,Fri Jul 31 2026 04:00:00 GMT-0300 (Brasilia Standard Time),1
SBA4,OVERSIZE,Dominalog,Tue Aug 04 2026 04:00:00 GMT-0300 (Brasilia Standard Time),1
SBA4,OVERSIZE,Jad,Tue Jul 28 2026 04:00:00 GMT-0300 (Brasilia Standard Time),1
SBA4,OVERSIZE,Jad,Wed Jul 29 2026 04:00:00 GMT-0300 (Brasilia Standard Time),1
SBA4,OVERSIZE,Jad,Tue Aug 04 2026 04:00:00 GMT-0300 (Brasilia Standard Time),1
SBA4,OVERSIZE,Jad,Wed Aug 05 2026 04:00:00 GMT-0300 (Brasilia Standard Time),1
SBA6,GM,Dominalog,Fri Jul 24 2026 04:00:00 GMT-0300 (Brasilia Standard Time),1
SBA6,GM,Dominalog,Sat Jul 25 2026 04:00:00 GMT-0300 (Brasilia Standard Time),1
SBA6,GM,Dominalog,Mon Jul 27 2026 04:00:00 GMT-0300 (Brasilia Standard Time),1
SBA6,GM,J&T Fast,Sat Jul 25 2026 04:00:00 GMT-0300 (Brasilia Standard Time),2
SBA6,GM,J&T Fast,Mon Jul 27 2026 04:00:00 GMT-0300 (Brasilia Standard Time),3
SBA6,GM,J&T Fast,Tue Jul 28 2026 04:00:00 GMT-0300 (Brasilia Standard Time),11
SBA6,GM,J&T Fast,Sat Aug 01 2026 04:00:00 GMT-0300 (Brasilia Standard Time),4
SBA6,GM,J&T Fast,Mon Aug 03 2026 04:00:00 GMT-0300 (Brasilia Standard Time),1
SBA6,GM,J&T Fast,Tue Aug 04 2026 04:00:00 GMT-0300 (Brasilia Standard Time),10
SBA6,GM,J&T Fast,Thu Aug 06 2026 04:00:00 GMT-0300 (Brasilia Standard Time),1
SBA6,GM,J&T Slow,Fri Jul 24 2026 04:00:00 GMT-0300 (Brasilia Standard Time),1
SBA6,GM,J&T Slow,Sat Jul 25 2026 04:00:00 GMT-0300 (Brasilia Standard Time),4
SBA6,GM,J&T Slow,Tue Jul 28 2026 04:00:00 GMT-0300 (Brasilia Standard Time),5
SBA6,GM,J&T Slow,Thu Jul 30 2026 04:00:00 GMT-0300 (Brasilia Standard Time),1
SBA6,GM,J&T Slow,Sat Aug 01 2026 04:00:00 GMT-0300 (Brasilia Standard Time),8
SBA6,GM,J&T Slow,Tue Aug 04 2026 04:00:00 GMT-0300 (Brasilia Standard Time),3
SBA6,GM,J&T Slow,Wed Aug 05 2026 04:00:00 GMT-0300 (Brasilia Standard Time),8
SBA6,GM,J&T Slow,Thu Aug 06 2026 04:00:00 GMT-0300 (Brasilia Standard Time),2
SBA6,GM,Jad,Fri Jul 24 2026 04:00:00 GMT-0300 (Brasilia Standard Time),2
SBA6,GM,Jad,Sat Jul 25 2026 04:00:00 GMT-0300 (Brasilia Standard Time),2
SBA6,GM,Jad,Mon Jul 27 2026 04:00:00 GMT-0300 (Brasilia Standard Time),2
SBA6,GM,Jad,Thu Aug 06 2026 04:00:00 GMT-0300 (Brasilia Standard Time),1
SBA6,GM,Jad,Fri Aug 07 2026 04:00:00 GMT-0300 (Brasilia Standard Time),1
SBA6,GM,Loggi,Wed Aug 05 2026 04:00:00 GMT-0300 (Brasilia Standard Time),1
SBA6,LARGE,Dominalog,Fri Jul 31 2026 04:00:00 GMT-0300 (Brasilia Standard Time),1
SBA6,LARGE,Dominalog,Sat Aug 01 2026 04:00:00 GMT-0300 (Brasilia Standard Time),3
SBA6,LARGE,Dominalog,Thu Aug 06 2026 04:00:00 GMT-0300 (Brasilia Standard Time),1
SBA6,LARGE,J&T Slow,Fri Jul 24 2026 04:00:00 GMT-0300 (Brasilia Standard Time),1
SBA6,LARGE,J&T Slow,Mon Jul 27 2026 04:00:00 GMT-0300 (Brasilia Standard Time),1
SBA6,LARGE,J&T Slow,Tue Jul 28 2026 04:00:00 GMT-0300 (Brasilia Standard Time),1
SBA6,LARGE,Jad,Thu Jul 23 2026 04:00:00 GMT-0300 (Brasilia Standard Time),1
SBA6,LARGE,Jad,Mon Jul 27 2026 04:00:00 GMT-0300 (Brasilia Standard Time),1
SBA6,LARGE,Jad,Wed Jul 29 2026 04:00:00 GMT-0300 (Brasilia Standard Time),1
SBA6,LARGE,Jad,Thu Jul 30 2026 04:00:00 GMT-0300 (Brasilia Standard Time),1
SBA6,LARGE,Loggi,Sat Jul 25 2026 04:00:00 GMT-0300 (Brasilia Standard Time),1
SBA7,GM,Jad,Sat Jul 25 2026 04:00:00 GMT-0300 (Brasilia Standard Time),1
SBA7,GM,Jad,Fri Jul 31 2026 04:00:00 GMT-0300 (Brasilia Standard Time),1
SBA7,GM,Loggi,Tue Aug 04 2026 04:00:00 GMT-0300 (Brasilia Standard Time),1
SBA7,LARGE,Jad,Sat Jul 25 2026 04:00:00 GMT-0300 (Brasilia Standard Time),1
SBA9,GM,Loggi,Sat Jul 25 2026 04:00:00 GMT-0300 (Brasilia Standard Time),1
SBA9,GM,Loggi,Tue Jul 28 2026 04:00:00 GMT-0300 (Brasilia Standard Time),2
SBA9,GM,Loggi,Tue Aug 04 2026 04:00:00 GMT-0300 (Brasilia Standard Time),1
SBA9,LARGE,Dominalog,Mon Aug 03 2026 04:00:00 GMT-0300 (Brasilia Standard Time),1
SBA9,LARGE,Jad,Sat Jul 25 2026 04:00:00 GMT-0300 (Brasilia Standard Time),1
SBA9,LARGE,Loggi,Tue Jul 28 2026 04:00:00 GMT-0300 (Brasilia Standard Time),1
SBA9,LARGE,Loggi,Thu Jul 30 2026 04:00:00 GMT-0300 (Brasilia Standard Time),1
SBA9,OVERSIZE,Dominalog,Sat Aug 01 2026 04:00:00 GMT-0300 (Brasilia Standard Time),1
SCE1,GM,Dominalog,Wed Jul 29 2026 04:00:00 GMT-0300 (Brasilia Standard Time),6
SCE1,GM,Dominalog,Thu Jul 30 2026 04:00:00 GMT-0300 (Brasilia Standard Time),9
SCE1,GM,Dominalog,Sat Aug 01 2026 04:00:00 GMT-0300 (Brasilia Standard Time),1
SCE1,GM,Dominalog,Mon Aug 03 2026 04:00:00 GMT-0300 (Brasilia Standard Time),1
SCE1,GM,J&T Fast,Mon Jul 27 2026 04:00:00 GMT-0300 (Brasilia Standard Time),1
SCE1,GM,J&T Fast,Tue Jul 28 2026 04:00:00 GMT-0300 (Brasilia Standard Time),1
SCE1,GM,J&T Fast,Sat Aug 01 2026 04:00:00 GMT-0300 (Brasilia Standard Time),1
SCE1,GM,J&T Fast,Tue Aug 04 2026 04:00:00 GMT-0300 (Brasilia Standard Time),1
SCE1,GM,J&T Slow,Mon Jul 27 2026 04:00:00 GMT-0300 (Brasilia Standard Time),1
SCE1,GM,J&T Slow,Mon Aug 03 2026 04:00:00 GMT-0300 (Brasilia Standard Time),2
SCE1,GM,J&T Slow,Tue Aug 04 2026 04:00:00 GMT-0300 (Brasilia Standard Time),2
SCE1,GM,J&T Slow,Wed Aug 05 2026 04:00:00 GMT-0300 (Brasilia Standard Time),4
SCE1,GM,J&T Slow,Thu Aug 06 2026 04:00:00 GMT-0300 (Brasilia Standard Time),5
SCE1,GM,J&T Slow,Sat Aug 08 2026 04:00:00 GMT-0300 (Brasilia Standard Time),1
SCE1,GM,J&T Slow,Mon Aug 10 2026 04:00:00 GMT-0300 (Brasilia Standard Time),2
SCE1,GM,Jad,Fri Jul 24 2026 04:00:00 GMT-0300 (Brasilia Standard Time),2
SCE1,GM,Jad,Sat Jul 25 2026 04:00:00 GMT-0300 (Brasilia Standard Time),7
SCE1,GM,Jad,Mon Jul 27 2026 04:00:00 GMT-0300 (Brasilia Standard Time),4
SCE1,GM,Jad,Tue Jul 28 2026 04:00:00 GMT-0300 (Brasilia Standard Time),2
SCE1,GM,Jad,Wed Jul 29 2026 04:00:00 GMT-0300 (Brasilia Standard Time),6
SCE1,GM,Jad,Thu Jul 30 2026 04:00:00 GMT-0300 (Brasilia Standard Time),6
SCE1,GM,Jad,Fri Jul 31 2026 04:00:00 GMT-0300 (Brasilia Standard Time),5
SCE1,GM,Jad,Sat Aug 01 2026 04:00:00 GMT-0300 (Brasilia Standard Time),8
SCE1,GM,Jad,Mon Aug 03 2026 04:00:00 GMT-0300 (Brasilia Standard Time),3
SCE1,GM,Jad,Tue Aug 04 2026 04:00:00 GMT-0300 (Brasilia Standard Time),2
SCE1,GM,Jad,Wed Aug 05 2026 04:00:00 GMT-0300 (Brasilia Standard Time),9
SCE1,GM,Jad,Thu Aug 06 2026 04:00:00 GMT-0300 (Brasilia Standard Time),4
SCE1,GM,Jad,Sat Aug 08 2026 04:00:00 GMT-0300 (Brasilia Standard Time),1
SCE1,GM,Loggi,Sat Jul 25 2026 04:00:00 GMT-0300 (Brasilia Standard Time),2
SCE1,GM,Loggi,Mon Jul 27 2026 04:00:00 GMT-0300 (Brasilia Standard Time),1
SCE1,GM,Loggi,Wed Jul 29 2026 04:00:00 GMT-0300 (Brasilia Standard Time),1
SCE1,GM,Loggi,Thu Jul 30 2026 04:00:00 GMT-0300 (Brasilia Standard Time),2
SCE1,GM,Loggi,Fri Jul 31 2026 04:00:00 GMT-0300 (Brasilia Standard Time),1
SCE1,GM,Loggi,Fri Aug 07 2026 04:00:00 GMT-0300 (Brasilia Standard Time),1
SCE1,LARGE,Dominalog,Thu Jul 30 2026 04:00:00 GMT-0300 (Brasilia Standard Time),2
SCE1,LARGE,Dominalog,Sat Aug 01 2026 04:00:00 GMT-0300 (Brasilia Standard Time),1
SCE1,LARGE,Jad,Fri Jul 24 2026 04:00:00 GMT-0300 (Brasilia Standard Time),2
SCE1,LARGE,Jad,Sat Jul 25 2026 04:00:00 GMT-0300 (Brasilia Standard Time),3
SCE1,LARGE,Jad,Mon Jul 27 2026 04:00:00 GMT-0300 (Brasilia Standard Time),5
SCE1,LARGE,Jad,Tue Jul 28 2026 04:00:00 GMT-0300 (Brasilia Standard Time),1
SCE1,LARGE,Jad,Wed Jul 29 2026 04:00:00 GMT-0300 (Brasilia Standard Time),3
SCE1,LARGE,Jad,Thu Jul 30 2026 04:00:00 GMT-0300 (Brasilia Standard Time),1
SCE1,LARGE,Jad,Fri Jul 31 2026 04:00:00 GMT-0300 (Brasilia Standard Time),1
SCE1,LARGE,Jad,Sat Aug 01 2026 04:00:00 GMT-0300 (Brasilia Standard Time),1
SCE1,LARGE,Jad,Wed Aug 05 2026 04:00:00 GMT-0300 (Brasilia Standard Time),3
SCE1,LARGE,Jad,Thu Aug 06 2026 04:00:00 GMT-0300 (Brasilia Standard Time),1
SCE1,LARGE,Jad,Sat Aug 08 2026 04:00:00 GMT-0300 (Brasilia Standard Time),1
SCE1,OVERSIZE,Dominalog,Fri Jul 31 2026 04:00:00 GMT-0300 (Brasilia Standard Time),1
SCE1,OVERSIZE,Jad,Fri Jul 24 2026 04:00:00 GMT-0300 (Brasilia Standard Time),3
SCE1,OVERSIZE,Jad,Sat Jul 25 2026 04:00:00 GMT-0300 (Brasilia Standard Time),2
SCE1,OVERSIZE,Jad,Mon Jul 27 2026 04:00:00 GMT-0300 (Brasilia Standard Time),1
SCE1,OVERSIZE,Jad,Wed Jul 29 2026 04:00:00 GMT-0300 (Brasilia Standard Time),1
SCE1,OVERSIZE,Jad,Thu Jul 30 2026 04:00:00 GMT-0300 (Brasilia Standard Time),3
SCE1,OVERSIZE,Jad,Fri Jul 31 2026 04:00:00 GMT-0300 (Brasilia Standard Time),3
SCE1,OVERSIZE,Jad,Sat Aug 01 2026 04:00:00 GMT-0300 (Brasilia Standard Time),1
SCE1,OVERSIZE,Jad,Tue Aug 04 2026 04:00:00 GMT-0300 (Brasilia Standard Time),1
SCE1,OVERSIZE,Jad,Wed Aug 05 2026 04:00:00 GMT-0300 (Brasilia Standard Time),3
SCE1,OVERSIZE,Jad,Thu Aug 06 2026 04:00:00 GMT-0300 (Brasilia Standard Time),4
SCE2,GM,Dominalog,Tue Jul 28 2026 04:00:00 GMT-0300 (Brasilia Standard Time),1
SCE2,GM,Jad,Wed Jul 29 2026 04:00:00 GMT-0300 (Brasilia Standard Time),1
SCE2,GM,Jad,Thu Jul 30 2026 04:00:00 GMT-0300 (Brasilia Standard Time),1
SCE2,GM,Jad,Sat Aug 01 2026 04:00:00 GMT-0300 (Brasilia Standard Time),2
SCE2,GM,Jad,Tue Aug 04 2026 04:00:00 GMT-0300 (Brasilia Standard Time),1
SCE2,GM,Jad,Wed Aug 05 2026 04:00:00 GMT-0300 (Brasilia Standard Time),1
SCE2,GM,Loggi,Fri Jul 24 2026 04:00:00 GMT-0300 (Brasilia Standard Time),1
SCE2,GM,Loggi,Tue Jul 28 2026 04:00:00 GMT-0300 (Brasilia Standard Time),3
SCE2,GM,Loggi,Fri Jul 31 2026 04:00:00 GMT-0300 (Brasilia Standard Time),1
SCE2,GM,Loggi,Fri Aug 07 2026 04:00:00 GMT-0300 (Brasilia Standard Time),1
SCE2,GM,Loggi,Sat Aug 08 2026 04:00:00 GMT-0300 (Brasilia Standard Time),1
SCE2,LARGE,Jad,Sat Jul 25 2026 04:00:00 GMT-0300 (Brasilia Standard Time),1
SCE2,LARGE,Jad,Mon Aug 03 2026 04:00:00 GMT-0300 (Brasilia Standard Time),1
SCE2,LARGE,Loggi,Tue Jul 28 2026 04:00:00 GMT-0300 (Brasilia Standard Time),1
SCE2,LARGE,Loggi,Wed Jul 29 2026 04:00:00 GMT-0300 (Brasilia Standard Time),1
SCE2,OVERSIZE,Dominalog,Tue Jul 28 2026 04:00:00 GMT-0300 (Brasilia Standard Time),1
SCE2,OVERSIZE,Jad,Wed Jul 29 2026 04:00:00 GMT-0300 (Brasilia Standard Time),1
SCE2,OVERSIZE,Jad,Tue Aug 04 2026 04:00:00 GMT-0300 (Brasilia Standard Time),1
SC_ZS,GM,J&T Fast,Tue Jul 28 2026 04:00:00 GMT-0300 (Brasilia Standard Time),1
SC_ZS,GM,J&T Slow,Thu Jul 23 2026 04:00:00 GMT-0300 (Brasilia Standard Time),2
SC_ZS,GM,J&T Slow,Fri Jul 24 2026 04:00:00 GMT-0300 (Brasilia Standard Time),2
SC_ZS,GM,J&T Slow,Sat Jul 25 2026 04:00:00 GMT-0300 (Brasilia Standard Time),2
SC_ZS,GM,J&T Slow,Mon Jul 27 2026 04:00:00 GMT-0300 (Brasilia Standard Time),1
SC_ZS,GM,J&T Slow,Wed Jul 29 2026 04:00:00 GMT-0300 (Brasilia Standard Time),4
SC_ZS,GM,J&T Slow,Thu Jul 30 2026 04:00:00 GMT-0300 (Brasilia Standard Time),5
SC_ZS,GM,J&T Slow,Fri Jul 31 2026 04:00:00 GMT-0300 (Brasilia Standard Time),1
SC_ZS,GM,J&T Slow,Sat Aug 01 2026 04:00:00 GMT-0300 (Brasilia Standard Time),2
SC_ZS,GM,J&T Slow,Tue Aug 04 2026 04:00:00 GMT-0300 (Brasilia Standard Time),7
SC_ZS,GM,J&T Slow,Thu Aug 06 2026 04:00:00 GMT-0300 (Brasilia Standard Time),3
SC_ZS,GM,J&T Slow,Mon Aug 17 2026 04:00:00 GMT-0300 (Brasilia Standard Time),1
SC_ZS,GM,Loggi,Mon Jul 27 2026 04:00:00 GMT-0300 (Brasilia Standard Time),1
SC_ZS,GM,Loggi,Wed Jul 29 2026 04:00:00 GMT-0300 (Brasilia Standard Time),1
SC_ZS,GM,Loggi,Fri Jul 31 2026 04:00:00 GMT-0300 (Brasilia Standard Time),1
SC_ZS,GM,Loggi,Sat Aug 01 2026 04:00:00 GMT-0300 (Brasilia Standard Time),1
SC_ZS,GM,Loggi,Tue Aug 04 2026 04:00:00 GMT-0300 (Brasilia Standard Time),1
SDF1,GM,J&T Fast,Tue Jul 28 2026 04:00:00 GMT-0300 (Brasilia Standard Time),1
SDF1,GM,J&T Fast,Thu Jul 30 2026 04:00:00 GMT-0300 (Brasilia Standard Time),1
SDF1,GM,J&T Fast,Fri Jul 31 2026 04:00:00 GMT-0300 (Brasilia Standard Time),1
SDF1,GM,J&T Fast,Sat Aug 01 2026 04:00:00 GMT-0300 (Brasilia Standard Time),1
SDF1,GM,J&T Fast,Tue Aug 04 2026 04:00:00 GMT-0300 (Brasilia Standard Time),2
SDF1,GM,J&T Nodos,Thu Jul 23 2026 04:00:00 GMT-0300 (Brasilia Standard Time),3
SDF1,GM,J&T Nodos,Fri Jul 24 2026 04:00:00 GMT-0300 (Brasilia Standard Time),1
SDF1,GM,J&T Nodos,Sat Jul 25 2026 04:00:00 GMT-0300 (Brasilia Standard Time),4
SDF1,GM,J&T Nodos,Mon Jul 27 2026 04:00:00 GMT-0300 (Brasilia Standard Time),2
SDF1,GM,J&T Nodos,Tue Jul 28 2026 04:00:00 GMT-0300 (Brasilia Standard Time),2
SDF1,GM,J&T Nodos,Wed Jul 29 2026 04:00:00 GMT-0300 (Brasilia Standard Time),4
SDF1,GM,J&T Nodos,Thu Jul 30 2026 04:00:00 GMT-0300 (Brasilia Standard Time),5
SDF1,GM,J&T Nodos,Fri Jul 31 2026 04:00:00 GMT-0300 (Brasilia Standard Time),7
SDF1,GM,J&T Nodos,Sat Aug 01 2026 04:00:00 GMT-0300 (Brasilia Standard Time),3
SDF1,GM,J&T Nodos,Mon Aug 03 2026 04:00:00 GMT-0300 (Brasilia Standard Time),3
SDF1,GM,J&T Nodos,Tue Aug 04 2026 04:00:00 GMT-0300 (Brasilia Standard Time),1
SDF1,GM,J&T Nodos,Wed Aug 05 2026 04:00:00 GMT-0300 (Brasilia Standard Time),7
SDF1,GM,J&T Nodos,Thu Aug 06 2026 04:00:00 GMT-0300 (Brasilia Standard Time),6
SDF1,GM,J&T Slow,Wed Jul 29 2026 04:00:00 GMT-0300 (Brasilia Standard Time),1
SDF1,GM,J&T Slow,Sat Aug 01 2026 04:00:00 GMT-0300 (Brasilia Standard Time),1
SDF1,GM,J&T Slow,Mon Aug 03 2026 04:00:00 GMT-0300 (Brasilia Standard Time),13
SDF1,GM,J&T Slow,Wed Aug 05 2026 04:00:00 GMT-0300 (Brasilia Standard Time),12
SDF1,GM,J&T Slow,Thu Aug 06 2026 04:00:00 GMT-0300 (Brasilia Standard Time),6
SDF1,GM,J&T Slow,Fri Aug 07 2026 04:00:00 GMT-0300 (Brasilia Standard Time),1
SDF1,GM,Jad,Wed Jul 22 2026 04:00:00 GMT-0300 (Brasilia Standard Time),1
SDF1,GM,Jad,Sat Jul 25 2026 04:00:00 GMT-0300 (Brasilia Standard Time),1
SDF1,GM,Jad,Mon Jul 27 2026 04:00:00 GMT-0300 (Brasilia Standard Time),1
SDF1,GM,Jad,Tue Jul 28 2026 04:00:00 GMT-0300 (Brasilia Standard Time),1
SDF1,GM,Jad,Wed Jul 29 2026 04:00:00 GMT-0300 (Brasilia Standard Time),4
SDF1,GM,Jad,Thu Jul 30 2026 04:00:00 GMT-0300 (Brasilia Standard Time),3
SDF1,GM,Jad,Fri Jul 31 2026 04:00:00 GMT-0300 (Brasilia Standard Time),3
SDF1,GM,Jad,Sat Aug 01 2026 04:00:00 GMT-0300 (Brasilia Standard Time),1
SDF1,GM,Jad,Tue Aug 04 2026 04:00:00 GMT-0300 (Brasilia Standard Time),2
SDF1,GM,Jad,Wed Aug 05 2026 04:00:00 GMT-0300 (Brasilia Standard Time),2
SDF1,GM,Jad,Thu Aug 06 2026 04:00:00 GMT-0300 (Brasilia Standard Time),2
SDF1,LARGE,J&T Nodos,Sat Jul 25 2026 04:00:00 GMT-0300 (Brasilia Standard Time),1
SDF1,LARGE,J&T Nodos,Thu Jul 30 2026 04:00:00 GMT-0300 (Brasilia Standard Time),1
SDF1,LARGE,Jad,Thu Jul 23 2026 04:00:00 GMT-0300 (Brasilia Standard Time),1
SDF1,LARGE,Jad,Sat Jul 25 2026 04:00:00 GMT-0300 (Brasilia Standard Time),1
SDF1,LARGE,Jad,Mon Jul 27 2026 04:00:00 GMT-0300 (Brasilia Standard Time),1
SDF1,LARGE,Jad,Wed Jul 29 2026 04:00:00 GMT-0300 (Brasilia Standard Time),1
SDF1,LARGE,Jad,Thu Jul 30 2026 04:00:00 GMT-0300 (Brasilia Standard Time),3
SDF1,LARGE,Jad,Fri Jul 31 2026 04:00:00 GMT-0300 (Brasilia Standard Time),2
SDF1,LARGE,Jad,Mon Aug 03 2026 04:00:00 GMT-0300 (Brasilia Standard Time),1
SDF1,OVERSIZE,Jad,Fri Jul 24 2026 04:00:00 GMT-0300 (Brasilia Standard Time),1
SDF1,OVERSIZE,Jad,Sat Jul 25 2026 04:00:00 GMT-0300 (Brasilia Standard Time),1
SDF1,OVERSIZE,Jad,Mon Jul 27 2026 04:00:00 GMT-0300 (Brasilia Standard Time),1
SDF2,GM,J&T Fast,Sat Jul 25 2026 04:00:00 GMT-0300 (Brasilia Standard Time),1
SDF2,GM,J&T Fast,Mon Aug 03 2026 04:00:00 GMT-0300 (Brasilia Standard Time),1
SDF2,GM,J&T Nodos,Fri Jul 31 2026 04:00:00 GMT-0300 (Brasilia Standard Time),1
SDF2,GM,J&T Nodos,Sat Aug 01 2026 04:00:00 GMT-0300 (Brasilia Standard Time),1
SDF2,GM,J&T Nodos,Mon Aug 03 2026 04:00:00 GMT-0300 (Brasilia Standard Time),2
SDF2,GM,J&T Nodos,Tue Aug 04 2026 04:00:00 GMT-0300 (Brasilia Standard Time),1
SDF2,GM,J&T Nodos,Thu Aug 06 2026 04:00:00 GMT-0300 (Brasilia Standard Time),1
SDF2,GM,J&T Slow,Fri Jul 24 2026 04:00:00 GMT-0300 (Brasilia Standard Time),3
SDF2,GM,J&T Slow,Sat Jul 25 2026 04:00:00 GMT-0300 (Brasilia Standard Time),2
SDF2,GM,J&T Slow,Mon Jul 27 2026 04:00:00 GMT-0300 (Brasilia Standard Time),2
SDF2,GM,J&T Slow,Tue Jul 28 2026 04:00:00 GMT-0300 (Brasilia Standard Time),3
SDF2,GM,J&T Slow,Wed Jul 29 2026 04:00:00 GMT-0300 (Brasilia Standard Time),3
SDF2,GM,J&T Slow,Thu Jul 30 2026 04:00:00 GMT-0300 (Brasilia Standard Time),6
SDF2,GM,J&T Slow,Fri Jul 31 2026 04:00:00 GMT-0300 (Brasilia Standard Time),2
SDF2,GM,J&T Slow,Sat Aug 01 2026 04:00:00 GMT-0300 (Brasilia Standard Time),3
SDF2,GM,J&T Slow,Mon Aug 03 2026 04:00:00 GMT-0300 (Brasilia Standard Time),1
SDF2,GM,J&T Slow,Tue Aug 04 2026 04:00:00 GMT-0300 (Brasilia Standard Time),2
SDF2,GM,J&T Slow,Wed Aug 05 2026 04:00:00 GMT-0300 (Brasilia Standard Time),1
SDF2,GM,J&T Slow,Fri Aug 07 2026 04:00:00 GMT-0300 (Brasilia Standard Time),3
SDF2,GM,Jad,Wed Jul 29 2026 04:00:00 GMT-0300 (Brasilia Standard Time),2
SDF2,GM,Jad,Thu Jul 30 2026 04:00:00 GMT-0300 (Brasilia Standard Time),1
SDF2,GM,Jad,Fri Jul 31 2026 04:00:00 GMT-0300 (Brasilia Standard Time),1
SDF2,GM,Jad,Mon Aug 03 2026 04:00:00 GMT-0300 (Brasilia Standard Time),1
SDF2,LARGE,Jad,Fri Jul 24 2026 04:00:00 GMT-0300 (Brasilia Standard Time),3
SDF2,LARGE,Jad,Sat Jul 25 2026 04:00:00 GMT-0300 (Brasilia Standard Time),1
SDF2,LARGE,Jad,Tue Jul 28 2026 04:00:00 GMT-0300 (Brasilia Standard Time),1
SDF2,LARGE,Jad,Thu Jul 30 2026 04:00:00 GMT-0300 (Brasilia Standard Time),1
SDF2,LARGE,Jad,Wed Aug 05 2026 04:00:00 GMT-0300 (Brasilia Standard Time),1
SDF2,LARGE,Jad,Thu Aug 06 2026 04:00:00 GMT-0300 (Brasilia Standard Time),1
SES1,GM,Dominalog,Sat Aug 01 2026 04:00:00 GMT-0300 (Brasilia Standard Time),2
SES1,GM,Dominalog,Mon Aug 03 2026 04:00:00 GMT-0300 (Brasilia Standard Time),2
SES1,GM,Dominalog,Tue Aug 04 2026 04:00:00 GMT-0300 (Brasilia Standard Time),1
SES1,GM,J&T Slow,Thu Jul 23 2026 04:00:00 GMT-0300 (Brasilia Standard Time),1
SES1,GM,J&T Slow,Fri Jul 24 2026 04:00:00 GMT-0300 (Brasilia Standard Time),6
SES1,GM,J&T Slow,Sat Jul 25 2026 04:00:00 GMT-0300 (Brasilia Standard Time),14
SES1,GM,J&T Slow,Mon Jul 27 2026 04:00:00 GMT-0300 (Brasilia Standard Time),17
SES1,GM,J&T Slow,Tue Jul 28 2026 04:00:00 GMT-0300 (Brasilia Standard Time),38
SES1,GM,J&T Slow,Wed Jul 29 2026 04:00:00 GMT-0300 (Brasilia Standard Time),23
SES1,GM,J&T Slow,Thu Jul 30 2026 04:00:00 GMT-0300 (Brasilia Standard Time),32
SES1,GM,J&T Slow,Fri Jul 31 2026 04:00:00 GMT-0300 (Brasilia Standard Time),20
SES1,GM,J&T Slow,Sat Aug 01 2026 04:00:00 GMT-0300 (Brasilia Standard Time),21
SES1,GM,J&T Slow,Mon Aug 03 2026 04:00:00 GMT-0300 (Brasilia Standard Time),5
SES1,GM,J&T Slow,Tue Aug 04 2026 04:00:00 GMT-0300 (Brasilia Standard Time),14
SES1,GM,J&T Slow,Wed Aug 05 2026 04:00:00 GMT-0300 (Brasilia Standard Time),19
SES1,GM,J&T Slow,Thu Aug 06 2026 04:00:00 GMT-0300 (Brasilia Standard Time),2
SES1,GM,J&T Slow,Fri Aug 07 2026 04:00:00 GMT-0300 (Brasilia Standard Time),2
SES1,GM,J&T Slow,Mon Aug 17 2026 04:00:00 GMT-0300 (Brasilia Standard Time),1
SES1,GM,Jad,Mon Jul 27 2026 04:00:00 GMT-0300 (Brasilia Standard Time),1
SES1,GM,Jad,Wed Jul 29 2026 04:00:00 GMT-0300 (Brasilia Standard Time),1
SES1,GM,Jad,Fri Jul 31 2026 04:00:00 GMT-0300 (Brasilia Standard Time),2
SES1,GM,Jad,Sat Aug 01 2026 04:00:00 GMT-0300 (Brasilia Standard Time),1
SES1,GM,Jad,Mon Aug 03 2026 04:00:00 GMT-0300 (Brasilia Standard Time),1
SES1,GM,Jad,Thu Aug 06 2026 04:00:00 GMT-0300 (Brasilia Standard Time),2
SES1,GM,Loggi,Sat Jul 25 2026 04:00:00 GMT-0300 (Brasilia Standard Time),3
SES1,GM,Loggi,Mon Jul 27 2026 04:00:00 GMT-0300 (Brasilia Standard Time),1
SES1,GM,Loggi,Tue Jul 28 2026 04:00:00 GMT-0300 (Brasilia Standard Time),8
SES1,GM,Loggi,Wed Jul 29 2026 04:00:00 GMT-0300 (Brasilia Standard Time),3
SES1,GM,Loggi,Thu Jul 30 2026 04:00:00 GMT-0300 (Brasilia Standard Time),4
SES1,GM,Loggi,Fri Jul 31 2026 04:00:00 GMT-0300 (Brasilia Standard Time),3
SES1,GM,Loggi,Sat Aug 01 2026 04:00:00 GMT-0300 (Brasilia Standard Time),5
SES1,GM,Loggi,Mon Aug 03 2026 04:00:00 GMT-0300 (Brasilia Standard Time),1
SES1,GM,Loggi,Tue Aug 04 2026 04:00:00 GMT-0300 (Brasilia Standard Time),8
SES1,GM,Loggi,Wed Aug 05 2026 04:00:00 GMT-0300 (Brasilia Standard Time),2
SES1,LARGE,Dominalog,Sat Jul 25 2026 04:00:00 GMT-0300 (Brasilia Standard Time),1
SES1,LARGE,Dominalog,Mon Jul 27 2026 04:00:00 GMT-0300 (Brasilia Standard Time),1
SES1,LARGE,Dominalog,Tue Jul 28 2026 04:00:00 GMT-0300 (Brasilia Standard Time),1
SES1,LARGE,Dominalog,Wed Jul 29 2026 04:00:00 GMT-0300 (Brasilia Standard Time),1
SES1,LARGE,J&T Slow,Mon Jul 27 2026 04:00:00 GMT-0300 (Brasilia Standard Time),1
SES1,LARGE,J&T Slow,Wed Jul 29 2026 04:00:00 GMT-0300 (Brasilia Standard Time),3
SES1,LARGE,J&T Slow,Wed Aug 05 2026 04:00:00 GMT-0300 (Brasilia Standard Time),1
SES1,LARGE,Jad,Sat Jul 25 2026 04:00:00 GMT-0300 (Brasilia Standard Time),1
SES1,LARGE,Jad,Thu Jul 30 2026 04:00:00 GMT-0300 (Brasilia Standard Time),1
SES1,LARGE,Jad,Fri Jul 31 2026 04:00:00 GMT-0300 (Brasilia Standard Time),2
SES1,LARGE,Loggi,Wed Jul 29 2026 04:00:00 GMT-0300 (Brasilia Standard Time),1
SES1,LARGE,Loggi,Fri Jul 31 2026 04:00:00 GMT-0300 (Brasilia Standard Time),1
SES1,LARGE,Loggi,Thu Aug 06 2026 04:00:00 GMT-0300 (Brasilia Standard Time),1
SES1,LARGE,Loggi,Tue Aug 18 2026 04:00:00 GMT-0300 (Brasilia Standard Time),1
SES1,NA,Loggi,Mon Aug 17 2026 04:00:00 GMT-0300 (Brasilia Standard Time),1
SES1,OVERSIZE,Dominalog,Tue Jul 21 2026 04:00:00 GMT-0300 (Brasilia Standard Time),1
SES1,OVERSIZE,J&T Slow,Thu Jul 30 2026 04:00:00 GMT-0300 (Brasilia Standard Time),1
SES1,OVERSIZE,Jad,Thu Jul 30 2026 04:00:00 GMT-0300 (Brasilia Standard Time),1
SES1,OVERSIZE,Jad,Sat Aug 01 2026 04:00:00 GMT-0300 (Brasilia Standard Time),1
SES1,OVERSIZE,Jad,Mon Aug 03 2026 04:00:00 GMT-0300 (Brasilia Standard Time),1
SES2,GM,J&T Fast,Mon Aug 03 2026 04:00:00 GMT-0300 (Brasilia Standard Time),1
SES2,GM,J&T Fast,Tue Aug 04 2026 04:00:00 GMT-0300 (Brasilia Standard Time),1
SES2,GM,J&T Fast,Wed Aug 05 2026 04:00:00 GMT-0300 (Brasilia Standard Time),1
SES2,GM,J&T Slow,Sat Jul 25 2026 04:00:00 GMT-0300 (Brasilia Standard Time),1
SES2,GM,J&T Slow,Mon Jul 27 2026 04:00:00 GMT-0300 (Brasilia Standard Time),2
SES2,GM,J&T Slow,Sat Aug 01 2026 04:00:00 GMT-0300 (Brasilia Standard Time),2
SES2,GM,J&T Slow,Wed Aug 05 2026 04:00:00 GMT-0300 (Brasilia Standard Time),1
SES2,GM,Loggi,Sat Jul 25 2026 04:00:00 GMT-0300 (Brasilia Standard Time),1
SES2,LARGE,Jad,Thu Jul 30 2026 04:00:00 GMT-0300 (Brasilia Standard Time),1
SES2,LARGE,Jad,Tue Aug 04 2026 04:00:00 GMT-0300 (Brasilia Standard Time),1
SES2,LARGE,Jad,Thu Aug 06 2026 04:00:00 GMT-0300 (Brasilia Standard Time),1
SES3,GM,J&T Fast,Sat Aug 01 2026 04:00:00 GMT-0300 (Brasilia Standard Time),1
SES3,GM,J&T Slow,Thu Jul 30 2026 04:00:00 GMT-0300 (Brasilia Standard Time),1
SES3,GM,J&T Slow,Fri Jul 31 2026 04:00:00 GMT-0300 (Brasilia Standard Time),1
SES3,GM,J&T Slow,Sat Aug 01 2026 04:00:00 GMT-0300 (Brasilia Standard Time),1
SES3,GM,J&T Slow,Mon Aug 03 2026 04:00:00 GMT-0300 (Brasilia Standard Time),2
SES3,GM,Jad,Sat Jul 25 2026 04:00:00 GMT-0300 (Brasilia Standard Time),1
SES3,GM,Jad,Tue Jul 28 2026 04:00:00 GMT-0300 (Brasilia Standard Time),1
SES3,GM,Jad,Wed Jul 29 2026 04:00:00 GMT-0300 (Brasilia Standard Time),1
SES3,GM,Loggi,Fri Jul 24 2026 04:00:00 GMT-0300 (Brasilia Standard Time),6
SES3,GM,Loggi,Sat Jul 25 2026 04:00:00 GMT-0300 (Brasilia Standard Time),7
SES3,GM,Loggi,Tue Jul 28 2026 04:00:00 GMT-0300 (Brasilia Standard Time),6
SES3,GM,Loggi,Wed Jul 29 2026 04:00:00 GMT-0300 (Brasilia Standard Time),10
SES3,GM,Loggi,Thu Jul 30 2026 04:00:00 GMT-0300 (Brasilia Standard Time),7
SES3,GM,Loggi,Fri Jul 31 2026 04:00:00 GMT-0300 (Brasilia Standard Time),1
SES3,LARGE,Jad,Sat Jul 25 2026 04:00:00 GMT-0300 (Brasilia Standard Time),4
SES3,LARGE,Loggi,Sat Jul 25 2026 04:00:00 GMT-0300 (Brasilia Standard Time),1
SES3,LARGE,Loggi,Tue Jul 28 2026 04:00:00 GMT-0300 (Brasilia Standard Time),1
SES3,LARGE,Loggi,Wed Jul 29 2026 04:00:00 GMT-0300 (Brasilia Standard Time),1
SES3,LARGE,Loggi,Thu Jul 30 2026 04:00:00 GMT-0300 (Brasilia Standard Time),2
SES3,LARGE,Loggi,Fri Jul 31 2026 04:00:00 GMT-0300 (Brasilia Standard Time),1
SFC2,GM,J&T Fast,Fri Jul 31 2026 04:00:00 GMT-0300 (Brasilia Standard Time),1
SFC2,GM,J&T Slow,Tue Jul 28 2026 04:00:00 GMT-0300 (Brasilia Standard Time),1
SFN1,GM,J&T Fast,Sat Aug 01 2026 04:00:00 GMT-0300 (Brasilia Standard Time),2
SFN1,GM,J&T Fast,Mon Aug 03 2026 04:00:00 GMT-0300 (Brasilia Standard Time),2
SFN1,GM,J&T Fast,Sat Aug 08 2026 04:00:00 GMT-0300 (Brasilia Standard Time),4
SFN1,GM,J&T Slow,Sat Jul 25 2026 04:00:00 GMT-0300 (Brasilia Standard Time),1
SFN1,GM,J&T Slow,Mon Jul 27 2026 04:00:00 GMT-0300 (Brasilia Standard Time),5
SFN1,GM,J&T Slow,Thu Jul 30 2026 04:00:00 GMT-0300 (Brasilia Standard Time),5
SFN1,GM,J&T Slow,Sat Aug 01 2026 04:00:00 GMT-0300 (Brasilia Standard Time),2
SFN1,GM,J&T Slow,Mon Aug 03 2026 04:00:00 GMT-0300 (Brasilia Standard Time),3
SFN1,GM,J&T Slow,Thu Aug 06 2026 04:00:00 GMT-0300 (Brasilia Standard Time),13
SFN1,GM,J&T Slow,Sat Aug 08 2026 04:00:00 GMT-0300 (Brasilia Standard Time),5
SFN1,GM,J&T Slow,Thu Aug 13 2026 04:00:00 GMT-0300 (Brasilia Standard Time),5
SFN1,GM,J&T Slow,Sat Aug 15 2026 04:00:00 GMT-0300 (Brasilia Standard Time),2
SFN1,GM,Jad,Sat Jul 25 2026 04:00:00 GMT-0300 (Brasilia Standard Time),1
SFN1,GM,Jad,Mon Jul 27 2026 04:00:00 GMT-0300 (Brasilia Standard Time),7
SFN1,GM,Jad,Tue Jul 28 2026 04:00:00 GMT-0300 (Brasilia Standard Time),1
SFN1,GM,Jad,Wed Jul 29 2026 04:00:00 GMT-0300 (Brasilia Standard Time),1
SFN1,GM,Jad,Thu Jul 30 2026 04:00:00 GMT-0300 (Brasilia Standard Time),5
SFN1,GM,Jad,Sat Aug 01 2026 04:00:00 GMT-0300 (Brasilia Standard Time),5
SFN1,GM,Jad,Mon Aug 03 2026 04:00:00 GMT-0300 (Brasilia Standard Time),5
SFN1,GM,Jad,Tue Aug 04 2026 04:00:00 GMT-0300 (Brasilia Standard Time),3
SFN1,GM,Jad,Wed Aug 05 2026 04:00:00 GMT-0300 (Brasilia Standard Time),1
SFN1,GM,Jad,Thu Aug 06 2026 04:00:00 GMT-0300 (Brasilia Standard Time),11
SFN1,GM,Jad,Sat Aug 08 2026 04:00:00 GMT-0300 (Brasilia Standard Time),2
SFN1,LARGE,Jad,Mon Jul 27 2026 04:00:00 GMT-0300 (Brasilia Standard Time),2
SFN1,OVERSIZE,J&T Slow,Thu Jul 30 2026 04:00:00 GMT-0300 (Brasilia Standard Time),1
SGO1,GM,J&T Fast,Mon Jul 27 2026 04:00:00 GMT-0300 (Brasilia Standard Time),1
SGO1,GM,J&T Fast,Fri Jul 31 2026 04:00:00 GMT-0300 (Brasilia Standard Time),1
SGO1,GM,J&T Fast,Mon Aug 03 2026 04:00:00 GMT-0300 (Brasilia Standard Time),1
SGO1,GM,J&T Fast,Tue Aug 04 2026 04:00:00 GMT-0300 (Brasilia Standard Time),1
SGO1,GM,J&T Nodos,Sat Jul 25 2026 04:00:00 GMT-0300 (Brasilia Standard Time),1
SGO1,GM,J&T Nodos,Mon Jul 27 2026 04:00:00 GMT-0300 (Brasilia Standard Time),2
SGO1,GM,J&T Nodos,Tue Jul 28 2026 04:00:00 GMT-0300 (Brasilia Standard Time),2
SGO1,GM,J&T Nodos,Wed Jul 29 2026 04:00:00 GMT-0300 (Brasilia Standard Time),1
SGO1,GM,J&T Nodos,Thu Jul 30 2026 04:00:00 GMT-0300 (Brasilia Standard Time),1
SGO1,GM,J&T Nodos,Fri Jul 31 2026 04:00:00 GMT-0300 (Brasilia Standard Time),2
SGO1,GM,J&T Nodos,Mon Aug 03 2026 04:00:00 GMT-0300 (Brasilia Standard Time),1
SGO1,GM,J&T Nodos,Tue Aug 04 2026 04:00:00 GMT-0300 (Brasilia Standard Time),2
SGO1,GM,J&T Slow,Wed Jul 22 2026 04:00:00 GMT-0300 (Brasilia Standard Time),1
SGO1,GM,J&T Slow,Thu Jul 23 2026 04:00:00 GMT-0300 (Brasilia Standard Time),2
SGO1,GM,J&T Slow,Fri Jul 24 2026 04:00:00 GMT-0300 (Brasilia Standard Time),1
SGO1,GM,J&T Slow,Sat Jul 25 2026 04:00:00 GMT-0300 (Brasilia Standard Time),3
SGO1,GM,J&T Slow,Mon Jul 27 2026 04:00:00 GMT-0300 (Brasilia Standard Time),8
SGO1,GM,J&T Slow,Tue Jul 28 2026 04:00:00 GMT-0300 (Brasilia Standard Time),6
SGO1,GM,J&T Slow,Wed Jul 29 2026 04:00:00 GMT-0300 (Brasilia Standard Time),5
SGO1,GM,J&T Slow,Thu Jul 30 2026 04:00:00 GMT-0300 (Brasilia Standard Time),5
SGO1,GM,J&T Slow,Fri Jul 31 2026 04:00:00 GMT-0300 (Brasilia Standard Time),5
SGO1,GM,J&T Slow,Sat Aug 01 2026 04:00:00 GMT-0300 (Brasilia Standard Time),3
SGO1,GM,J&T Slow,Mon Aug 03 2026 04:00:00 GMT-0300 (Brasilia Standard Time),7
SGO1,GM,J&T Slow,Tue Aug 04 2026 04:00:00 GMT-0300 (Brasilia Standard Time),6
SGO1,GM,J&T Slow,Wed Aug 05 2026 04:00:00 GMT-0300 (Brasilia Standard Time),9
SGO1,GM,J&T Slow,Thu Aug 06 2026 04:00:00 GMT-0300 (Brasilia Standard Time),5
SGO1,GM,J&T Slow,Fri Aug 07 2026 04:00:00 GMT-0300 (Brasilia Standard Time),1
SGO1,GM,Jad,Wed Jul 29 2026 04:00:00 GMT-0300 (Brasilia Standard Time),2
SGO1,GM,Jad,Fri Jul 31 2026 04:00:00 GMT-0300 (Brasilia Standard Time),1
SGO1,GM,Jad,Sat Aug 01 2026 04:00:00 GMT-0300 (Brasilia Standard Time),1
SGO1,GM,Jad,Tue Aug 04 2026 04:00:00 GMT-0300 (Brasilia Standard Time),1
SGO1,GM,Loggi,Fri Jul 24 2026 04:00:00 GMT-0300 (Brasilia Standard Time),1
SGO1,GM,Loggi,Sat Jul 25 2026 04:00:00 GMT-0300 (Brasilia Standard Time),4
SGO1,GM,Loggi,Mon Jul 27 2026 04:00:00 GMT-0300 (Brasilia Standard Time),1
SGO1,GM,Loggi,Tue Jul 28 2026 04:00:00 GMT-0300 (Brasilia Standard Time),14
SGO1,GM,Loggi,Wed Jul 29 2026 04:00:00 GMT-0300 (Brasilia Standard Time),8
SGO1,GM,Loggi,Thu Jul 30 2026 04:00:00 GMT-0300 (Brasilia Standard Time),3
SGO1,GM,Loggi,Fri Jul 31 2026 04:00:00 GMT-0300 (Brasilia Standard Time),3
SGO1,GM,Loggi,Mon Aug 03 2026 04:00:00 GMT-0300 (Brasilia Standard Time),1
SGO1,GM,Loggi,Tue Aug 04 2026 04:00:00 GMT-0300 (Brasilia Standard Time),11
SGO1,GM,Loggi,Wed Aug 05 2026 04:00:00 GMT-0300 (Brasilia Standard Time),10
SGO1,LARGE,J&T Slow,Fri Jul 31 2026 04:00:00 GMT-0300 (Brasilia Standard Time),1
SGO1,LARGE,J&T Slow,Wed Aug 05 2026 04:00:00 GMT-0300 (Brasilia Standard Time),1
SGO1,LARGE,Jad,Tue Jul 28 2026 04:00:00 GMT-0300 (Brasilia Standard Time),1
SGO1,LARGE,Jad,Thu Jul 30 2026 04:00:00 GMT-0300 (Brasilia Standard Time),2
SGO1,LARGE,Loggi,Sat Jul 25 2026 04:00:00 GMT-0300 (Brasilia Standard Time),3
SGO1,LARGE,Loggi,Mon Jul 27 2026 04:00:00 GMT-0300 (Brasilia Standard Time),1
SGO1,LARGE,Loggi,Thu Jul 30 2026 04:00:00 GMT-0300 (Brasilia Standard Time),1
SGO1,OVERSIZE,Jad,Sat Jul 25 2026 04:00:00 GMT-0300 (Brasilia Standard Time),1
SGO2,GM,J&T Slow,Thu Jul 30 2026 04:00:00 GMT-0300 (Brasilia Standard Time),1
SGO2,GM,J&T Slow,Fri Jul 31 2026 04:00:00 GMT-0300 (Brasilia Standard Time),1
SGO2,GM,J&T Slow,Thu Aug 06 2026 04:00:00 GMT-0300 (Brasilia Standard Time),1
SGO2,LARGE,Jad,Thu Aug 06 2026 04:00:00 GMT-0300 (Brasilia Standard Time),1
SGO3,GM,J&T Fast,Sat Jul 25 2026 04:00:00 GMT-0300 (Brasilia Standard Time),1
SGO3,GM,J&T Nodos,Tue Aug 04 2026 04:00:00 GMT-0300 (Brasilia Standard Time),1
SGO3,GM,J&T Slow,Thu Jul 30 2026 04:00:00 GMT-0300 (Brasilia Standard Time),1
SGO3,GM,J&T Slow,Fri Jul 31 2026 04:00:00 GMT-0300 (Brasilia Standard Time),1
SGO3,GM,J&T Slow,Mon Aug 03 2026 04:00:00 GMT-0300 (Brasilia Standard Time),1
SGO3,GM,J&T Slow,Tue Aug 04 2026 04:00:00 GMT-0300 (Brasilia Standard Time),1
SGO3,GM,J&T Slow,Wed Aug 05 2026 04:00:00 GMT-0300 (Brasilia Standard Time),3
SGO3,GM,J&T Slow,Thu Aug 06 2026 04:00:00 GMT-0300 (Brasilia Standard Time),1
SGO3,GM,Jad,Mon Jul 27 2026 04:00:00 GMT-0300 (Brasilia Standard Time),2
SGO3,GM,Jad,Sat Aug 01 2026 04:00:00 GMT-0300 (Brasilia Standard Time),2
SGO3,GM,Jad,Thu Aug 06 2026 04:00:00 GMT-0300 (Brasilia Standard Time),1
SGO3,GM,Loggi,Fri Jul 24 2026 04:00:00 GMT-0300 (Brasilia Standard Time),1
SGO3,GM,Loggi,Sat Jul 25 2026 04:00:00 GMT-0300 (Brasilia Standard Time),2
SGO3,GM,Loggi,Mon Jul 27 2026 04:00:00 GMT-0300 (Brasilia Standard Time),1
SGO3,GM,Loggi,Tue Jul 28 2026 04:00:00 GMT-0300 (Brasilia Standard Time),3
SGO3,GM,Loggi,Wed Jul 29 2026 04:00:00 GMT-0300 (Brasilia Standard Time),4
SGO3,GM,Loggi,Thu Jul 30 2026 04:00:00 GMT-0300 (Brasilia Standard Time),3
SGO3,GM,Loggi,Fri Jul 31 2026 04:00:00 GMT-0300 (Brasilia Standard Time),1
SGO3,GM,Loggi,Mon Aug 03 2026 04:00:00 GMT-0300 (Brasilia Standard Time),2
SGO3,GM,Loggi,Tue Aug 04 2026 04:00:00 GMT-0300 (Brasilia Standard Time),1
SGO3,GM,Loggi,Wed Aug 05 2026 04:00:00 GMT-0300 (Brasilia Standard Time),5
SGO3,GM,Loggi,Thu Aug 06 2026 04:00:00 GMT-0300 (Brasilia Standard Time),1
SGO3,LARGE,Jad,Mon Jul 27 2026 04:00:00 GMT-0300 (Brasilia Standard Time),1
SGO3,LARGE,Jad,Tue Jul 28 2026 04:00:00 GMT-0300 (Brasilia Standard Time),2
SGO3,LARGE,Jad,Thu Jul 30 2026 04:00:00 GMT-0300 (Brasilia Standard Time),2
SGO3,LARGE,Jad,Fri Aug 07 2026 04:00:00 GMT-0300 (Brasilia Standard Time),1
SGO3,OVERSIZE,Jad,Thu Aug 06 2026 04:00:00 GMT-0300 (Brasilia Standard Time),1
SJP1,GM,J&T Fast,Tue Jul 28 2026 04:00:00 GMT-0300 (Brasilia Standard Time),1
SJP1,GM,J&T Fast,Wed Jul 29 2026 04:00:00 GMT-0300 (Brasilia Standard Time),1
SJP1,GM,J&T Fast,Sat Aug 01 2026 04:00:00 GMT-0300 (Brasilia Standard Time),1
SJP1,GM,J&T Fast,Wed Aug 05 2026 04:00:00 GMT-0300 (Brasilia Standard Time),1
SJP1,GM,J&T Fast,Fri Aug 14 2026 04:00:00 GMT-0300 (Brasilia Standard Time),1
SJP1,GM,J&T Slow,Mon Jul 27 2026 04:00:00 GMT-0300 (Brasilia Standard Time),1
SJP1,GM,J&T Slow,Wed Jul 29 2026 04:00:00 GMT-0300 (Brasilia Standard Time),2
SJP1,GM,J&T Slow,Thu Jul 30 2026 04:00:00 GMT-0300 (Brasilia Standard Time),3
SJP1,GM,J&T Slow,Wed Aug 05 2026 04:00:00 GMT-0300 (Brasilia Standard Time),2
SJP1,GM,J&T Slow,Thu Aug 06 2026 04:00:00 GMT-0300 (Brasilia Standard Time),3
SJP1,GM,J&T Slow,Fri Aug 07 2026 04:00:00 GMT-0300 (Brasilia Standard Time),4
SJP1,GM,J&T Slow,Mon Aug 10 2026 04:00:00 GMT-0300 (Brasilia Standard Time),1
SJP1,GM,J&T Slow,Wed Aug 12 2026 04:00:00 GMT-0300 (Brasilia Standard Time),1
SJP1,GM,Jad,Fri Jul 24 2026 04:00:00 GMT-0300 (Brasilia Standard Time),3
SJP1,GM,Jad,Sat Jul 25 2026 04:00:00 GMT-0300 (Brasilia Standard Time),1
SJP1,GM,Jad,Tue Jul 28 2026 04:00:00 GMT-0300 (Brasilia Standard Time),1
SJP1,GM,Jad,Wed Jul 29 2026 04:00:00 GMT-0300 (Brasilia Standard Time),1
SJP1,GM,Jad,Thu Jul 30 2026 04:00:00 GMT-0300 (Brasilia Standard Time),3
SJP1,GM,Jad,Fri Jul 31 2026 04:00:00 GMT-0300 (Brasilia Standard Time),1
SJP1,GM,Jad,Sat Aug 01 2026 04:00:00 GMT-0300 (Brasilia Standard Time),2
SJP1,GM,Jad,Tue Aug 04 2026 04:00:00 GMT-0300 (Brasilia Standard Time),1
SJP1,GM,Jad,Wed Aug 05 2026 04:00:00 GMT-0300 (Brasilia Standard Time),1
SJP1,GM,Jad,Thu Aug 06 2026 04:00:00 GMT-0300 (Brasilia Standard Time),4
SJP1,GM,Loggi,Fri Jul 24 2026 04:00:00 GMT-0300 (Brasilia Standard Time),1
SJP1,GM,Loggi,Mon Jul 27 2026 04:00:00 GMT-0300 (Brasilia Standard Time),1
SJP1,GM,Loggi,Wed Jul 29 2026 04:00:00 GMT-0300 (Brasilia Standard Time),1
SJP1,GM,Loggi,Fri Jul 31 2026 04:00:00 GMT-0300 (Brasilia Standard Time),3
SJP1,GM,Loggi,Sat Aug 01 2026 04:00:00 GMT-0300 (Brasilia Standard Time),1
SJP1,GM,Loggi,Wed Aug 05 2026 04:00:00 GMT-0300 (Brasilia Standard Time),2
SJP1,LARGE,J&T Fast,Thu Aug 06 2026 04:00:00 GMT-0300 (Brasilia Standard Time),1
SJP1,LARGE,Jad,Sat Jul 25 2026 04:00:00 GMT-0300 (Brasilia Standard Time),3
SJP1,LARGE,Jad,Wed Jul 29 2026 04:00:00 GMT-0300 (Brasilia Standard Time),1
SJP1,LARGE,Jad,Thu Jul 30 2026 04:00:00 GMT-0300 (Brasilia Standard Time),2
SJP1,LARGE,Jad,Tue Aug 04 2026 04:00:00 GMT-0300 (Brasilia Standard Time),1
SJP1,LARGE,Jad,Thu Aug 06 2026 04:00:00 GMT-0300 (Brasilia Standard Time),1
SJP1,OVERSIZE,J&T Fast,Mon Jul 27 2026 04:00:00 GMT-0300 (Brasilia Standard Time),1
SJP1,OVERSIZE,J&T Fast,Wed Jul 29 2026 04:00:00 GMT-0300 (Brasilia Standard Time),1
SJP1,OVERSIZE,Jad,Sat Jul 25 2026 04:00:00 GMT-0300 (Brasilia Standard Time),4
SJP1,OVERSIZE,Jad,Wed Jul 29 2026 04:00:00 GMT-0300 (Brasilia Standard Time),4
SJP1,OVERSIZE,Jad,Thu Jul 30 2026 04:00:00 GMT-0300 (Brasilia Standard Time),1
SJP1,OVERSIZE,Jad,Fri Jul 31 2026 04:00:00 GMT-0300 (Brasilia Standard Time),1
SJP1,OVERSIZE,Jad,Thu Aug 06 2026 04:00:00 GMT-0300 (Brasilia Standard Time),1
SMG1,GM,J&T Fast,Mon Jul 27 2026 04:00:00 GMT-0300 (Brasilia Standard Time),1
SMG1,GM,J&T Fast,Mon Aug 03 2026 04:00:00 GMT-0300 (Brasilia Standard Time),1
SMG1,GM,J&T Fast,Tue Aug 04 2026 04:00:00 GMT-0300 (Brasilia Standard Time),1
SMG1,GM,J&T Slow,Sat Jul 25 2026 04:00:00 GMT-0300 (Brasilia Standard Time),1
SMG1,GM,J&T Slow,Wed Jul 29 2026 04:00:00 GMT-0300 (Brasilia Standard Time),1
SMG1,GM,J&T Slow,Fri Jul 31 2026 04:00:00 GMT-0300 (Brasilia Standard Time),1
SMG1,GM,J&T Slow,Sat Aug 01 2026 04:00:00 GMT-0300 (Brasilia Standard Time),2
SMG1,GM,J&T Slow,Mon Aug 03 2026 04:00:00 GMT-0300 (Brasilia Standard Time),8
SMG1,GM,J&T Slow,Tue Aug 04 2026 04:00:00 GMT-0300 (Brasilia Standard Time),3
SMG1,GM,J&T Slow,Wed Aug 05 2026 04:00:00 GMT-0300 (Brasilia Standard Time),4
SMG1,GM,Jad,Thu Jul 30 2026 04:00:00 GMT-0300 (Brasilia Standard Time),1
SMG1,GM,Loggi,Sat Jul 25 2026 04:00:00 GMT-0300 (Brasilia Standard Time),1
SMG1,GM,Loggi,Wed Jul 29 2026 04:00:00 GMT-0300 (Brasilia Standard Time),2
SMG1,GM,Loggi,Thu Jul 30 2026 04:00:00 GMT-0300 (Brasilia Standard Time),2
SMG1,GM,Loggi,Sat Aug 01 2026 04:00:00 GMT-0300 (Brasilia Standard Time),3
SMG1,GM,Loggi,Mon Aug 03 2026 04:00:00 GMT-0300 (Brasilia Standard Time),3
SMG1,GM,Loggi,Tue Aug 04 2026 04:00:00 GMT-0300 (Brasilia Standard Time),6
SMG1,GM,Loggi,Wed Aug 05 2026 04:00:00 GMT-0300 (Brasilia Standard Time),2
SMG1,GM,Loggi,Thu Aug 06 2026 04:00:00 GMT-0300 (Brasilia Standard Time),2
SMG1,GM,Loggi,Fri Aug 07 2026 04:00:00 GMT-0300 (Brasilia Standard Time),1
SMG1,LARGE,Dominalog,Thu Jul 30 2026 04:00:00 GMT-0300 (Brasilia Standard Time),1
SMG1,LARGE,Dominalog,Fri Jul 31 2026 04:00:00 GMT-0300 (Brasilia Standard Time),1
SMG1,LARGE,Dominalog,Tue Aug 04 2026 04:00:00 GMT-0300 (Brasilia Standard Time),3
SMG1,LARGE,Dominalog,Wed Aug 05 2026 04:00:00 GMT-0300 (Brasilia Standard Time),2
SMG1,LARGE,Dominalog,Thu Aug 06 2026 04:00:00 GMT-0300 (Brasilia Standard Time),1
SMG1,LARGE,Dominalog,Fri Aug 07 2026 04:00:00 GMT-0300 (Brasilia Standard Time),1
SMG1,LARGE,Jad,Fri Jul 24 2026 04:00:00 GMT-0300 (Brasilia Standard Time),1
SMG1,LARGE,Jad,Sat Jul 25 2026 04:00:00 GMT-0300 (Brasilia Standard Time),1
SMG1,LARGE,Jad,Tue Jul 28 2026 04:00:00 GMT-0300 (Brasilia Standard Time),1
SMG1,LARGE,Jad,Sat Aug 01 2026 04:00:00 GMT-0300 (Brasilia Standard Time),2
SMG1,LARGE,Jad,Thu Aug 06 2026 04:00:00 GMT-0300 (Brasilia Standard Time),1
SMG1,LARGE,Jad,Mon Aug 10 2026 04:00:00 GMT-0300 (Brasilia Standard Time),1
SMG1,LARGE,Loggi,Sat Jul 25 2026 04:00:00 GMT-0300 (Brasilia Standard Time),1
SMG1,LARGE,Loggi,Tue Jul 28 2026 04:00:00 GMT-0300 (Brasilia Standard Time),1
SMG1,LARGE,Loggi,Thu Jul 30 2026 04:00:00 GMT-0300 (Brasilia Standard Time),1
SMG1,LARGE,Loggi,Fri Jul 31 2026 04:00:00 GMT-0300 (Brasilia Standard Time),1
SMG1,LARGE,Loggi,Thu Aug 06 2026 04:00:00 GMT-0300 (Brasilia Standard Time),1
SMG1,OVERSIZE,Dominalog,Fri Jul 24 2026 04:00:00 GMT-0300 (Brasilia Standard Time),1
SMG1,OVERSIZE,Dominalog,Sat Jul 25 2026 04:00:00 GMT-0300 (Brasilia Standard Time),1
SMG1,OVERSIZE,Dominalog,Wed Jul 29 2026 04:00:00 GMT-0300 (Brasilia Standard Time),1
SMG1,OVERSIZE,Dominalog,Thu Jul 30 2026 04:00:00 GMT-0300 (Brasilia Standard Time),1
SMG10,GM,J&T Fast,Mon Aug 03 2026 04:00:00 GMT-0300 (Brasilia Standard Time),1
SMG10,GM,J&T Slow,Fri Jul 24 2026 04:00:00 GMT-0300 (Brasilia Standard Time),1
SMG10,GM,J&T Slow,Sat Jul 25 2026 04:00:00 GMT-0300 (Brasilia Standard Time),1
SMG10,GM,J&T Slow,Tue Jul 28 2026 04:00:00 GMT-0300 (Brasilia Standard Time),2
SMG10,GM,J&T Slow,Thu Jul 30 2026 04:00:00 GMT-0300 (Brasilia Standard Time),1
SMG10,GM,J&T Slow,Sat Aug 01 2026 04:00:00 GMT-0300 (Brasilia Standard Time),1
SMG10,GM,J&T Slow,Mon Aug 03 2026 04:00:00 GMT-0300 (Brasilia Standard Time),1
SMG10,GM,J&T Slow,Tue Aug 04 2026 04:00:00 GMT-0300 (Brasilia Standard Time),1
SMG10,GM,J&T Slow,Wed Aug 05 2026 04:00:00 GMT-0300 (Brasilia Standard Time),1
SMG10,GM,J&T Slow,Thu Aug 06 2026 04:00:00 GMT-0300 (Brasilia Standard Time),1
SMG10,GM,J&T Slow,Mon Aug 10 2026 04:00:00 GMT-0300 (Brasilia Standard Time),2
SMG10,GM,Jad,Wed Jul 29 2026 04:00:00 GMT-0300 (Brasilia Standard Time),1
SMG10,GM,Jad,Thu Jul 30 2026 04:00:00 GMT-0300 (Brasilia Standard Time),1
SMG10,GM,Jad,Mon Aug 03 2026 04:00:00 GMT-0300 (Brasilia Standard Time),4
SMG10,GM,Loggi,Sat Jul 25 2026 04:00:00 GMT-0300 (Brasilia Standard Time),2
SMG10,GM,Loggi,Tue Jul 28 2026 04:00:00 GMT-0300 (Brasilia Standard Time),3
SMG10,GM,Loggi,Wed Jul 29 2026 04:00:00 GMT-0300 (Brasilia Standard Time),1
SMG10,GM,Loggi,Thu Jul 30 2026 04:00:00 GMT-0300 (Brasilia Standard Time),2
SMG10,GM,Loggi,Mon Aug 03 2026 04:00:00 GMT-0300 (Brasilia Standard Time),3
SMG10,GM,Loggi,Tue Aug 04 2026 04:00:00 GMT-0300 (Brasilia Standard Time),1
SMG10,LARGE,Dominalog,Mon Jul 27 2026 04:00:00 GMT-0300 (Brasilia Standard Time),1
SMG10,LARGE,Jad,Mon Jul 27 2026 04:00:00 GMT-0300 (Brasilia Standard Time),3
SMG10,LARGE,Jad,Tue Jul 28 2026 04:00:00 GMT-0300 (Brasilia Standard Time),1
SMG10,OVERSIZE,Dominalog,Fri Jul 24 2026 04:00:00 GMT-0300 (Brasilia Standard Time),2
SMG10,OVERSIZE,Dominalog,Sat Jul 25 2026 04:00:00 GMT-0300 (Brasilia Standard Time),4
SMG10,OVERSIZE,Dominalog,Mon Jul 27 2026 04:00:00 GMT-0300 (Brasilia Standard Time),1
SMG10,OVERSIZE,Dominalog,Wed Aug 05 2026 04:00:00 GMT-0300 (Brasilia Standard Time),1
SMG10,OVERSIZE,Dominalog,Thu Aug 06 2026 04:00:00 GMT-0300 (Brasilia Standard Time),1
SMG11,GM,J&T Fast,Thu Aug 06 2026 04:00:00 GMT-0300 (Brasilia Standard Time),2
SMG11,GM,J&T Slow,Fri Jul 24 2026 04:00:00 GMT-0300 (Brasilia Standard Time),1
SMG11,GM,J&T Slow,Sat Jul 25 2026 04:00:00 GMT-0300 (Brasilia Standard Time),1
SMG11,GM,J&T Slow,Mon Jul 27 2026 04:00:00 GMT-0300 (Brasilia Standard Time),1
SMG11,GM,J&T Slow,Mon Aug 03 2026 04:00:00 GMT-0300 (Brasilia Standard Time),4
SMG11,GM,J&T Slow,Thu Aug 06 2026 04:00:00 GMT-0300 (Brasilia Standard Time),9
SMG11,GM,Jad,Wed Jul 22 2026 04:00:00 GMT-0300 (Brasilia Standard Time),1
SMG11,GM,Jad,Sat Jul 25 2026 04:00:00 GMT-0300 (Brasilia Standard Time),2
SMG11,GM,Loggi,Sat Jul 25 2026 04:00:00 GMT-0300 (Brasilia Standard Time),10
SMG11,GM,Loggi,Mon Jul 27 2026 04:00:00 GMT-0300 (Brasilia Standard Time),4
SMG11,GM,Loggi,Tue Jul 28 2026 04:00:00 GMT-0300 (Brasilia Standard Time),1
SMG11,GM,Loggi,Thu Jul 30 2026 04:00:00 GMT-0300 (Brasilia Standard Time),1
SMG11,GM,Loggi,Thu Aug 06 2026 04:00:00 GMT-0300 (Brasilia Standard Time),1
SMG11,LARGE,Jad,Fri Jul 24 2026 04:00:00 GMT-0300 (Brasilia Standard Time),3
SMG11,LARGE,Jad,Sat Jul 25 2026 04:00:00 GMT-0300 (Brasilia Standard Time),13
SMG11,LARGE,Jad,Mon Jul 27 2026 04:00:00 GMT-0300 (Brasilia Standard Time),1
SMG11,LARGE,Loggi,Fri Jul 24 2026 04:00:00 GMT-0300 (Brasilia Standard Time),1
SMG11,LARGE,Loggi,Sat Jul 25 2026 04:00:00 GMT-0300 (Brasilia Standard Time),2
SMG11,LARGE,Loggi,Tue Jul 28 2026 04:00:00 GMT-0300 (Brasilia Standard Time),2
SMG11,LARGE,Loggi,Thu Jul 30 2026 04:00:00 GMT-0300 (Brasilia Standard Time),1
SMG11,LARGE,Loggi,Fri Jul 31 2026 04:00:00 GMT-0300 (Brasilia Standard Time),1
SMG11,OVERSIZE,Jad,Sat Jul 25 2026 04:00:00 GMT-0300 (Brasilia Standard Time),2
SMG11,OVERSIZE,Jad,Mon Jul 27 2026 04:00:00 GMT-0300 (Brasilia Standard Time),1
SMG11,OVERSIZE,Loggi,Sat Jul 25 2026 04:00:00 GMT-0300 (Brasilia Standard Time),1
SMG12,GM,J&T Fast,Mon Jul 27 2026 04:00:00 GMT-0300 (Brasilia Standard Time),1
SMG12,GM,J&T Fast,Thu Jul 30 2026 04:00:00 GMT-0300 (Brasilia Standard Time),2
SMG12,GM,J&T Fast,Fri Jul 31 2026 04:00:00 GMT-0300 (Brasilia Standard Time),1
SMG12,GM,J&T Fast,Mon Aug 03 2026 04:00:00 GMT-0300 (Brasilia Standard Time),1
SMG12,GM,J&T Slow,Sat Jul 25 2026 04:00:00 GMT-0300 (Brasilia Standard Time),2
SMG12,GM,J&T Slow,Tue Jul 28 2026 04:00:00 GMT-0300 (Brasilia Standard Time),1
SMG12,GM,J&T Slow,Wed Jul 29 2026 04:00:00 GMT-0300 (Brasilia Standard Time),3
SMG12,GM,J&T Slow,Thu Jul 30 2026 04:00:00 GMT-0300 (Brasilia Standard Time),3
SMG12,GM,J&T Slow,Fri Jul 31 2026 04:00:00 GMT-0300 (Brasilia Standard Time),3
SMG12,GM,J&T Slow,Sat Aug 01 2026 04:00:00 GMT-0300 (Brasilia Standard Time),1
SMG12,GM,J&T Slow,Mon Aug 03 2026 04:00:00 GMT-0300 (Brasilia Standard Time),3
SMG12,GM,J&T Slow,Fri Aug 07 2026 04:00:00 GMT-0300 (Brasilia Standard Time),1
SMG12,GM,J&T Slow,Sat Aug 08 2026 04:00:00 GMT-0300 (Brasilia Standard Time),3
SMG12,GM,Jad,Thu Jul 30 2026 04:00:00 GMT-0300 (Brasilia Standard Time),1
SMG12,GM,Jad,Tue Aug 04 2026 04:00:00 GMT-0300 (Brasilia Standard Time),1
SMG12,GM,Loggi,Tue Jul 28 2026 04:00:00 GMT-0300 (Brasilia Standard Time),2
SMG12,GM,Loggi,Thu Jul 30 2026 04:00:00 GMT-0300 (Brasilia Standard Time),1
SMG12,GM,Loggi,Fri Jul 31 2026 04:00:00 GMT-0300 (Brasilia Standard Time),2
SMG12,GM,Loggi,Sat Aug 08 2026 04:00:00 GMT-0300 (Brasilia Standard Time),2
SMG12,LARGE,Jad,Thu Jul 30 2026 04:00:00 GMT-0300 (Brasilia Standard Time),1
SMG12,LARGE,Jad,Wed Aug 05 2026 04:00:00 GMT-0300 (Brasilia Standard Time),1
SMG12,LARGE,Loggi,Sat Aug 08 2026 04:00:00 GMT-0300 (Brasilia Standard Time),1
SMG12,LARGE,Loggi,Mon Aug 10 2026 04:00:00 GMT-0300 (Brasilia Standard Time),1
SMG13,GM,J&T Slow,Wed Jul 29 2026 04:00:00 GMT-0300 (Brasilia Standard Time),1
SMG13,GM,J&T Slow,Thu Jul 30 2026 04:00:00 GMT-0300 (Brasilia Standard Time),1
SMG13,GM,J&T Slow,Mon Aug 03 2026 04:00:00 GMT-0300 (Brasilia Standard Time),1
SMG13,GM,J&T Slow,Wed Aug 05 2026 04:00:00 GMT-0300 (Brasilia Standard Time),2
SMG13,GM,J&T Slow,Thu Aug 06 2026 04:00:00 GMT-0300 (Brasilia Standard Time),1
SMG13,GM,Jad,Wed Jul 29 2026 04:00:00 GMT-0300 (Brasilia Standard Time),1
SMG13,GM,Loggi,Wed Jul 29 2026 04:00:00 GMT-0300 (Brasilia Standard Time),1
SMG13,GM,Loggi,Sat Aug 01 2026 04:00:00 GMT-0300 (Brasilia Standard Time),1
SMG13,OVERSIZE,Jad,Thu Aug 06 2026 04:00:00 GMT-0300 (Brasilia Standard Time),1
SMG14,GM,J&T Fast,Mon Jul 27 2026 04:00:00 GMT-0300 (Brasilia Standard Time),1
SMG14,GM,J&T Fast,Tue Aug 18 2026 04:00:00 GMT-0300 (Brasilia Standard Time),1
SMG14,GM,J&T Slow,Mon Jul 27 2026 04:00:00 GMT-0300 (Brasilia Standard Time),1
SMG14,GM,J&T Slow,Mon Aug 03 2026 04:00:00 GMT-0300 (Brasilia Standard Time),7
SMG14,GM,J&T Slow,Wed Aug 05 2026 04:00:00 GMT-0300 (Brasilia Standard Time),6
SMG14,GM,J&T Slow,Thu Aug 06 2026 04:00:00 GMT-0300 (Brasilia Standard Time),5
SMG14,GM,J&T Slow,Fri Aug 07 2026 04:00:00 GMT-0300 (Brasilia Standard Time),1
SMG14,GM,J&T Slow,Tue Aug 11 2026 04:00:00 GMT-0300 (Brasilia Standard Time),1
SMG14,GM,Jad,Thu Aug 06 2026 04:00:00 GMT-0300 (Brasilia Standard Time),1
SMG14,GM,Jad,Fri Aug 07 2026 04:00:00 GMT-0300 (Brasilia Standard Time),1
SMG14,GM,Loggi,Sat Jul 25 2026 04:00:00 GMT-0300 (Brasilia Standard Time),2
SMG14,GM,Loggi,Tue Aug 18 2026 04:00:00 GMT-0300 (Brasilia Standard Time),1
SMG14,LARGE,Dominalog,Wed Aug 05 2026 04:00:00 GMT-0300 (Brasilia Standard Time),1
SMG14,LARGE,Jad,Mon Jul 27 2026 04:00:00 GMT-0300 (Brasilia Standard Time),1
SMG14,LARGE,Loggi,Sat Aug 08 2026 04:00:00 GMT-0300 (Brasilia Standard Time),1
SMG15,GM,J&T Fast,Fri Aug 07 2026 04:00:00 GMT-0300 (Brasilia Standard Time),1
SMG15,GM,J&T Slow,Sat Jul 25 2026 04:00:00 GMT-0300 (Brasilia Standard Time),1
SMG15,GM,J&T Slow,Tue Jul 28 2026 04:00:00 GMT-0300 (Brasilia Standard Time),1
SMG15,GM,J&T Slow,Wed Jul 29 2026 04:00:00 GMT-0300 (Brasilia Standard Time),2
SMG15,GM,J&T Slow,Thu Jul 30 2026 04:00:00 GMT-0300 (Brasilia Standard Time),29
SMG15,GM,J&T Slow,Fri Jul 31 2026 04:00:00 GMT-0300 (Brasilia Standard Time),5
SMG15,GM,J&T Slow,Mon Aug 03 2026 04:00:00 GMT-0300 (Brasilia Standard Time),1
SMG15,GM,J&T Slow,Tue Aug 04 2026 04:00:00 GMT-0300 (Brasilia Standard Time),1
SMG15,GM,J&T Slow,Wed Aug 05 2026 04:00:00 GMT-0300 (Brasilia Standard Time),2
SMG15,GM,J&T Slow,Thu Aug 06 2026 04:00:00 GMT-0300 (Brasilia Standard Time),2
SMG15,GM,J&T Slow,Sat Aug 08 2026 04:00:00 GMT-0300 (Brasilia Standard Time),1
SMG15,GM,Loggi,Fri Jul 31 2026 04:00:00 GMT-0300 (Brasilia Standard Time),1
SMG15,GM,Loggi,Tue Aug 04 2026 04:00:00 GMT-0300 (Brasilia Standard Time),1
SMG15,LARGE,Dominalog,Tue Aug 04 2026 04:00:00 GMT-0300 (Brasilia Standard Time),1
SMG15,LARGE,Dominalog,Sat Aug 08 2026 04:00:00 GMT-0300 (Brasilia Standard Time),1
SMG15,LARGE,Jad,Thu Jul 30 2026 04:00:00 GMT-0300 (Brasilia Standard Time),1
SMG15,LARGE,Loggi,Tue Aug 04 2026 04:00:00 GMT-0300 (Brasilia Standard Time),1
SMG15,LARGE,Loggi,Wed Aug 05 2026 04:00:00 GMT-0300 (Brasilia Standard Time),1
SMG15,OVERSIZE,Loggi,Tue Aug 18 2026 04:00:00 GMT-0300 (Brasilia Standard Time),1
SMG18,GM,Jad,Wed Aug 05 2026 04:00:00 GMT-0300 (Brasilia Standard Time),1
SMG2,GM,J&T Slow,Sat Aug 01 2026 04:00:00 GMT-0300 (Brasilia Standard Time),2
SMG2,GM,J&T Slow,Mon Aug 03 2026 04:00:00 GMT-0300 (Brasilia Standard Time),6
SMG2,GM,J&T Slow,Tue Aug 04 2026 04:00:00 GMT-0300 (Brasilia Standard Time),1
SMG2,GM,J&T Slow,Wed Aug 05 2026 04:00:00 GMT-0300 (Brasilia Standard Time),2
SMG2,GM,J&T Slow,Thu Aug 06 2026 04:00:00 GMT-0300 (Brasilia Standard Time),1
SMG2,GM,J&T Slow,Sat Aug 08 2026 04:00:00 GMT-0300 (Brasilia Standard Time),2
SMG2,GM,Loggi,Thu Jul 30 2026 04:00:00 GMT-0300 (Brasilia Standard Time),1
SMG2,GM,Loggi,Sat Aug 01 2026 04:00:00 GMT-0300 (Brasilia Standard Time),1
SMG2,GM,Loggi,Mon Aug 03 2026 04:00:00 GMT-0300 (Brasilia Standard Time),1
SMG2,GM,Loggi,Sat Aug 08 2026 04:00:00 GMT-0300 (Brasilia Standard Time),1
SMG2,GM,Loggi,Tue Aug 11 2026 04:00:00 GMT-0300 (Brasilia Standard Time),1
SMG2,LARGE,Loggi,Tue Aug 04 2026 04:00:00 GMT-0300 (Brasilia Standard Time),1
SMG2,OVERSIZE,Jad,Tue Jul 28 2026 04:00:00 GMT-0300 (Brasilia Standard Time),1
SMG3,GM,Dominalog,Sat Aug 08 2026 04:00:00 GMT-0300 (Brasilia Standard Time),2
SMG3,GM,Dominalog,Mon Aug 17 2026 04:00:00 GMT-0300 (Brasilia Standard Time),2
SMG3,GM,J&T Fast,Wed Aug 05 2026 04:00:00 GMT-0300 (Brasilia Standard Time),1
SMG3,GM,J&T Slow,Fri Jul 24 2026 04:00:00 GMT-0300 (Brasilia Standard Time),1
SMG3,GM,J&T Slow,Sat Jul 25 2026 04:00:00 GMT-0300 (Brasilia Standard Time),1
SMG3,GM,J&T Slow,Tue Jul 28 2026 04:00:00 GMT-0300 (Brasilia Standard Time),34
SMG3,GM,J&T Slow,Fri Jul 31 2026 04:00:00 GMT-0300 (Brasilia Standard Time),2
SMG3,GM,J&T Slow,Sat Aug 01 2026 04:00:00 GMT-0300 (Brasilia Standard Time),1
SMG3,GM,J&T Slow,Mon Aug 03 2026 04:00:00 GMT-0300 (Brasilia Standard Time),1
SMG3,GM,J&T Slow,Tue Aug 04 2026 04:00:00 GMT-0300 (Brasilia Standard Time),1
SMG3,GM,J&T Slow,Thu Aug 06 2026 04:00:00 GMT-0300 (Brasilia Standard Time),1
SMG3,GM,Loggi,Fri Jul 24 2026 04:00:00 GMT-0300 (Brasilia Standard Time),1
SMG3,LARGE,Jad,Mon Jul 27 2026 04:00:00 GMT-0300 (Brasilia Standard Time),1
SMG3,LARGE,Jad,Sat Aug 01 2026 04:00:00 GMT-0300 (Brasilia Standard Time),1
SMG3,OVERSIZE,Jad,Wed Aug 05 2026 04:00:00 GMT-0300 (Brasilia Standard Time),1
SMG4,GM,J&T Slow,Thu Jul 30 2026 04:00:00 GMT-0300 (Brasilia Standard Time),1
SMG4,GM,J&T Slow,Mon Aug 03 2026 04:00:00 GMT-0300 (Brasilia Standard Time),1
SMG4,GM,J&T Slow,Tue Aug 04 2026 04:00:00 GMT-0300 (Brasilia Standard Time),1
SMG4,GM,J&T Slow,Wed Aug 05 2026 04:00:00 GMT-0300 (Brasilia Standard Time),1
SMG4,GM,J&T Slow,Thu Aug 06 2026 04:00:00 GMT-0300 (Brasilia Standard Time),3
SMG4,GM,Loggi,Sat Jul 25 2026 04:00:00 GMT-0300 (Brasilia Standard Time),1
SMG4,GM,Loggi,Tue Jul 28 2026 04:00:00 GMT-0300 (Brasilia Standard Time),1
SMG4,GM,Loggi,Wed Jul 29 2026 04:00:00 GMT-0300 (Brasilia Standard Time),1
SMG4,GM,Loggi,Thu Jul 30 2026 04:00:00 GMT-0300 (Brasilia Standard Time),1
SMG4,GM,Loggi,Fri Jul 31 2026 04:00:00 GMT-0300 (Brasilia Standard Time),3
SMG4,GM,Loggi,Sat Aug 01 2026 04:00:00 GMT-0300 (Brasilia Standard Time),1
SMG4,GM,Loggi,Mon Aug 03 2026 04:00:00 GMT-0300 (Brasilia Standard Time),1
SMG4,GM,Loggi,Wed Aug 05 2026 04:00:00 GMT-0300 (Brasilia Standard Time),1
SMG4,GM,Loggi,Thu Aug 06 2026 04:00:00 GMT-0300 (Brasilia Standard Time),1
SMG4,GM,Loggi,Sat Aug 08 2026 04:00:00 GMT-0300 (Brasilia Standard Time),1
SMG4,LARGE,Jad,Fri Jul 31 2026 04:00:00 GMT-0300 (Brasilia Standard Time),1
SMG4,LARGE,Jad,Sat Aug 01 2026 04:00:00 GMT-0300 (Brasilia Standard Time),1
SMG4,LARGE,Jad,Tue Aug 04 2026 04:00:00 GMT-0300 (Brasilia Standard Time),1
SMG4,LARGE,Jad,Thu Aug 06 2026 04:00:00 GMT-0300 (Brasilia Standard Time),1
SMG5,GM,Dominalog,Thu Aug 06 2026 04:00:00 GMT-0300 (Brasilia Standard Time),1
SMG5,GM,J&T Fast,Mon Jul 27 2026 04:00:00 GMT-0300 (Brasilia Standard Time),1
SMG5,GM,J&T Fast,Sat Aug 01 2026 04:00:00 GMT-0300 (Brasilia Standard Time),1
SMG5,GM,J&T Fast,Tue Aug 04 2026 04:00:00 GMT-0300 (Brasilia Standard Time),1
SMG5,GM,J&T Slow,Fri Jul 24 2026 04:00:00 GMT-0300 (Brasilia Standard Time),1
SMG5,GM,J&T Slow,Mon Jul 27 2026 04:00:00 GMT-0300 (Brasilia Standard Time),5
SMG5,GM,J&T Slow,Thu Jul 30 2026 04:00:00 GMT-0300 (Brasilia Standard Time),1
SMG5,GM,Jad,Thu Jul 23 2026 04:00:00 GMT-0300 (Brasilia Standard Time),1
SMG5,GM,Jad,Fri Jul 31 2026 04:00:00 GMT-0300 (Brasilia Standard Time),1
SMG5,GM,Loggi,Fri Jul 31 2026 04:00:00 GMT-0300 (Brasilia Standard Time),1
SMG5,GM,Loggi,Mon Aug 03 2026 04:00:00 GMT-0300 (Brasilia Standard Time),1
SMG5,GM,Loggi,Tue Aug 04 2026 04:00:00 GMT-0300 (Brasilia Standard Time),1
SMG5,OVERSIZE,Jad,Wed Jul 29 2026 04:00:00 GMT-0300 (Brasilia Standard Time),1
SMG6,GM,J&T Fast,Mon Aug 03 2026 04:00:00 GMT-0300 (Brasilia Standard Time),1
SMG6,GM,J&T Fast,Thu Aug 06 2026 04:00:00 GMT-0300 (Brasilia Standard Time),2
SMG6,GM,J&T Slow,Sat Aug 01 2026 04:00:00 GMT-0300 (Brasilia Standard Time),1
SMG6,GM,J&T Slow,Mon Aug 03 2026 04:00:00 GMT-0300 (Brasilia Standard Time),3
SMG6,GM,J&T Slow,Wed Aug 05 2026 04:00:00 GMT-0300 (Brasilia Standard Time),1
SMG6,GM,J&T Slow,Thu Aug 06 2026 04:00:00 GMT-0300 (Brasilia Standard Time),5
SMG6,GM,Loggi,Wed Jul 22 2026 04:00:00 GMT-0300 (Brasilia Standard Time),1
SMG6,GM,Loggi,Fri Jul 24 2026 04:00:00 GMT-0300 (Brasilia Standard Time),1
SMG6,GM,Loggi,Sat Jul 25 2026 04:00:00 GMT-0300 (Brasilia Standard Time),5
SMG6,GM,Loggi,Sat Aug 01 2026 04:00:00 GMT-0300 (Brasilia Standard Time),3
SMG6,GM,Loggi,Mon Aug 03 2026 04:00:00 GMT-0300 (Brasilia Standard Time),28
SMG6,GM,Loggi,Tue Aug 04 2026 04:00:00 GMT-0300 (Brasilia Standard Time),28
SMG6,GM,Loggi,Thu Aug 06 2026 04:00:00 GMT-0300 (Brasilia Standard Time),13
SMG6,GM,Loggi,Fri Aug 07 2026 04:00:00 GMT-0300 (Brasilia Standard Time),5
SMG6,GM,Loggi,Mon Aug 10 2026 04:00:00 GMT-0300 (Brasilia Standard Time),1
SMG6,GM,Loggi,Tue Aug 11 2026 04:00:00 GMT-0300 (Brasilia Standard Time),2
SMG6,GM,Loggi,Wed Aug 12 2026 04:00:00 GMT-0300 (Brasilia Standard Time),4
SMG6,LARGE,Jad,Tue Jul 28 2026 04:00:00 GMT-0300 (Brasilia Standard Time),1
SMG6,LARGE,Jad,Wed Jul 29 2026 04:00:00 GMT-0300 (Brasilia Standard Time),1
SMG6,LARGE,Loggi,Sat Aug 01 2026 04:00:00 GMT-0300 (Brasilia Standard Time),1
SMG6,OVERSIZE,Jad,Sat Aug 01 2026 04:00:00 GMT-0300 (Brasilia Standard Time),2
SMG7,GM,J&T Fast,Mon Aug 03 2026 04:00:00 GMT-0300 (Brasilia Standard Time),1
SMG7,GM,J&T Slow,Mon Jul 27 2026 04:00:00 GMT-0300 (Brasilia Standard Time),1
SMG7,GM,J&T Slow,Tue Jul 28 2026 04:00:00 GMT-0300 (Brasilia Standard Time),2
SMG7,GM,J&T Slow,Thu Jul 30 2026 04:00:00 GMT-0300 (Brasilia Standard Time),4
SMG7,GM,J&T Slow,Fri Jul 31 2026 04:00:00 GMT-0300 (Brasilia Standard Time),1
SMG7,GM,J&T Slow,Sat Aug 01 2026 04:00:00 GMT-0300 (Brasilia Standard Time),2
SMG7,GM,J&T Slow,Mon Aug 03 2026 04:00:00 GMT-0300 (Brasilia Standard Time),21
SMG7,GM,J&T Slow,Tue Aug 04 2026 04:00:00 GMT-0300 (Brasilia Standard Time),1
SMG7,GM,J&T Slow,Wed Aug 05 2026 04:00:00 GMT-0300 (Brasilia Standard Time),2
SMG7,GM,J&T Slow,Fri Aug 07 2026 04:00:00 GMT-0300 (Brasilia Standard Time),2
SMG7,GM,Jad,Tue Aug 04 2026 04:00:00 GMT-0300 (Brasilia Standard Time),1
SMG7,GM,Jad,Thu Aug 06 2026 04:00:00 GMT-0300 (Brasilia Standard Time),1
SMG7,GM,Loggi,Fri Jul 31 2026 04:00:00 GMT-0300 (Brasilia Standard Time),1
SMG7,GM,Loggi,Sat Aug 01 2026 04:00:00 GMT-0300 (Brasilia Standard Time),1
SMG7,GM,Loggi,Mon Aug 03 2026 04:00:00 GMT-0300 (Brasilia Standard Time),3
SMG7,LARGE,Dominalog,Wed Aug 05 2026 04:00:00 GMT-0300 (Brasilia Standard Time),1
SMG7,LARGE,Loggi,Thu Aug 06 2026 04:00:00 GMT-0300 (Brasilia Standard Time),1
SMG7,OVERSIZE,Dominalog,Tue Aug 04 2026 04:00:00 GMT-0300 (Brasilia Standard Time),1
SMG7,OVERSIZE,Dominalog,Wed Aug 05 2026 04:00:00 GMT-0300 (Brasilia Standard Time),1
SMG7,OVERSIZE,Jad,Sat Aug 01 2026 04:00:00 GMT-0300 (Brasilia Standard Time),1
SMG7,OVERSIZE,Jad,Mon Aug 03 2026 04:00:00 GMT-0300 (Brasilia Standard Time),1
SMG8,GM,J&T Fast,Mon Jul 27 2026 04:00:00 GMT-0300 (Brasilia Standard Time),2
SMG8,GM,J&T Fast,Tue Aug 04 2026 04:00:00 GMT-0300 (Brasilia Standard Time),1
SMG8,GM,J&T Slow,Wed Jul 22 2026 04:00:00 GMT-0300 (Brasilia Standard Time),1
SMG8,GM,J&T Slow,Fri Jul 24 2026 04:00:00 GMT-0300 (Brasilia Standard Time),3
SMG8,GM,J&T Slow,Tue Jul 28 2026 04:00:00 GMT-0300 (Brasilia Standard Time),2
SMG8,GM,J&T Slow,Wed Jul 29 2026 04:00:00 GMT-0300 (Brasilia Standard Time),1
SMG8,GM,J&T Slow,Fri Jul 31 2026 04:00:00 GMT-0300 (Brasilia Standard Time),1
SMG8,GM,J&T Slow,Mon Aug 03 2026 04:00:00 GMT-0300 (Brasilia Standard Time),1
SMG8,GM,J&T Slow,Tue Aug 04 2026 04:00:00 GMT-0300 (Brasilia Standard Time),16
SMG8,GM,J&T Slow,Wed Aug 05 2026 04:00:00 GMT-0300 (Brasilia Standard Time),9
SMG8,GM,Jad,Mon Jul 27 2026 04:00:00 GMT-0300 (Brasilia Standard Time),1
SMG8,GM,Jad,Mon Aug 03 2026 04:00:00 GMT-0300 (Brasilia Standard Time),1
SMG8,GM,Jad,Fri Aug 07 2026 04:00:00 GMT-0300 (Brasilia Standard Time),1
SMG8,GM,Loggi,Fri Jul 24 2026 04:00:00 GMT-0300 (Brasilia Standard Time),1
SMG8,GM,Loggi,Mon Jul 27 2026 04:00:00 GMT-0300 (Brasilia Standard Time),4
SMG8,GM,Loggi,Tue Jul 28 2026 04:00:00 GMT-0300 (Brasilia Standard Time),1
SMG8,GM,Loggi,Thu Jul 30 2026 04:00:00 GMT-0300 (Brasilia Standard Time),1
SMG8,GM,Loggi,Fri Jul 31 2026 04:00:00 GMT-0300 (Brasilia Standard Time),1
SMG8,GM,Loggi,Mon Aug 03 2026 04:00:00 GMT-0300 (Brasilia Standard Time),1
SMG8,GM,Loggi,Tue Aug 04 2026 04:00:00 GMT-0300 (Brasilia Standard Time),2
SMG8,GM,Loggi,Thu Aug 06 2026 04:00:00 GMT-0300 (Brasilia Standard Time),1
SMG8,LARGE,Dominalog,Sat Jul 25 2026 04:00:00 GMT-0300 (Brasilia Standard Time),1
SMG8,LARGE,Dominalog,Mon Jul 27 2026 04:00:00 GMT-0300 (Brasilia Standard Time),1
SMG8,LARGE,Dominalog,Tue Jul 28 2026 04:00:00 GMT-0300 (Brasilia Standard Time),3
SMG8,LARGE,Dominalog,Wed Jul 29 2026 04:00:00 GMT-0300 (Brasilia Standard Time),1
SMG8,LARGE,Dominalog,Tue Aug 04 2026 04:00:00 GMT-0300 (Brasilia Standard Time),1
SMG8,LARGE,Dominalog,Thu Aug 06 2026 04:00:00 GMT-0300 (Brasilia Standard Time),1
SMG9,GM,J&T Fast,Fri Jul 24 2026 04:00:00 GMT-0300 (Brasilia Standard Time),2
SMG9,GM,J&T Slow,Tue Aug 04 2026 04:00:00 GMT-0300 (Brasilia Standard Time),2
SMG9,GM,Jad,Fri Jul 24 2026 04:00:00 GMT-0300 (Brasilia Standard Time),1
SMG9,GM,Jad,Thu Jul 30 2026 04:00:00 GMT-0300 (Brasilia Standard Time),1
SMG9,GM,Loggi,Fri Jul 24 2026 04:00:00 GMT-0300 (Brasilia Standard Time),3
SMG9,GM,Loggi,Sat Jul 25 2026 04:00:00 GMT-0300 (Brasilia Standard Time),1
SMG9,GM,Loggi,Sat Aug 01 2026 04:00:00 GMT-0300 (Brasilia Standard Time),1
SMG9,LARGE,Jad,Sat Aug 08 2026 04:00:00 GMT-0300 (Brasilia Standard Time),2
SMN1,GM,Dominalog,Tue Aug 04 2026 04:00:00 GMT-0300 (Brasilia Standard Time),1
SMN1,GM,Dominalog,Wed Aug 05 2026 04:00:00 GMT-0300 (Brasilia Standard Time),1
SMN1,GM,Dominalog,Thu Aug 06 2026 04:00:00 GMT-0300 (Brasilia Standard Time),1
SMN1,GM,Dominalog,Fri Aug 07 2026 04:00:00 GMT-0300 (Brasilia Standard Time),2
SMN1,GM,Dominalog,Sat Aug 08 2026 04:00:00 GMT-0300 (Brasilia Standard Time),1
SMN1,GM,Imile Fast,Sat Jul 25 2026 04:00:00 GMT-0300 (Brasilia Standard Time),1
SMN1,GM,Imile Fast,Fri Jul 31 2026 04:00:00 GMT-0300 (Brasilia Standard Time),1
SMN1,GM,Imile Fast,Sat Aug 01 2026 04:00:00 GMT-0300 (Brasilia Standard Time),1
SMN1,GM,Imile Fast,Tue Aug 04 2026 04:00:00 GMT-0300 (Brasilia Standard Time),1
SMN1,GM,Imile Fast,Wed Aug 05 2026 04:00:00 GMT-0300 (Brasilia Standard Time),2
SMN1,GM,Imile Slow,Mon Jul 27 2026 04:00:00 GMT-0300 (Brasilia Standard Time),1
SMN1,GM,Imile Slow,Tue Aug 04 2026 04:00:00 GMT-0300 (Brasilia Standard Time),3
SMN1,GM,J&T Slow,Mon Aug 03 2026 04:00:00 GMT-0300 (Brasilia Standard Time),1
SMN1,GM,J&T Slow,Wed Aug 05 2026 04:00:00 GMT-0300 (Brasilia Standard Time),1
SMN1,GM,J&T Slow,Thu Aug 06 2026 04:00:00 GMT-0300 (Brasilia Standard Time),1
SMN1,GM,Jad,Wed Jul 29 2026 04:00:00 GMT-0300 (Brasilia Standard Time),1
SMN1,GM,Jad,Thu Jul 30 2026 04:00:00 GMT-0300 (Brasilia Standard Time),1
SMN1,GM,Jad,Sat Aug 01 2026 04:00:00 GMT-0300 (Brasilia Standard Time),1
SMN1,GM,Jad,Wed Aug 05 2026 04:00:00 GMT-0300 (Brasilia Standard Time),1
SMN1,GM,Loggi,Tue Jul 28 2026 04:00:00 GMT-0300 (Brasilia Standard Time),1
SMN1,GM,Loggi,Wed Jul 29 2026 04:00:00 GMT-0300 (Brasilia Standard Time),1
SMN1,LARGE,Dominalog,Wed Aug 05 2026 04:00:00 GMT-0300 (Brasilia Standard Time),1
SMN1,LARGE,Dominalog,Thu Aug 06 2026 04:00:00 GMT-0300 (Brasilia Standard Time),1
SMN1,LARGE,Dominalog,Fri Aug 07 2026 04:00:00 GMT-0300 (Brasilia Standard Time),1
SMN1,LARGE,Imile Fast,Sat Aug 01 2026 04:00:00 GMT-0300 (Brasilia Standard Time),1
SMN1,LARGE,Imile Slow,Sat Aug 01 2026 04:00:00 GMT-0300 (Brasilia Standard Time),1
SMN1,LARGE,Imile Slow,Wed Aug 05 2026 04:00:00 GMT-0300 (Brasilia Standard Time),1
SMN1,LARGE,Imile Slow,Fri Aug 07 2026 04:00:00 GMT-0300 (Brasilia Standard Time),1
SMN1,LARGE,Imile Slow,Sat Aug 08 2026 04:00:00 GMT-0300 (Brasilia Standard Time),1
SMN1,LARGE,Jad,Fri Jul 31 2026 04:00:00 GMT-0300 (Brasilia Standard Time),1
SMN1,LARGE,Jad,Tue Aug 04 2026 04:00:00 GMT-0300 (Brasilia Standard Time),1
SMN1,OVERSIZE,Jad,Thu Jul 30 2026 04:00:00 GMT-0300 (Brasilia Standard Time),1
SMR1,GM,Carvalima,Fri Jul 24 2026 04:00:00 GMT-0300 (Brasilia Standard Time),4
SMR1,GM,Carvalima,Sat Jul 25 2026 04:00:00 GMT-0300 (Brasilia Standard Time),4
SMR1,GM,Carvalima,Tue Jul 28 2026 04:00:00 GMT-0300 (Brasilia Standard Time),1
SMR1,GM,Carvalima,Wed Jul 29 2026 04:00:00 GMT-0300 (Brasilia Standard Time),4
SMR1,GM,Carvalima,Thu Jul 30 2026 04:00:00 GMT-0300 (Brasilia Standard Time),2
SMR1,GM,Carvalima,Fri Jul 31 2026 04:00:00 GMT-0300 (Brasilia Standard Time),5
SMR1,GM,Carvalima,Mon Aug 03 2026 04:00:00 GMT-0300 (Brasilia Standard Time),2
SMR1,GM,Carvalima,Tue Aug 04 2026 04:00:00 GMT-0300 (Brasilia Standard Time),6
SMR1,GM,Carvalima,Wed Aug 05 2026 04:00:00 GMT-0300 (Brasilia Standard Time),5
SMR1,GM,Carvalima,Thu Aug 06 2026 04:00:00 GMT-0300 (Brasilia Standard Time),5
SMR1,GM,Carvalima,Fri Aug 07 2026 04:00:00 GMT-0300 (Brasilia Standard Time),1
SMR1,GM,J&T Nodos,Wed Jul 29 2026 04:00:00 GMT-0300 (Brasilia Standard Time),1
SMR1,GM,J&T Nodos,Sat Aug 01 2026 04:00:00 GMT-0300 (Brasilia Standard Time),1
SMR1,GM,J&T Slow,Fri Jul 24 2026 04:00:00 GMT-0300 (Brasilia Standard Time),1
SMR1,GM,J&T Slow,Tue Jul 28 2026 04:00:00 GMT-0300 (Brasilia Standard Time),4
SMR1,GM,J&T Slow,Wed Jul 29 2026 04:00:00 GMT-0300 (Brasilia Standard Time),5
SMR1,GM,J&T Slow,Thu Jul 30 2026 04:00:00 GMT-0300 (Brasilia Standard Time),4
SMR1,GM,J&T Slow,Fri Jul 31 2026 04:00:00 GMT-0300 (Brasilia Standard Time),3
SMR1,GM,J&T Slow,Sat Aug 01 2026 04:00:00 GMT-0300 (Brasilia Standard Time),1
SMR1,GM,J&T Slow,Mon Aug 03 2026 04:00:00 GMT-0300 (Brasilia Standard Time),2
SMR1,GM,J&T Slow,Tue Aug 04 2026 04:00:00 GMT-0300 (Brasilia Standard Time),6
SMR1,GM,J&T Slow,Wed Aug 05 2026 04:00:00 GMT-0300 (Brasilia Standard Time),6
SMR1,GM,J&T Slow,Thu Aug 06 2026 04:00:00 GMT-0300 (Brasilia Standard Time),6
SMR1,GM,J&T Slow,Tue Aug 18 2026 04:00:00 GMT-0300 (Brasilia Standard Time),1
SMR1,LARGE,Carvalima,Fri Jul 24 2026 04:00:00 GMT-0300 (Brasilia Standard Time),1
SMR1,LARGE,Carvalima,Sat Jul 25 2026 04:00:00 GMT-0300 (Brasilia Standard Time),3
SMR1,LARGE,Carvalima,Tue Jul 28 2026 04:00:00 GMT-0300 (Brasilia Standard Time),1
SMR1,LARGE,Carvalima,Fri Jul 31 2026 04:00:00 GMT-0300 (Brasilia Standard Time),2
SMR1,LARGE,Carvalima,Tue Aug 04 2026 04:00:00 GMT-0300 (Brasilia Standard Time),1
SMR1,LARGE,J&T Slow,Wed Aug 05 2026 04:00:00 GMT-0300 (Brasilia Standard Time),1
SMR1,OVERSIZE,Carvalima,Wed Jul 29 2026 04:00:00 GMT-0300 (Brasilia Standard Time),1
SMR1,OVERSIZE,Carvalima,Thu Jul 30 2026 04:00:00 GMT-0300 (Brasilia Standard Time),1
SMR1,OVERSIZE,Carvalima,Fri Jul 31 2026 04:00:00 GMT-0300 (Brasilia Standard Time),1
SMR1,OVERSIZE,Carvalima,Sat Aug 01 2026 04:00:00 GMT-0300 (Brasilia Standard Time),1
SMR1,OVERSIZE,Carvalima,Thu Aug 06 2026 04:00:00 GMT-0300 (Brasilia Standard Time),1
SMR2,GM,Carvalima,Fri Jul 24 2026 04:00:00 GMT-0300 (Brasilia Standard Time),1
SMR2,GM,Carvalima,Sat Jul 25 2026 04:00:00 GMT-0300 (Brasilia Standard Time),1
SMR2,GM,Carvalima,Mon Jul 27 2026 04:00:00 GMT-0300 (Brasilia Standard Time),2
SMR2,GM,Carvalima,Tue Jul 28 2026 04:00:00 GMT-0300 (Brasilia Standard Time),1
SMR2,GM,Carvalima,Thu Jul 30 2026 04:00:00 GMT-0300 (Brasilia Standard Time),1
SMR2,GM,Carvalima,Fri Jul 31 2026 04:00:00 GMT-0300 (Brasilia Standard Time),3
SMR2,GM,Carvalima,Wed Aug 05 2026 04:00:00 GMT-0300 (Brasilia Standard Time),2
SMR2,GM,J&T Slow,Tue Jul 28 2026 04:00:00 GMT-0300 (Brasilia Standard Time),6
SMR2,GM,J&T Slow,Wed Jul 29 2026 04:00:00 GMT-0300 (Brasilia Standard Time),6
SMR2,GM,J&T Slow,Thu Jul 30 2026 04:00:00 GMT-0300 (Brasilia Standard Time),3
SMR2,GM,J&T Slow,Fri Jul 31 2026 04:00:00 GMT-0300 (Brasilia Standard Time),5
SMR2,GM,J&T Slow,Sat Aug 01 2026 04:00:00 GMT-0300 (Brasilia Standard Time),3
SMR2,GM,J&T Slow,Tue Aug 04 2026 04:00:00 GMT-0300 (Brasilia Standard Time),2
SMR2,GM,J&T Slow,Wed Aug 05 2026 04:00:00 GMT-0300 (Brasilia Standard Time),7
SMR2,GM,J&T Slow,Thu Aug 06 2026 04:00:00 GMT-0300 (Brasilia Standard Time),8
SMR2,GM,J&T Slow,Fri Aug 07 2026 04:00:00 GMT-0300 (Brasilia Standard Time),5
SMR2,LARGE,Carvalima,Fri Jul 24 2026 04:00:00 GMT-0300 (Brasilia Standard Time),1
SMR2,LARGE,Carvalima,Thu Jul 30 2026 04:00:00 GMT-0300 (Brasilia Standard Time),1
SMR2,LARGE,Carvalima,Fri Jul 31 2026 04:00:00 GMT-0300 (Brasilia Standard Time),2
SMR2,LARGE,Carvalima,Fri Aug 07 2026 04:00:00 GMT-0300 (Brasilia Standard Time),2
SMR2,LARGE,J&T Slow,Thu Aug 06 2026 04:00:00 GMT-0300 (Brasilia Standard Time),1
SMR2,OVERSIZE,Carvalima,Fri Jul 31 2026 04:00:00 GMT-0300 (Brasilia Standard Time),1
SMR2,OVERSIZE,Carvalima,Mon Aug 03 2026 04:00:00 GMT-0300 (Brasilia Standard Time),1
SMR2,OVERSIZE,Carvalima,Wed Aug 05 2026 04:00:00 GMT-0300 (Brasilia Standard Time),1
SMR2,OVERSIZE,J&T Slow,Thu Jul 30 2026 04:00:00 GMT-0300 (Brasilia Standard Time),1
SMS1,GM,Carvalima,Mon Jul 27 2026 04:00:00 GMT-0300 (Brasilia Standard Time),2
SMS1,GM,Carvalima,Tue Jul 28 2026 04:00:00 GMT-0300 (Brasilia Standard Time),2
SMS1,GM,Carvalima,Wed Jul 29 2026 04:00:00 GMT-0300 (Brasilia Standard Time),1
SMS1,GM,J&T Slow,Sat Jul 25 2026 04:00:00 GMT-0300 (Brasilia Standard Time),1
SMS1,GM,J&T Slow,Mon Jul 27 2026 04:00:00 GMT-0300 (Brasilia Standard Time),1
SMS1,GM,J&T Slow,Wed Jul 29 2026 04:00:00 GMT-0300 (Brasilia Standard Time),1
SMS1,GM,J&T Slow,Sat Aug 01 2026 04:00:00 GMT-0300 (Brasilia Standard Time),3
SMS1,GM,J&T Slow,Mon Aug 03 2026 04:00:00 GMT-0300 (Brasilia Standard Time),1
SMS1,GM,J&T Slow,Tue Aug 04 2026 04:00:00 GMT-0300 (Brasilia Standard Time),2
SMS1,GM,J&T Slow,Wed Aug 05 2026 04:00:00 GMT-0300 (Brasilia Standard Time),2
SMS1,GM,J&T Slow,Thu Aug 06 2026 04:00:00 GMT-0300 (Brasilia Standard Time),1
SMS1,GM,J&T Slow,Fri Aug 07 2026 04:00:00 GMT-0300 (Brasilia Standard Time),3
SMS1,GM,J&T Slow,Mon Aug 17 2026 04:00:00 GMT-0300 (Brasilia Standard Time),1
SMS1,GM,Loggi,Sat Jul 25 2026 04:00:00 GMT-0300 (Brasilia Standard Time),1
SMS1,GM,Loggi,Thu Jul 30 2026 04:00:00 GMT-0300 (Brasilia Standard Time),1
SMS1,LARGE,Carvalima,Mon Jul 27 2026 04:00:00 GMT-0300 (Brasilia Standard Time),1
SMS1,LARGE,Carvalima,Wed Jul 29 2026 04:00:00 GMT-0300 (Brasilia Standard Time),1
SMS1,LARGE,Carvalima,Fri Jul 31 2026 04:00:00 GMT-0300 (Brasilia Standard Time),1
SMS1,OVERSIZE,Carvalima,Mon Jul 27 2026 04:00:00 GMT-0300 (Brasilia Standard Time),1
SMS1,OVERSIZE,Loggi,Sat Aug 01 2026 04:00:00 GMT-0300 (Brasilia Standard Time),1
SMS2,GM,Carvalima,Mon Jul 27 2026 04:00:00 GMT-0300 (Brasilia Standard Time),1
SMS2,GM,J&T Slow,Sat Jul 25 2026 04:00:00 GMT-0300 (Brasilia Standard Time),1
SMS2,GM,J&T Slow,Thu Jul 30 2026 04:00:00 GMT-0300 (Brasilia Standard Time),1
SMS2,GM,J&T Slow,Wed Aug 05 2026 04:00:00 GMT-0300 (Brasilia Standard Time),1
SMS2,LARGE,Carvalima,Mon Jul 27 2026 04:00:00 GMT-0300 (Brasilia Standard Time),1
SMS2,LARGE,Carvalima,Tue Jul 28 2026 04:00:00 GMT-0300 (Brasilia Standard Time),1
SPA1,GM,Carvalima,Sat Jul 25 2026 04:00:00 GMT-0300 (Brasilia Standard Time),1
SPA1,GM,Carvalima,Mon Jul 27 2026 04:00:00 GMT-0300 (Brasilia Standard Time),1
SPA1,GM,Carvalima,Tue Jul 28 2026 04:00:00 GMT-0300 (Brasilia Standard Time),1
SPA1,GM,Carvalima,Wed Jul 29 2026 04:00:00 GMT-0300 (Brasilia Standard Time),1
SPA1,GM,Carvalima,Thu Jul 30 2026 04:00:00 GMT-0300 (Brasilia Standard Time),2
SPA1,GM,Carvalima,Sat Aug 01 2026 04:00:00 GMT-0300 (Brasilia Standard Time),2
SPA1,GM,Carvalima,Wed Aug 05 2026 04:00:00 GMT-0300 (Brasilia Standard Time),1
SPA1,GM,Carvalima,Fri Aug 07 2026 04:00:00 GMT-0300 (Brasilia Standard Time),1
SPA1,GM,Imile Fast,Sat Jul 25 2026 04:00:00 GMT-0300 (Brasilia Standard Time),1
SPA1,GM,Imile Fast,Mon Jul 27 2026 04:00:00 GMT-0300 (Brasilia Standard Time),3
SPA1,GM,Imile Fast,Tue Jul 28 2026 04:00:00 GMT-0300 (Brasilia Standard Time),1
SPA1,GM,Imile Fast,Wed Jul 29 2026 04:00:00 GMT-0300 (Brasilia Standard Time),3
SPA1,GM,Imile Fast,Thu Jul 30 2026 04:00:00 GMT-0300 (Brasilia Standard Time),7
SPA1,GM,Imile Fast,Fri Jul 31 2026 04:00:00 GMT-0300 (Brasilia Standard Time),1
SPA1,GM,Imile Fast,Sat Aug 01 2026 04:00:00 GMT-0300 (Brasilia Standard Time),1
SPA1,GM,Imile Fast,Wed Aug 05 2026 04:00:00 GMT-0300 (Brasilia Standard Time),3
SPA1,GM,Imile Fast,Fri Aug 07 2026 04:00:00 GMT-0300 (Brasilia Standard Time),1
SPA1,GM,Imile Slow,Sat Jul 25 2026 04:00:00 GMT-0300 (Brasilia Standard Time),1
SPA1,GM,Imile Slow,Mon Aug 03 2026 04:00:00 GMT-0300 (Brasilia Standard Time),1
SPA1,GM,Imile Slow,Thu Aug 06 2026 04:00:00 GMT-0300 (Brasilia Standard Time),2
SPA1,GM,J&T Fast,Mon Jul 27 2026 04:00:00 GMT-0300 (Brasilia Standard Time),3
SPA1,GM,J&T Fast,Tue Jul 28 2026 04:00:00 GMT-0300 (Brasilia Standard Time),1
SPA1,GM,J&T Fast,Wed Jul 29 2026 04:00:00 GMT-0300 (Brasilia Standard Time),1
SPA1,GM,J&T Fast,Thu Jul 30 2026 04:00:00 GMT-0300 (Brasilia Standard Time),1
SPA1,GM,J&T Fast,Mon Aug 03 2026 04:00:00 GMT-0300 (Brasilia Standard Time),4
SPA1,GM,J&T Fast,Tue Aug 04 2026 04:00:00 GMT-0300 (Brasilia Standard Time),1
SPA1,GM,J&T Fast,Sat Aug 08 2026 04:00:00 GMT-0300 (Brasilia Standard Time),1
SPA1,GM,J&T Slow,Mon Aug 03 2026 04:00:00 GMT-0300 (Brasilia Standard Time),8
SPA1,GM,J&T Slow,Tue Aug 04 2026 04:00:00 GMT-0300 (Brasilia Standard Time),2
SPA1,GM,J&T Slow,Thu Aug 06 2026 04:00:00 GMT-0300 (Brasilia Standard Time),1
SPA1,GM,J&T Slow,Fri Aug 07 2026 04:00:00 GMT-0300 (Brasilia Standard Time),1
SPA1,GM,Jad,Wed Jul 29 2026 04:00:00 GMT-0300 (Brasilia Standard Time),2
SPA1,GM,Loggi,Tue Jul 28 2026 04:00:00 GMT-0300 (Brasilia Standard Time),2
SPA1,GM,Loggi,Thu Jul 30 2026 04:00:00 GMT-0300 (Brasilia Standard Time),2
SPA1,GM,Loggi,Sat Aug 01 2026 04:00:00 GMT-0300 (Brasilia Standard Time),3
SPA1,GM,Loggi,Mon Aug 03 2026 04:00:00 GMT-0300 (Brasilia Standard Time),1
SPA1,GM,Loggi,Thu Aug 06 2026 04:00:00 GMT-0300 (Brasilia Standard Time),1
SPA1,GM,Loggi,Thu Aug 20 2026 04:00:00 GMT-0300 (Brasilia Standard Time),1
SPA1,LARGE,Carvalima,Sat Jul 25 2026 04:00:00 GMT-0300 (Brasilia Standard Time),5
SPA1,LARGE,Carvalima,Tue Jul 28 2026 04:00:00 GMT-0300 (Brasilia Standard Time),1
SPA1,LARGE,Carvalima,Wed Jul 29 2026 04:00:00 GMT-0300 (Brasilia Standard Time),1
SPA1,LARGE,Carvalima,Thu Jul 30 2026 04:00:00 GMT-0300 (Brasilia Standard Time),3
SPA1,LARGE,Carvalima,Fri Jul 31 2026 04:00:00 GMT-0300 (Brasilia Standard Time),1
SPA1,LARGE,Carvalima,Mon Aug 03 2026 04:00:00 GMT-0300 (Brasilia Standard Time),1
SPA1,LARGE,Carvalima,Fri Aug 07 2026 04:00:00 GMT-0300 (Brasilia Standard Time),1
SPA1,LARGE,Carvalima,Mon Aug 10 2026 04:00:00 GMT-0300 (Brasilia Standard Time),1
SPA1,LARGE,Imile Fast,Thu Jul 30 2026 04:00:00 GMT-0300 (Brasilia Standard Time),2
SPA1,LARGE,Imile Fast,Fri Jul 31 2026 04:00:00 GMT-0300 (Brasilia Standard Time),1
SPA1,LARGE,J&T Fast,Mon Jul 27 2026 04:00:00 GMT-0300 (Brasilia Standard Time),1
SPA1,LARGE,J&T Fast,Mon Aug 03 2026 04:00:00 GMT-0300 (Brasilia Standard Time),1
SPA1,LARGE,Jad,Wed Jul 29 2026 04:00:00 GMT-0300 (Brasilia Standard Time),1
SPA1,LARGE,Jad,Thu Jul 30 2026 04:00:00 GMT-0300 (Brasilia Standard Time),1
SPA1,LARGE,Jad,Mon Aug 03 2026 04:00:00 GMT-0300 (Brasilia Standard Time),1
SPA1,LARGE,Loggi,Wed Jul 29 2026 04:00:00 GMT-0300 (Brasilia Standard Time),1
SPA1,LARGE,Loggi,Fri Jul 31 2026 04:00:00 GMT-0300 (Brasilia Standard Time),1
SPA1,OVERSIZE,Carvalima,Sat Jul 25 2026 04:00:00 GMT-0300 (Brasilia Standard Time),1
SPA1,OVERSIZE,Carvalima,Mon Jul 27 2026 04:00:00 GMT-0300 (Brasilia Standard Time),1
SPA1,OVERSIZE,Carvalima,Tue Jul 28 2026 04:00:00 GMT-0300 (Brasilia Standard Time),2
SPA1,OVERSIZE,Carvalima,Thu Jul 30 2026 04:00:00 GMT-0300 (Brasilia Standard Time),1
SPA1,OVERSIZE,Imile Fast,Thu Jul 30 2026 04:00:00 GMT-0300 (Brasilia Standard Time),1
SPA1,OVERSIZE,Imile Fast,Wed Aug 05 2026 04:00:00 GMT-0300 (Brasilia Standard Time),1
SPA1,OVERSIZE,Imile Fast,Wed Aug 12 2026 04:00:00 GMT-0300 (Brasilia Standard Time),1
SPA1,OVERSIZE,Jad,Sat Jul 25 2026 04:00:00 GMT-0300 (Brasilia Standard Time),1
SPA1,OVERSIZE,Jad,Mon Jul 27 2026 04:00:00 GMT-0300 (Brasilia Standard Time),1
SPA1,OVERSIZE,Jad,Fri Jul 31 2026 04:00:00 GMT-0300 (Brasilia Standard Time),2
SPA2,GM,Carvalima,Fri Jul 24 2026 04:00:00 GMT-0300 (Brasilia Standard Time),2
SPA2,GM,Carvalima,Tue Aug 04 2026 04:00:00 GMT-0300 (Brasilia Standard Time),1
SPA2,GM,Carvalima,Sat Aug 08 2026 04:00:00 GMT-0300 (Brasilia Standard Time),1
SPA2,GM,Loggi,Wed Aug 05 2026 04:00:00 GMT-0300 (Brasilia Standard Time),1
SPA2,LARGE,Carvalima,Mon Jul 27 2026 04:00:00 GMT-0300 (Brasilia Standard Time),1
SPE1,GM,Dominalog,Sat Jul 25 2026 04:00:00 GMT-0300 (Brasilia Standard Time),1
SPE1,GM,J&T Fast,Fri Jul 24 2026 04:00:00 GMT-0300 (Brasilia Standard Time),1
SPE1,GM,J&T Fast,Sat Jul 25 2026 04:00:00 GMT-0300 (Brasilia Standard Time),2
SPE1,GM,J&T Fast,Tue Jul 28 2026 04:00:00 GMT-0300 (Brasilia Standard Time),1
SPE1,GM,J&T Fast,Wed Jul 29 2026 04:00:00 GMT-0300 (Brasilia Standard Time),1
SPE1,GM,J&T Fast,Thu Jul 30 2026 04:00:00 GMT-0300 (Brasilia Standard Time),1
SPE1,GM,J&T Fast,Tue Aug 04 2026 04:00:00 GMT-0300 (Brasilia Standard Time),1
SPE1,GM,J&T Fast,Thu Aug 06 2026 04:00:00 GMT-0300 (Brasilia Standard Time),1
SPE1,GM,J&T Slow,Fri Jul 24 2026 04:00:00 GMT-0300 (Brasilia Standard Time),1
SPE1,GM,J&T Slow,Sat Jul 25 2026 04:00:00 GMT-0300 (Brasilia Standard Time),1
SPE1,GM,J&T Slow,Mon Jul 27 2026 04:00:00 GMT-0300 (Brasilia Standard Time),2
SPE1,GM,J&T Slow,Tue Jul 28 2026 04:00:00 GMT-0300 (Brasilia Standard Time),4
SPE1,GM,J&T Slow,Wed Jul 29 2026 04:00:00 GMT-0300 (Brasilia Standard Time),8
SPE1,GM,J&T Slow,Fri Jul 31 2026 04:00:00 GMT-0300 (Brasilia Standard Time),1
SPE1,GM,J&T Slow,Tue Aug 04 2026 04:00:00 GMT-0300 (Brasilia Standard Time),6
SPE1,GM,J&T Slow,Wed Aug 05 2026 04:00:00 GMT-0300 (Brasilia Standard Time),6
SPE1,GM,J&T Slow,Fri Aug 07 2026 04:00:00 GMT-0300 (Brasilia Standard Time),7
SPE1,GM,J&T Slow,Sat Aug 08 2026 04:00:00 GMT-0300 (Brasilia Standard Time),9
SPE1,GM,J&T Slow,Wed Aug 12 2026 04:00:00 GMT-0300 (Brasilia Standard Time),1
SPE1,GM,Jad,Fri Jul 24 2026 04:00:00 GMT-0300 (Brasilia Standard Time),7
SPE1,GM,Jad,Sat Jul 25 2026 04:00:00 GMT-0300 (Brasilia Standard Time),2
SPE1,GM,Jad,Mon Jul 27 2026 04:00:00 GMT-0300 (Brasilia Standard Time),3
SPE1,GM,Jad,Tue Jul 28 2026 04:00:00 GMT-0300 (Brasilia Standard Time),2
SPE1,GM,Jad,Wed Jul 29 2026 04:00:00 GMT-0300 (Brasilia Standard Time),2
SPE1,GM,Jad,Mon Aug 03 2026 04:00:00 GMT-0300 (Brasilia Standard Time),1
SPE1,GM,Jad,Tue Aug 04 2026 04:00:00 GMT-0300 (Brasilia Standard Time),1
SPE1,GM,Jad,Wed Aug 05 2026 04:00:00 GMT-0300 (Brasilia Standard Time),2
SPE1,GM,Loggi,Sat Jul 25 2026 04:00:00 GMT-0300 (Brasilia Standard Time),1
SPE1,GM,Loggi,Tue Jul 28 2026 04:00:00 GMT-0300 (Brasilia Standard Time),1
SPE1,GM,Loggi,Wed Jul 29 2026 04:00:00 GMT-0300 (Brasilia Standard Time),2
SPE1,LARGE,Dominalog,Fri Jul 24 2026 04:00:00 GMT-0300 (Brasilia Standard Time),1
SPE1,LARGE,Dominalog,Wed Jul 29 2026 04:00:00 GMT-0300 (Brasilia Standard Time),1
SPE1,LARGE,Dominalog,Sat Aug 08 2026 04:00:00 GMT-0300 (Brasilia Standard Time),2
SPE1,LARGE,Dominalog,Mon Aug 10 2026 04:00:00 GMT-0300 (Brasilia Standard Time),2
SPE1,LARGE,Jad,Fri Jul 24 2026 04:00:00 GMT-0300 (Brasilia Standard Time),1
SPE1,LARGE,Jad,Wed Jul 29 2026 04:00:00 GMT-0300 (Brasilia Standard Time),3
SPE1,LARGE,Jad,Mon Aug 03 2026 04:00:00 GMT-0300 (Brasilia Standard Time),3
SPE1,LARGE,Jad,Tue Aug 04 2026 04:00:00 GMT-0300 (Brasilia Standard Time),1
SPE1,LARGE,Jad,Wed Aug 05 2026 04:00:00 GMT-0300 (Brasilia Standard Time),1
SPE1,LARGE,Jad,Thu Aug 06 2026 04:00:00 GMT-0300 (Brasilia Standard Time),1
SPE1,OVERSIZE,Dominalog,Fri Jul 24 2026 04:00:00 GMT-0300 (Brasilia Standard Time),5
SPE1,OVERSIZE,Jad,Thu Jul 30 2026 04:00:00 GMT-0300 (Brasilia Standard Time),1
SPE1,OVERSIZE,Jad,Fri Jul 31 2026 04:00:00 GMT-0300 (Brasilia Standard Time),1
SPE1,OVERSIZE,Jad,Wed Aug 05 2026 04:00:00 GMT-0300 (Brasilia Standard Time),1
SPE1,OVERSIZE,Jad,Sat Aug 08 2026 04:00:00 GMT-0300 (Brasilia Standard Time),1
SPI1,GM,Imile Fast,Mon Jul 27 2026 04:00:00 GMT-0300 (Brasilia Standard Time),2
SPI1,GM,Imile Fast,Thu Jul 30 2026 04:00:00 GMT-0300 (Brasilia Standard Time),4
SPI1,GM,Imile Fast,Fri Jul 31 2026 04:00:00 GMT-0300 (Brasilia Standard Time),3
SPI1,GM,Imile Fast,Thu Aug 06 2026 04:00:00 GMT-0300 (Brasilia Standard Time),1
SPI1,GM,Imile Slow,Thu Jul 30 2026 04:00:00 GMT-0300 (Brasilia Standard Time),1
SPI1,GM,Imile Slow,Sat Aug 15 2026 04:00:00 GMT-0300 (Brasilia Standard Time),1
SPI1,GM,J&T Fast,Tue Jul 28 2026 04:00:00 GMT-0300 (Brasilia Standard Time),1
SPI1,GM,J&T Fast,Fri Aug 07 2026 04:00:00 GMT-0300 (Brasilia Standard Time),1
SPI1,GM,J&T Slow,Wed Aug 05 2026 04:00:00 GMT-0300 (Brasilia Standard Time),3
SPI1,GM,J&T Slow,Fri Aug 07 2026 04:00:00 GMT-0300 (Brasilia Standard Time),2
SPI1,GM,J&T Slow,Sat Aug 08 2026 04:00:00 GMT-0300 (Brasilia Standard Time),2
SPI1,GM,Jad,Sat Jul 25 2026 04:00:00 GMT-0300 (Brasilia Standard Time),1
SPI1,GM,Jad,Thu Aug 06 2026 04:00:00 GMT-0300 (Brasilia Standard Time),1
SPI1,GM,Loggi,Sat Aug 01 2026 04:00:00 GMT-0300 (Brasilia Standard Time),2
SPI1,LARGE,Imile Fast,Tue Jul 21 2026 04:00:00 GMT-0300 (Brasilia Standard Time),1
SPI1,LARGE,Imile Fast,Mon Jul 27 2026 04:00:00 GMT-0300 (Brasilia Standard Time),1
SPI1,LARGE,Imile Fast,Thu Jul 30 2026 04:00:00 GMT-0300 (Brasilia Standard Time),1
SPI1,LARGE,Imile Fast,Mon Aug 17 2026 04:00:00 GMT-0300 (Brasilia Standard Time),1
SPI1,LARGE,Imile Fast,Tue Aug 18 2026 04:00:00 GMT-0300 (Brasilia Standard Time),1
SPI1,LARGE,Imile Slow,Fri Jul 31 2026 04:00:00 GMT-0300 (Brasilia Standard Time),1
SPI1,LARGE,J&T Fast,Thu Aug 06 2026 04:00:00 GMT-0300 (Brasilia Standard Time),1
SPI1,LARGE,Jad,Sat Aug 01 2026 04:00:00 GMT-0300 (Brasilia Standard Time),1
SPI1,LARGE,Jad,Fri Aug 07 2026 04:00:00 GMT-0300 (Brasilia Standard Time),1
SPI1,OVERSIZE,Jad,Thu Jul 30 2026 04:00:00 GMT-0300 (Brasilia Standard Time),1
SPR1,GM,J&T Fast,Mon Aug 03 2026 04:00:00 GMT-0300 (Brasilia Standard Time),1
SPR1,GM,J&T Slow,Fri Jul 31 2026 04:00:00 GMT-0300 (Brasilia Standard Time),1
SPR1,GM,J&T Slow,Sat Aug 01 2026 04:00:00 GMT-0300 (Brasilia Standard Time),1
SPR1,GM,J&T Slow,Mon Aug 03 2026 04:00:00 GMT-0300 (Brasilia Standard Time),12
SPR1,GM,J&T Slow,Tue Aug 04 2026 04:00:00 GMT-0300 (Brasilia Standard Time),1
SPR1,GM,J&T Slow,Wed Aug 05 2026 04:00:00 GMT-0300 (Brasilia Standard Time),5
SPR1,GM,J&T Slow,Thu Aug 06 2026 04:00:00 GMT-0300 (Brasilia Standard Time),1
SPR1,GM,J&T Slow,Fri Aug 07 2026 04:00:00 GMT-0300 (Brasilia Standard Time),4
SPR1,GM,Loggi,Fri Jul 24 2026 04:00:00 GMT-0300 (Brasilia Standard Time),2
SPR1,GM,Loggi,Sat Jul 25 2026 04:00:00 GMT-0300 (Brasilia Standard Time),4
SPR1,GM,Loggi,Tue Jul 28 2026 04:00:00 GMT-0300 (Brasilia Standard Time),4
SPR1,GM,Loggi,Wed Jul 29 2026 04:00:00 GMT-0300 (Brasilia Standard Time),6
SPR1,GM,Loggi,Thu Jul 30 2026 04:00:00 GMT-0300 (Brasilia Standard Time),12
SPR1,GM,Loggi,Fri Jul 31 2026 04:00:00 GMT-0300 (Brasilia Standard Time),3
SPR1,GM,Loggi,Sat Aug 01 2026 04:00:00 GMT-0300 (Brasilia Standard Time),3
SPR1,GM,Loggi,Mon Aug 03 2026 04:00:00 GMT-0300 (Brasilia Standard Time),1
SPR1,GM,Loggi,Tue Aug 04 2026 04:00:00 GMT-0300 (Brasilia Standard Time),6
SPR1,GM,Loggi,Wed Aug 05 2026 04:00:00 GMT-0300 (Brasilia Standard Time),3
SPR1,GM,Loggi,Thu Aug 06 2026 04:00:00 GMT-0300 (Brasilia Standard Time),4
SPR1,GM,Loggi,Fri Aug 07 2026 04:00:00 GMT-0300 (Brasilia Standard Time),1
SPR1,GM,Loggi,Tue Aug 18 2026 04:00:00 GMT-0300 (Brasilia Standard Time),1
SPR1,LARGE,Dominalog,Fri Aug 07 2026 04:00:00 GMT-0300 (Brasilia Standard Time),1
SPR1,LARGE,Loggi,Thu Jul 30 2026 04:00:00 GMT-0300 (Brasilia Standard Time),1
SPR1,OVERSIZE,Loggi,Thu Jul 30 2026 04:00:00 GMT-0300 (Brasilia Standard Time),1
SPR1,OVERSIZE,Loggi,Fri Jul 31 2026 04:00:00 GMT-0300 (Brasilia Standard Time),1
SPR10,GM,Dominalog,Tue Aug 04 2026 04:00:00 GMT-0300 (Brasilia Standard Time),1
SPR10,GM,J&T Slow,Wed Jul 22 2026 04:00:00 GMT-0300 (Brasilia Standard Time),2
SPR10,GM,J&T Slow,Thu Jul 23 2026 04:00:00 GMT-0300 (Brasilia Standard Time),1
SPR10,GM,J&T Slow,Fri Jul 31 2026 04:00:00 GMT-0300 (Brasilia Standard Time),1
SPR10,GM,Jad,Sat Jul 25 2026 04:00:00 GMT-0300 (Brasilia Standard Time),1
SPR10,GM,Jad,Thu Jul 30 2026 04:00:00 GMT-0300 (Brasilia Standard Time),1
SPR10,GM,Jad,Sat Aug 01 2026 04:00:00 GMT-0300 (Brasilia Standard Time),4
SPR10,GM,Jad,Tue Aug 04 2026 04:00:00 GMT-0300 (Brasilia Standard Time),4
SPR10,GM,Jad,Wed Aug 05 2026 04:00:00 GMT-0300 (Brasilia Standard Time),2
SPR10,GM,Jad,Fri Aug 07 2026 04:00:00 GMT-0300 (Brasilia Standard Time),1
SPR10,GM,Loggi,Sat Jul 25 2026 04:00:00 GMT-0300 (Brasilia Standard Time),4
SPR10,GM,Loggi,Tue Jul 28 2026 04:00:00 GMT-0300 (Brasilia Standard Time),4
SPR10,GM,Loggi,Wed Jul 29 2026 04:00:00 GMT-0300 (Brasilia Standard Time),2
SPR10,GM,Loggi,Thu Jul 30 2026 04:00:00 GMT-0300 (Brasilia Standard Time),3
SPR10,GM,Loggi,Sat Aug 01 2026 04:00:00 GMT-0300 (Brasilia Standard Time),1
SPR10,GM,Loggi,Mon Aug 03 2026 04:00:00 GMT-0300 (Brasilia Standard Time),2
SPR10,GM,Loggi,Tue Aug 04 2026 04:00:00 GMT-0300 (Brasilia Standard Time),7
SPR10,GM,Loggi,Thu Aug 06 2026 04:00:00 GMT-0300 (Brasilia Standard Time),1
SPR10,GM,Loggi,Fri Aug 07 2026 04:00:00 GMT-0300 (Brasilia Standard Time),1
SPR10,LARGE,Dominalog,Mon Jul 27 2026 04:00:00 GMT-0300 (Brasilia Standard Time),1
SPR10,LARGE,Dominalog,Sat Aug 01 2026 04:00:00 GMT-0300 (Brasilia Standard Time),1
SPR11,GM,Dominalog,Wed Jul 22 2026 04:00:00 GMT-0300 (Brasilia Standard Time),1
SPR11,GM,Dominalog,Mon Jul 27 2026 04:00:00 GMT-0300 (Brasilia Standard Time),1
SPR11,GM,Dominalog,Fri Jul 31 2026 04:00:00 GMT-0300 (Brasilia Standard Time),1
SPR11,GM,Dominalog,Mon Aug 03 2026 04:00:00 GMT-0300 (Brasilia Standard Time),2
SPR11,GM,Dominalog,Tue Aug 04 2026 04:00:00 GMT-0300 (Brasilia Standard Time),1
SPR11,GM,Dominalog,Wed Aug 05 2026 04:00:00 GMT-0300 (Brasilia Standard Time),1
SPR11,GM,Dominalog,Thu Aug 06 2026 04:00:00 GMT-0300 (Brasilia Standard Time),6
SPR11,GM,Dominalog,Fri Aug 07 2026 04:00:00 GMT-0300 (Brasilia Standard Time),2
SPR11,GM,J&T Slow,Mon Jul 27 2026 04:00:00 GMT-0300 (Brasilia Standard Time),1
SPR11,GM,J&T Slow,Fri Jul 31 2026 04:00:00 GMT-0300 (Brasilia Standard Time),1
SPR11,GM,J&T Slow,Sat Aug 01 2026 04:00:00 GMT-0300 (Brasilia Standard Time),1
SPR11,GM,J&T Slow,Mon Aug 03 2026 04:00:00 GMT-0300 (Brasilia Standard Time),1
SPR11,GM,Jad,Sat Jul 25 2026 04:00:00 GMT-0300 (Brasilia Standard Time),1
SPR11,GM,Jad,Mon Jul 27 2026 04:00:00 GMT-0300 (Brasilia Standard Time),3
SPR11,GM,Jad,Wed Jul 29 2026 04:00:00 GMT-0300 (Brasilia Standard Time),1
SPR11,GM,Jad,Thu Jul 30 2026 04:00:00 GMT-0300 (Brasilia Standard Time),1
SPR11,GM,Jad,Sat Aug 01 2026 04:00:00 GMT-0300 (Brasilia Standard Time),1
SPR11,GM,Jad,Wed Aug 05 2026 04:00:00 GMT-0300 (Brasilia Standard Time),1
SPR11,GM,Loggi,Wed Jul 22 2026 04:00:00 GMT-0300 (Brasilia Standard Time),7
SPR11,GM,Loggi,Fri Jul 24 2026 04:00:00 GMT-0300 (Brasilia Standard Time),1
SPR11,GM,Loggi,Sat Jul 25 2026 04:00:00 GMT-0300 (Brasilia Standard Time),3
SPR11,GM,Loggi,Mon Jul 27 2026 04:00:00 GMT-0300 (Brasilia Standard Time),5
SPR11,GM,Loggi,Tue Jul 28 2026 04:00:00 GMT-0300 (Brasilia Standard Time),1
SPR11,GM,Loggi,Wed Jul 29 2026 04:00:00 GMT-0300 (Brasilia Standard Time),2
SPR11,GM,Loggi,Thu Jul 30 2026 04:00:00 GMT-0300 (Brasilia Standard Time),2
SPR11,GM,Loggi,Fri Jul 31 2026 04:00:00 GMT-0300 (Brasilia Standard Time),3
SPR11,GM,Loggi,Sat Aug 01 2026 04:00:00 GMT-0300 (Brasilia Standard Time),2
SPR11,GM,Loggi,Mon Aug 03 2026 04:00:00 GMT-0300 (Brasilia Standard Time),3
SPR11,GM,Loggi,Tue Aug 04 2026 04:00:00 GMT-0300 (Brasilia Standard Time),3
SPR11,GM,Loggi,Wed Aug 05 2026 04:00:00 GMT-0300 (Brasilia Standard Time),1
SPR11,GM,Loggi,Thu Aug 06 2026 04:00:00 GMT-0300 (Brasilia Standard Time),3
SPR11,GM,Loggi,Fri Aug 07 2026 04:00:00 GMT-0300 (Brasilia Standard Time),2
SPR11,LARGE,Dominalog,Mon Jul 27 2026 04:00:00 GMT-0300 (Brasilia Standard Time),2
SPR11,LARGE,Dominalog,Thu Jul 30 2026 04:00:00 GMT-0300 (Brasilia Standard Time),1
SPR11,LARGE,Jad,Sat Jul 25 2026 04:00:00 GMT-0300 (Brasilia Standard Time),2
SPR11,LARGE,Jad,Mon Jul 27 2026 04:00:00 GMT-0300 (Brasilia Standard Time),1
SPR11,LARGE,Jad,Wed Aug 05 2026 04:00:00 GMT-0300 (Brasilia Standard Time),1
SPR11,LARGE,Jad,Thu Aug 06 2026 04:00:00 GMT-0300 (Brasilia Standard Time),2
SPR11,LARGE,Jad,Fri Aug 07 2026 04:00:00 GMT-0300 (Brasilia Standard Time),1
SPR11,LARGE,Loggi,Mon Jul 27 2026 04:00:00 GMT-0300 (Brasilia Standard Time),1
SPR11,LARGE,Loggi,Wed Aug 05 2026 04:00:00 GMT-0300 (Brasilia Standard Time),1
SPR2,GM,J&T Fast,Tue Aug 04 2026 04:00:00 GMT-0300 (Brasilia Standard Time),1
SPR2,GM,J&T Slow,Sat Jul 25 2026 04:00:00 GMT-0300 (Brasilia Standard Time),1
SPR2,GM,J&T Slow,Sat Aug 01 2026 04:00:00 GMT-0300 (Brasilia Standard Time),1
SPR2,GM,J&T Slow,Tue Aug 04 2026 04:00:00 GMT-0300 (Brasilia Standard Time),8
SPR2,GM,J&T Slow,Wed Aug 05 2026 04:00:00 GMT-0300 (Brasilia Standard Time),1
SPR2,GM,J&T Slow,Mon Aug 17 2026 04:00:00 GMT-0300 (Brasilia Standard Time),1
SPR2,GM,Jad,Fri Jul 31 2026 04:00:00 GMT-0300 (Brasilia Standard Time),1
SPR2,GM,Loggi,Fri Jul 24 2026 04:00:00 GMT-0300 (Brasilia Standard Time),2
SPR2,GM,Loggi,Sat Jul 25 2026 04:00:00 GMT-0300 (Brasilia Standard Time),1
SPR2,GM,Loggi,Wed Jul 29 2026 04:00:00 GMT-0300 (Brasilia Standard Time),2
SPR2,GM,Loggi,Thu Jul 30 2026 04:00:00 GMT-0300 (Brasilia Standard Time),1
SPR2,GM,Loggi,Fri Jul 31 2026 04:00:00 GMT-0300 (Brasilia Standard Time),1
SPR2,GM,Loggi,Mon Aug 03 2026 04:00:00 GMT-0300 (Brasilia Standard Time),1
SPR2,GM,Loggi,Tue Aug 04 2026 04:00:00 GMT-0300 (Brasilia Standard Time),4
SPR2,LARGE,Dominalog,Thu Jul 30 2026 04:00:00 GMT-0300 (Brasilia Standard Time),1
SPR2,LARGE,Dominalog,Tue Aug 04 2026 04:00:00 GMT-0300 (Brasilia Standard Time),1
SPR2,LARGE,Dominalog,Wed Aug 05 2026 04:00:00 GMT-0300 (Brasilia Standard Time),1
SPR2,LARGE,J&T Slow,Fri Jul 24 2026 04:00:00 GMT-0300 (Brasilia Standard Time),1
SPR2,LARGE,Loggi,Sat Jul 25 2026 04:00:00 GMT-0300 (Brasilia Standard Time),1
SPR2,LARGE,Loggi,Tue Aug 11 2026 04:00:00 GMT-0300 (Brasilia Standard Time),1
SPR2,LARGE,Loggi,Tue Aug 18 2026 04:00:00 GMT-0300 (Brasilia Standard Time),1
SPR3,GM,Dominalog,Sat Aug 08 2026 04:00:00 GMT-0300 (Brasilia Standard Time),1
SPR3,GM,J&T Slow,Fri Jul 24 2026 04:00:00 GMT-0300 (Brasilia Standard Time),1
SPR3,GM,J&T Slow,Sat Jul 25 2026 04:00:00 GMT-0300 (Brasilia Standard Time),1
SPR3,GM,J&T Slow,Sat Aug 01 2026 04:00:00 GMT-0300 (Brasilia Standard Time),1
SPR3,GM,J&T Slow,Mon Aug 03 2026 04:00:00 GMT-0300 (Brasilia Standard Time),3
SPR3,GM,J&T Slow,Wed Aug 05 2026 04:00:00 GMT-0300 (Brasilia Standard Time),10
SPR3,GM,Jad,Sat Aug 01 2026 04:00:00 GMT-0300 (Brasilia Standard Time),1
SPR3,GM,Loggi,Mon Jul 27 2026 04:00:00 GMT-0300 (Brasilia Standard Time),1
SPR3,GM,Loggi,Fri Jul 31 2026 04:00:00 GMT-0300 (Brasilia Standard Time),1
SPR3,OVERSIZE,Dominalog,Sat Jul 25 2026 04:00:00 GMT-0300 (Brasilia Standard Time),1
SPR4,GM,J&T Slow,Thu Jul 30 2026 04:00:00 GMT-0300 (Brasilia Standard Time),1
SPR4,GM,J&T Slow,Fri Jul 31 2026 04:00:00 GMT-0300 (Brasilia Standard Time),1
SPR4,GM,J&T Slow,Mon Aug 03 2026 04:00:00 GMT-0300 (Brasilia Standard Time),2
SPR4,GM,J&T Slow,Wed Aug 05 2026 04:00:00 GMT-0300 (Brasilia Standard Time),2
SPR4,GM,Loggi,Thu Jul 30 2026 04:00:00 GMT-0300 (Brasilia Standard Time),1
SPR4,GM,Loggi,Fri Jul 31 2026 04:00:00 GMT-0300 (Brasilia Standard Time),1
SPR4,GM,Loggi,Wed Aug 05 2026 04:00:00 GMT-0300 (Brasilia Standard Time),1
SPR5,GM,J&T Slow,Sat Jul 25 2026 04:00:00 GMT-0300 (Brasilia Standard Time),1
SPR5,GM,J&T Slow,Tue Jul 28 2026 04:00:00 GMT-0300 (Brasilia Standard Time),1
SPR5,GM,J&T Slow,Wed Jul 29 2026 04:00:00 GMT-0300 (Brasilia Standard Time),1
SPR5,GM,J&T Slow,Sat Aug 01 2026 04:00:00 GMT-0300 (Brasilia Standard Time),2
SPR5,GM,J&T Slow,Wed Aug 05 2026 04:00:00 GMT-0300 (Brasilia Standard Time),3
SPR5,GM,J&T Slow,Thu Aug 06 2026 04:00:00 GMT-0300 (Brasilia Standard Time),1
SPR5,GM,Jad,Thu Jul 30 2026 04:00:00 GMT-0300 (Brasilia Standard Time),1
SPR6,GM,Dominalog,Mon Jul 27 2026 04:00:00 GMT-0300 (Brasilia Standard Time),1
SPR6,GM,Dominalog,Thu Jul 30 2026 04:00:00 GMT-0300 (Brasilia Standard Time),1
SPR6,GM,Dominalog,Fri Jul 31 2026 04:00:00 GMT-0300 (Brasilia Standard Time),1
SPR6,GM,J&T Slow,Wed Aug 05 2026 04:00:00 GMT-0300 (Brasilia Standard Time),3
SPR6,GM,J&T Slow,Thu Aug 06 2026 04:00:00 GMT-0300 (Brasilia Standard Time),4
SPR6,GM,Jad,Sat Jul 25 2026 04:00:00 GMT-0300 (Brasilia Standard Time),1
SPR6,GM,Jad,Mon Jul 27 2026 04:00:00 GMT-0300 (Brasilia Standard Time),1
SPR6,GM,Jad,Mon Aug 10 2026 04:00:00 GMT-0300 (Brasilia Standard Time),2
SPR6,GM,Loggi,Sat Jul 25 2026 04:00:00 GMT-0300 (Brasilia Standard Time),1
SPR7,GM,Dominalog,Wed Aug 05 2026 04:00:00 GMT-0300 (Brasilia Standard Time),1
SPR7,GM,Dominalog,Thu Aug 06 2026 04:00:00 GMT-0300 (Brasilia Standard Time),1
SPR7,GM,J&T Fast,Wed Jul 29 2026 04:00:00 GMT-0300 (Brasilia Standard Time),1
SPR7,GM,J&T Slow,Sat Jul 25 2026 04:00:00 GMT-0300 (Brasilia Standard Time),1
SPR7,GM,J&T Slow,Tue Aug 04 2026 04:00:00 GMT-0300 (Brasilia Standard Time),8
SPR7,GM,Jad,Sat Jul 25 2026 04:00:00 GMT-0300 (Brasilia Standard Time),1
SPR7,GM,Loggi,Sat Jul 25 2026 04:00:00 GMT-0300 (Brasilia Standard Time),1
SPR8,GM,J&T Fast,Sat Jul 25 2026 04:00:00 GMT-0300 (Brasilia Standard Time),1
SPR8,GM,J&T Fast,Mon Jul 27 2026 04:00:00 GMT-0300 (Brasilia Standard Time),1
SPR8,GM,J&T Fast,Thu Jul 30 2026 04:00:00 GMT-0300 (Brasilia Standard Time),1
SPR8,GM,J&T Fast,Sat Aug 01 2026 04:00:00 GMT-0300 (Brasilia Standard Time),1
SPR8,GM,J&T Slow,Thu Jul 23 2026 04:00:00 GMT-0300 (Brasilia Standard Time),1
SPR8,GM,J&T Slow,Sat Jul 25 2026 04:00:00 GMT-0300 (Brasilia Standard Time),3
SPR8,GM,J&T Slow,Wed Jul 29 2026 04:00:00 GMT-0300 (Brasilia Standard Time),1
SPR8,GM,J&T Slow,Mon Aug 03 2026 04:00:00 GMT-0300 (Brasilia Standard Time),11
SPR8,GM,J&T Slow,Wed Aug 05 2026 04:00:00 GMT-0300 (Brasilia Standard Time),6
SPR8,GM,J&T Slow,Thu Aug 06 2026 04:00:00 GMT-0300 (Brasilia Standard Time),4
SPR8,GM,J&T Slow,Fri Aug 07 2026 04:00:00 GMT-0300 (Brasilia Standard Time),1
SPR8,GM,J&T Slow,Mon Aug 10 2026 04:00:00 GMT-0300 (Brasilia Standard Time),2
SPR8,GM,Jad,Fri Jul 24 2026 04:00:00 GMT-0300 (Brasilia Standard Time),1
SPR8,GM,Jad,Sat Jul 25 2026 04:00:00 GMT-0300 (Brasilia Standard Time),6
SPR8,GM,Jad,Mon Jul 27 2026 04:00:00 GMT-0300 (Brasilia Standard Time),3
SPR8,GM,Jad,Mon Aug 03 2026 04:00:00 GMT-0300 (Brasilia Standard Time),1
SPR8,GM,Jad,Tue Aug 04 2026 04:00:00 GMT-0300 (Brasilia Standard Time),1
SPR8,GM,Loggi,Fri Jul 24 2026 04:00:00 GMT-0300 (Brasilia Standard Time),5
SPR8,GM,Loggi,Sat Jul 25 2026 04:00:00 GMT-0300 (Brasilia Standard Time),67
SPR8,GM,Loggi,Mon Jul 27 2026 04:00:00 GMT-0300 (Brasilia Standard Time),16
SPR8,GM,Loggi,Tue Jul 28 2026 04:00:00 GMT-0300 (Brasilia Standard Time),5
SPR8,GM,Loggi,Wed Jul 29 2026 04:00:00 GMT-0300 (Brasilia Standard Time),1
SPR8,GM,Loggi,Thu Jul 30 2026 04:00:00 GMT-0300 (Brasilia Standard Time),1
SPR8,GM,Loggi,Sat Aug 01 2026 04:00:00 GMT-0300 (Brasilia Standard Time),1
SPR8,GM,Loggi,Mon Aug 03 2026 04:00:00 GMT-0300 (Brasilia Standard Time),2
SPR8,GM,Loggi,Tue Aug 04 2026 04:00:00 GMT-0300 (Brasilia Standard Time),1
SPR8,GM,Loggi,Wed Aug 05 2026 04:00:00 GMT-0300 (Brasilia Standard Time),2
SPR8,GM,Loggi,Thu Aug 06 2026 04:00:00 GMT-0300 (Brasilia Standard Time),1
SPR8,GM,Loggi,Fri Aug 07 2026 04:00:00 GMT-0300 (Brasilia Standard Time),1
SPR8,LARGE,Dominalog,Mon Jul 27 2026 04:00:00 GMT-0300 (Brasilia Standard Time),1
SPR8,LARGE,Dominalog,Mon Aug 03 2026 04:00:00 GMT-0300 (Brasilia Standard Time),1
SPR8,LARGE,Dominalog,Tue Aug 04 2026 04:00:00 GMT-0300 (Brasilia Standard Time),1
SPR8,LARGE,Dominalog,Mon Aug 10 2026 04:00:00 GMT-0300 (Brasilia Standard Time),1
SPR8,LARGE,Dominalog,Thu Aug 13 2026 04:00:00 GMT-0300 (Brasilia Standard Time),1
SPR8,LARGE,Jad,Sat Jul 25 2026 04:00:00 GMT-0300 (Brasilia Standard Time),2
SPR8,LARGE,Jad,Wed Jul 29 2026 04:00:00 GMT-0300 (Brasilia Standard Time),1
SPR8,LARGE,Jad,Thu Jul 30 2026 04:00:00 GMT-0300 (Brasilia Standard Time),1
SPR8,LARGE,Jad,Sat Aug 01 2026 04:00:00 GMT-0300 (Brasilia Standard Time),2
SPR8,LARGE,Jad,Mon Aug 03 2026 04:00:00 GMT-0300 (Brasilia Standard Time),2
SPR8,LARGE,Loggi,Wed Jul 29 2026 04:00:00 GMT-0300 (Brasilia Standard Time),1
SPR8,LARGE,Loggi,Thu Jul 30 2026 04:00:00 GMT-0300 (Brasilia Standard Time),1
SPR8,LARGE,Loggi,Sat Aug 01 2026 04:00:00 GMT-0300 (Brasilia Standard Time),7
SPR8,LARGE,Loggi,Mon Aug 03 2026 04:00:00 GMT-0300 (Brasilia Standard Time),1
SPR8,LARGE,Loggi,Thu Aug 06 2026 04:00:00 GMT-0300 (Brasilia Standard Time),2
SPR8,LARGE,Loggi,Fri Aug 07 2026 04:00:00 GMT-0300 (Brasilia Standard Time),1
SPR8,OVERSIZE,Dominalog,Sat Jul 25 2026 04:00:00 GMT-0300 (Brasilia Standard Time),1
SPR8,OVERSIZE,Dominalog,Tue Jul 28 2026 04:00:00 GMT-0300 (Brasilia Standard Time),1
SPR8,OVERSIZE,Dominalog,Wed Jul 29 2026 04:00:00 GMT-0300 (Brasilia Standard Time),2
SPR8,OVERSIZE,Dominalog,Thu Jul 30 2026 04:00:00 GMT-0300 (Brasilia Standard Time),1
SPR8,OVERSIZE,Loggi,Thu Aug 06 2026 04:00:00 GMT-0300 (Brasilia Standard Time),1
SRD1,GM,Carvalima,Fri Jul 24 2026 04:00:00 GMT-0300 (Brasilia Standard Time),2
SRD1,GM,Carvalima,Sat Jul 25 2026 04:00:00 GMT-0300 (Brasilia Standard Time),2
SRD1,GM,Carvalima,Tue Jul 28 2026 04:00:00 GMT-0300 (Brasilia Standard Time),5
SRD1,GM,Carvalima,Thu Jul 30 2026 04:00:00 GMT-0300 (Brasilia Standard Time),2
SRD1,GM,Carvalima,Sat Aug 01 2026 04:00:00 GMT-0300 (Brasilia Standard Time),1
SRD1,GM,Carvalima,Mon Aug 03 2026 04:00:00 GMT-0300 (Brasilia Standard Time),1
SRD1,GM,Carvalima,Wed Aug 05 2026 04:00:00 GMT-0300 (Brasilia Standard Time),1
SRD1,GM,Imile Fast,Tue Jul 28 2026 04:00:00 GMT-0300 (Brasilia Standard Time),3
SRD1,GM,Imile Fast,Wed Jul 29 2026 04:00:00 GMT-0300 (Brasilia Standard Time),1
SRD1,GM,Imile Fast,Thu Jul 30 2026 04:00:00 GMT-0300 (Brasilia Standard Time),1
SRD1,GM,Imile Fast,Fri Jul 31 2026 04:00:00 GMT-0300 (Brasilia Standard Time),2
SRD1,GM,Imile Fast,Sat Aug 08 2026 04:00:00 GMT-0300 (Brasilia Standard Time),1
SRD1,GM,J&T Nodos,Sat Aug 08 2026 04:00:00 GMT-0300 (Brasilia Standard Time),1
SRD1,GM,J&T Slow,Thu Aug 06 2026 04:00:00 GMT-0300 (Brasilia Standard Time),1
SRD1,GM,J&T Slow,Fri Aug 07 2026 04:00:00 GMT-0300 (Brasilia Standard Time),1
SRD1,LARGE,Carvalima,Fri Jul 24 2026 04:00:00 GMT-0300 (Brasilia Standard Time),3
SRD1,LARGE,Carvalima,Tue Jul 28 2026 04:00:00 GMT-0300 (Brasilia Standard Time),1
SRD1,LARGE,Carvalima,Wed Jul 29 2026 04:00:00 GMT-0300 (Brasilia Standard Time),1
SRD1,LARGE,Carvalima,Sat Aug 01 2026 04:00:00 GMT-0300 (Brasilia Standard Time),1
SRD1,LARGE,Imile Fast,Fri Jul 31 2026 04:00:00 GMT-0300 (Brasilia Standard Time),1
SRD1,LARGE,Imile Fast,Sat Aug 01 2026 04:00:00 GMT-0300 (Brasilia Standard Time),1
SRD1,LARGE,Imile Fast,Thu Aug 13 2026 04:00:00 GMT-0300 (Brasilia Standard Time),1
SRD1,OVERSIZE,Carvalima,Mon Jul 27 2026 04:00:00 GMT-0300 (Brasilia Standard Time),1
SRD1,OVERSIZE,Carvalima,Tue Jul 28 2026 04:00:00 GMT-0300 (Brasilia Standard Time),2
SRD1,OVERSIZE,Carvalima,Sat Aug 01 2026 04:00:00 GMT-0300 (Brasilia Standard Time),1
SRD1,OVERSIZE,Carvalima,Mon Aug 03 2026 04:00:00 GMT-0300 (Brasilia Standard Time),2
SRD1,OVERSIZE,Carvalima,Wed Aug 05 2026 04:00:00 GMT-0300 (Brasilia Standard Time),1
SRD2,GM,Carvalima,Sat Jul 25 2026 04:00:00 GMT-0300 (Brasilia Standard Time),1
SRD2,GM,Carvalima,Tue Aug 04 2026 04:00:00 GMT-0300 (Brasilia Standard Time),2
SRD2,GM,J&T Nodos,Sat Jul 25 2026 04:00:00 GMT-0300 (Brasilia Standard Time),8
SRD2,GM,J&T Nodos,Wed Jul 29 2026 04:00:00 GMT-0300 (Brasilia Standard Time),17
SRD2,GM,J&T Nodos,Wed Aug 12 2026 04:00:00 GMT-0300 (Brasilia Standard Time),1
SRD2,LARGE,Carvalima,Wed Jul 29 2026 04:00:00 GMT-0300 (Brasilia Standard Time),1
SRJ1,GM,J&T Fast,Tue Jul 28 2026 04:00:00 GMT-0300 (Brasilia Standard Time),1
SRJ1,GM,J&T Fast,Thu Jul 30 2026 04:00:00 GMT-0300 (Brasilia Standard Time),1
SRJ1,GM,J&T Fast,Fri Jul 31 2026 04:00:00 GMT-0300 (Brasilia Standard Time),2
SRJ1,GM,J&T Fast,Sat Aug 01 2026 04:00:00 GMT-0300 (Brasilia Standard Time),1
SRJ1,GM,J&T Fast,Tue Aug 04 2026 04:00:00 GMT-0300 (Brasilia Standard Time),1
SRJ1,GM,J&T Slow,Tue Jul 28 2026 04:00:00 GMT-0300 (Brasilia Standard Time),2
SRJ1,GM,J&T Slow,Fri Jul 31 2026 04:00:00 GMT-0300 (Brasilia Standard Time),1
SRJ1,GM,J&T Slow,Mon Aug 03 2026 04:00:00 GMT-0300 (Brasilia Standard Time),5
SRJ1,GM,J&T Slow,Wed Aug 05 2026 04:00:00 GMT-0300 (Brasilia Standard Time),1
SRJ1,GM,J&T Slow,Thu Aug 06 2026 04:00:00 GMT-0300 (Brasilia Standard Time),4
SRJ1,GM,J&T Slow,Fri Aug 07 2026 04:00:00 GMT-0300 (Brasilia Standard Time),12
SRJ1,GM,J&T Slow,Mon Aug 10 2026 04:00:00 GMT-0300 (Brasilia Standard Time),1
SRJ1,GM,Jad,Thu Jul 30 2026 04:00:00 GMT-0300 (Brasilia Standard Time),1
SRJ1,GM,Jad,Fri Jul 31 2026 04:00:00 GMT-0300 (Brasilia Standard Time),1
SRJ1,GM,Loggi,Sat Aug 01 2026 04:00:00 GMT-0300 (Brasilia Standard Time),1
SRJ1,GM,Loggi,Wed Aug 05 2026 04:00:00 GMT-0300 (Brasilia Standard Time),2
SRJ1,GM,Loggi,Fri Aug 07 2026 04:00:00 GMT-0300 (Brasilia Standard Time),1
SRJ1,OVERSIZE,Jad,Thu Aug 06 2026 04:00:00 GMT-0300 (Brasilia Standard Time),1
SRJ10,GM,J&T Fast,Sat Jul 25 2026 04:00:00 GMT-0300 (Brasilia Standard Time),1
SRJ10,GM,J&T Fast,Thu Jul 30 2026 04:00:00 GMT-0300 (Brasilia Standard Time),2
SRJ10,GM,J&T Fast,Fri Jul 31 2026 04:00:00 GMT-0300 (Brasilia Standard Time),3
SRJ10,GM,J&T Fast,Sat Aug 01 2026 04:00:00 GMT-0300 (Brasilia Standard Time),1
SRJ10,GM,J&T Fast,Fri Aug 07 2026 04:00:00 GMT-0300 (Brasilia Standard Time),4
SRJ10,GM,J&T Slow,Sat Jul 25 2026 04:00:00 GMT-0300 (Brasilia Standard Time),1
SRJ10,GM,J&T Slow,Fri Jul 31 2026 04:00:00 GMT-0300 (Brasilia Standard Time),1
SRJ10,GM,J&T Slow,Sat Aug 01 2026 04:00:00 GMT-0300 (Brasilia Standard Time),1
SRJ10,GM,J&T Slow,Mon Aug 03 2026 04:00:00 GMT-0300 (Brasilia Standard Time),10
SRJ10,GM,J&T Slow,Tue Aug 04 2026 04:00:00 GMT-0300 (Brasilia Standard Time),1
SRJ10,GM,J&T Slow,Wed Aug 05 2026 04:00:00 GMT-0300 (Brasilia Standard Time),2
SRJ10,GM,J&T Slow,Thu Aug 06 2026 04:00:00 GMT-0300 (Brasilia Standard Time),5
SRJ10,GM,J&T Slow,Fri Aug 07 2026 04:00:00 GMT-0300 (Brasilia Standard Time),2
SRJ10,GM,J&T Slow,Sat Aug 08 2026 04:00:00 GMT-0300 (Brasilia Standard Time),8
SRJ10,GM,J&T Slow,Tue Aug 11 2026 04:00:00 GMT-0300 (Brasilia Standard Time),2
SRJ10,GM,Loggi,Fri Jul 24 2026 04:00:00 GMT-0300 (Brasilia Standard Time),1
SRJ10,GM,Loggi,Sat Jul 25 2026 04:00:00 GMT-0300 (Brasilia Standard Time),1
SRJ10,GM,Loggi,Sat Aug 01 2026 04:00:00 GMT-0300 (Brasilia Standard Time),1
SRJ10,LARGE,Loggi,Fri Jul 24 2026 04:00:00 GMT-0300 (Brasilia Standard Time),1
SRJ10,LARGE,Loggi,Thu Aug 06 2026 04:00:00 GMT-0300 (Brasilia Standard Time),1
SRJ10,LARGE,Loggi,Thu Aug 13 2026 04:00:00 GMT-0300 (Brasilia Standard Time),1
SRJ10,LARGE,Loggi,Sat Aug 15 2026 04:00:00 GMT-0300 (Brasilia Standard Time),1
SRJ12,GM,J&T Slow,Fri Jul 31 2026 04:00:00 GMT-0300 (Brasilia Standard Time),3
SRJ12,GM,J&T Slow,Mon Aug 03 2026 04:00:00 GMT-0300 (Brasilia Standard Time),1
SRJ12,GM,J&T Slow,Thu Aug 06 2026 04:00:00 GMT-0300 (Brasilia Standard Time),2
SRJ12,GM,Jad,Sat Jul 25 2026 04:00:00 GMT-0300 (Brasilia Standard Time),1
SRJ12,GM,Loggi,Wed Aug 05 2026 04:00:00 GMT-0300 (Brasilia Standard Time),1
SRJ12,GM,Loggi,Thu Aug 06 2026 04:00:00 GMT-0300 (Brasilia Standard Time),1
SRJ13,GM,J&T Fast,Fri Jul 24 2026 04:00:00 GMT-0300 (Brasilia Standard Time),1
SRJ13,GM,J&T Fast,Tue Jul 28 2026 04:00:00 GMT-0300 (Brasilia Standard Time),1
SRJ13,GM,J&T Fast,Thu Jul 30 2026 04:00:00 GMT-0300 (Brasilia Standard Time),1
SRJ13,GM,J&T Fast,Tue Aug 04 2026 04:00:00 GMT-0300 (Brasilia Standard Time),1
SRJ13,GM,J&T Slow,Sat Jul 25 2026 04:00:00 GMT-0300 (Brasilia Standard Time),1
SRJ13,GM,J&T Slow,Mon Aug 03 2026 04:00:00 GMT-0300 (Brasilia Standard Time),2
SRJ13,GM,J&T Slow,Tue Aug 04 2026 04:00:00 GMT-0300 (Brasilia Standard Time),2
SRJ13,GM,J&T Slow,Wed Aug 05 2026 04:00:00 GMT-0300 (Brasilia Standard Time),3
SRJ13,GM,J&T Slow,Thu Aug 06 2026 04:00:00 GMT-0300 (Brasilia Standard Time),2
SRJ13,GM,J&T Slow,Fri Aug 07 2026 04:00:00 GMT-0300 (Brasilia Standard Time),1
SRJ13,LARGE,Jad,Tue Aug 04 2026 04:00:00 GMT-0300 (Brasilia Standard Time),1
SRJ13,LARGE,Jad,Wed Aug 05 2026 04:00:00 GMT-0300 (Brasilia Standard Time),1
SRJ13,OVERSIZE,Jad,Tue Aug 04 2026 04:00:00 GMT-0300 (Brasilia Standard Time),1
SRJ13,OVERSIZE,Jad,Thu Aug 06 2026 04:00:00 GMT-0300 (Brasilia Standard Time),1
SRJ13,OVERSIZE,Loggi,Fri Jul 31 2026 04:00:00 GMT-0300 (Brasilia Standard Time),1
SRJ13,OVERSIZE,Loggi,Sat Aug 01 2026 04:00:00 GMT-0300 (Brasilia Standard Time),1
SRJ2,GM,J&T Fast,Sat Jul 25 2026 04:00:00 GMT-0300 (Brasilia Standard Time),2
SRJ2,GM,J&T Fast,Mon Jul 27 2026 04:00:00 GMT-0300 (Brasilia Standard Time),1
SRJ2,GM,J&T Fast,Tue Jul 28 2026 04:00:00 GMT-0300 (Brasilia Standard Time),1
SRJ2,GM,J&T Fast,Tue Aug 04 2026 04:00:00 GMT-0300 (Brasilia Standard Time),1
SRJ2,GM,J&T Fast,Wed Aug 05 2026 04:00:00 GMT-0300 (Brasilia Standard Time),1
SRJ2,GM,J&T Fast,Fri Aug 07 2026 04:00:00 GMT-0300 (Brasilia Standard Time),1
SRJ2,GM,J&T Slow,Sat Jul 25 2026 04:00:00 GMT-0300 (Brasilia Standard Time),1
SRJ2,GM,J&T Slow,Tue Jul 28 2026 04:00:00 GMT-0300 (Brasilia Standard Time),2
SRJ2,GM,J&T Slow,Wed Jul 29 2026 04:00:00 GMT-0300 (Brasilia Standard Time),2
SRJ2,GM,J&T Slow,Thu Jul 30 2026 04:00:00 GMT-0300 (Brasilia Standard Time),1
SRJ2,GM,J&T Slow,Fri Jul 31 2026 04:00:00 GMT-0300 (Brasilia Standard Time),2
SRJ2,GM,J&T Slow,Sat Aug 01 2026 04:00:00 GMT-0300 (Brasilia Standard Time),1
SRJ2,GM,J&T Slow,Tue Aug 04 2026 04:00:00 GMT-0300 (Brasilia Standard Time),2
SRJ2,GM,J&T Slow,Thu Aug 06 2026 04:00:00 GMT-0300 (Brasilia Standard Time),1
SRJ2,GM,J&T Slow,Tue Aug 18 2026 04:00:00 GMT-0300 (Brasilia Standard Time),1
SRJ2,GM,Loggi,Mon Jul 27 2026 04:00:00 GMT-0300 (Brasilia Standard Time),1
SRJ2,GM,Loggi,Tue Jul 28 2026 04:00:00 GMT-0300 (Brasilia Standard Time),1
SRJ2,GM,Loggi,Fri Jul 31 2026 04:00:00 GMT-0300 (Brasilia Standard Time),2
SRJ2,GM,Loggi,Sat Aug 01 2026 04:00:00 GMT-0300 (Brasilia Standard Time),1
SRJ2,GM,Loggi,Mon Aug 03 2026 04:00:00 GMT-0300 (Brasilia Standard Time),1
SRJ2,LARGE,Jad,Fri Jul 31 2026 04:00:00 GMT-0300 (Brasilia Standard Time),2
SRJ2,LARGE,Loggi,Wed Aug 05 2026 04:00:00 GMT-0300 (Brasilia Standard Time),1
SRJ2,LARGE,Loggi,Fri Aug 07 2026 04:00:00 GMT-0300 (Brasilia Standard Time),1
SRJ3,GM,J&T Slow,Wed Aug 05 2026 04:00:00 GMT-0300 (Brasilia Standard Time),1
SRJ3,GM,Jad,Sat Aug 01 2026 04:00:00 GMT-0300 (Brasilia Standard Time),1
SRJ3,GM,Loggi,Tue Jul 28 2026 04:00:00 GMT-0300 (Brasilia Standard Time),3
SRJ3,GM,Loggi,Wed Jul 29 2026 04:00:00 GMT-0300 (Brasilia Standard Time),2
SRJ3,GM,Loggi,Thu Jul 30 2026 04:00:00 GMT-0300 (Brasilia Standard Time),1
SRJ3,GM,Loggi,Sat Aug 01 2026 04:00:00 GMT-0300 (Brasilia Standard Time),2
SRJ3,GM,Loggi,Tue Aug 04 2026 04:00:00 GMT-0300 (Brasilia Standard Time),1
SRJ3,GM,Loggi,Thu Aug 06 2026 04:00:00 GMT-0300 (Brasilia Standard Time),1
SRJ3,LARGE,Jad,Fri Jul 24 2026 04:00:00 GMT-0300 (Brasilia Standard Time),1
SRJ3,LARGE,Jad,Tue Jul 28 2026 04:00:00 GMT-0300 (Brasilia Standard Time),1
SRJ3,LARGE,Jad,Wed Jul 29 2026 04:00:00 GMT-0300 (Brasilia Standard Time),1
SRJ3,LARGE,Jad,Thu Jul 30 2026 04:00:00 GMT-0300 (Brasilia Standard Time),2
SRJ4,GM,J&T Fast,Thu Aug 06 2026 04:00:00 GMT-0300 (Brasilia Standard Time),1
SRJ4,GM,J&T Slow,Thu Jul 30 2026 04:00:00 GMT-0300 (Brasilia Standard Time),1
SRJ4,GM,J&T Slow,Sat Aug 01 2026 04:00:00 GMT-0300 (Brasilia Standard Time),1
SRJ4,GM,J&T Slow,Mon Aug 03 2026 04:00:00 GMT-0300 (Brasilia Standard Time),3
SRJ4,GM,J&T Slow,Tue Aug 04 2026 04:00:00 GMT-0300 (Brasilia Standard Time),1
SRJ4,GM,J&T Slow,Wed Aug 05 2026 04:00:00 GMT-0300 (Brasilia Standard Time),2
SRJ4,GM,J&T Slow,Thu Aug 06 2026 04:00:00 GMT-0300 (Brasilia Standard Time),1
SRJ4,GM,Loggi,Tue Aug 04 2026 04:00:00 GMT-0300 (Brasilia Standard Time),1
SRJ4,LARGE,Jad,Thu Aug 06 2026 04:00:00 GMT-0300 (Brasilia Standard Time),1
SRJ5,GM,J&T Fast,Tue Aug 04 2026 04:00:00 GMT-0300 (Brasilia Standard Time),1
SRJ5,GM,J&T Slow,Mon Jul 27 2026 04:00:00 GMT-0300 (Brasilia Standard Time),1
SRJ5,GM,J&T Slow,Wed Jul 29 2026 04:00:00 GMT-0300 (Brasilia Standard Time),1
SRJ5,GM,J&T Slow,Thu Jul 30 2026 04:00:00 GMT-0300 (Brasilia Standard Time),2
SRJ5,GM,J&T Slow,Sat Aug 01 2026 04:00:00 GMT-0300 (Brasilia Standard Time),2
SRJ5,GM,J&T Slow,Mon Aug 03 2026 04:00:00 GMT-0300 (Brasilia Standard Time),3
SRJ5,GM,J&T Slow,Tue Aug 04 2026 04:00:00 GMT-0300 (Brasilia Standard Time),1
SRJ5,GM,J&T Slow,Thu Aug 06 2026 04:00:00 GMT-0300 (Brasilia Standard Time),2
SRJ5,GM,Loggi,Wed Jul 29 2026 04:00:00 GMT-0300 (Brasilia Standard Time),1
SRJ5,LARGE,J&T Slow,Thu Jul 30 2026 04:00:00 GMT-0300 (Brasilia Standard Time),1
SRJ5,LARGE,Loggi,Wed Aug 12 2026 04:00:00 GMT-0300 (Brasilia Standard Time),1
SRJ6,GM,J&T Fast,Tue Jul 28 2026 04:00:00 GMT-0300 (Brasilia Standard Time),1
SRJ6,GM,J&T Fast,Fri Jul 31 2026 04:00:00 GMT-0300 (Brasilia Standard Time),2
SRJ6,GM,J&T Slow,Tue Jul 28 2026 04:00:00 GMT-0300 (Brasilia Standard Time),51
SRJ6,GM,J&T Slow,Wed Jul 29 2026 04:00:00 GMT-0300 (Brasilia Standard Time),269
SRJ6,GM,J&T Slow,Thu Jul 30 2026 04:00:00 GMT-0300 (Brasilia Standard Time),1
SRJ6,GM,J&T Slow,Fri Jul 31 2026 04:00:00 GMT-0300 (Brasilia Standard Time),1
SRJ6,GM,J&T Slow,Tue Aug 04 2026 04:00:00 GMT-0300 (Brasilia Standard Time),1
SRJ6,GM,J&T Slow,Thu Aug 06 2026 04:00:00 GMT-0300 (Brasilia Standard Time),3
SRJ6,LARGE,Loggi,Fri Jul 31 2026 04:00:00 GMT-0300 (Brasilia Standard Time),1
SRJ6,NA,J&T Fast,Thu Jul 23 2026 04:00:00 GMT-0300 (Brasilia Standard Time),1
SRJ7,GM,J&T Slow,Sat Jul 25 2026 04:00:00 GMT-0300 (Brasilia Standard Time),1
SRJ7,GM,J&T Slow,Thu Aug 06 2026 04:00:00 GMT-0300 (Brasilia Standard Time),1
SRJ7,GM,J&T Slow,Fri Aug 07 2026 04:00:00 GMT-0300 (Brasilia Standard Time),2
SRJ7,GM,Jad,Fri Jul 31 2026 04:00:00 GMT-0300 (Brasilia Standard Time),1
SRJ7,GM,Jad,Sat Aug 01 2026 04:00:00 GMT-0300 (Brasilia Standard Time),2
SRJ7,LARGE,Jad,Thu Aug 06 2026 04:00:00 GMT-0300 (Brasilia Standard Time),1
SRJ7,LARGE,Jad,Wed Aug 12 2026 04:00:00 GMT-0300 (Brasilia Standard Time),1
SRJ8,GM,J&T Fast,Mon Aug 03 2026 04:00:00 GMT-0300 (Brasilia Standard Time),1
SRJ8,GM,J&T Fast,Thu Aug 06 2026 04:00:00 GMT-0300 (Brasilia Standard Time),1
SRJ8,GM,J&T Slow,Mon Jul 27 2026 04:00:00 GMT-0300 (Brasilia Standard Time),94
SRJ8,GM,J&T Slow,Tue Jul 28 2026 04:00:00 GMT-0300 (Brasilia Standard Time),225
SRJ8,GM,J&T Slow,Wed Jul 29 2026 04:00:00 GMT-0300 (Brasilia Standard Time),188
SRJ8,GM,J&T Slow,Thu Jul 30 2026 04:00:00 GMT-0300 (Brasilia Standard Time),4
SRJ8,GM,J&T Slow,Fri Jul 31 2026 04:00:00 GMT-0300 (Brasilia Standard Time),8
SRJ8,GM,J&T Slow,Sat Aug 01 2026 04:00:00 GMT-0300 (Brasilia Standard Time),1
SRJ8,GM,J&T Slow,Mon Aug 03 2026 04:00:00 GMT-0300 (Brasilia Standard Time),313
SRJ8,GM,J&T Slow,Tue Aug 04 2026 04:00:00 GMT-0300 (Brasilia Standard Time),153
SRJ8,GM,J&T Slow,Wed Aug 05 2026 04:00:00 GMT-0300 (Brasilia Standard Time),207
SRJ8,GM,J&T Slow,Thu Aug 06 2026 04:00:00 GMT-0300 (Brasilia Standard Time),4
SRJ8,GM,J&T Slow,Fri Aug 07 2026 04:00:00 GMT-0300 (Brasilia Standard Time),2
SRJ8,GM,J&T Slow,Sat Aug 08 2026 04:00:00 GMT-0300 (Brasilia Standard Time),5
SRJ8,GM,J&T Slow,Mon Aug 10 2026 04:00:00 GMT-0300 (Brasilia Standard Time),3
SRJ8,GM,J&T Slow,Tue Aug 11 2026 04:00:00 GMT-0300 (Brasilia Standard Time),29
SRJ8,GM,J&T Slow,Wed Aug 12 2026 04:00:00 GMT-0300 (Brasilia Standard Time),30
SRJ8,GM,J&T Slow,Fri Aug 14 2026 04:00:00 GMT-0300 (Brasilia Standard Time),6
SRJ8,GM,J&T Slow,Sat Aug 15 2026 04:00:00 GMT-0300 (Brasilia Standard Time),2
SRJ8,GM,J&T Slow,Mon Aug 17 2026 04:00:00 GMT-0300 (Brasilia Standard Time),2
SRJ8,GM,Loggi,Wed Jul 29 2026 04:00:00 GMT-0300 (Brasilia Standard Time),1
SRJ8,GM,Loggi,Fri Jul 31 2026 04:00:00 GMT-0300 (Brasilia Standard Time),2
SRJ8,GM,Loggi,Sat Aug 01 2026 04:00:00 GMT-0300 (Brasilia Standard Time),2
SRJ8,GM,Loggi,Thu Aug 06 2026 04:00:00 GMT-0300 (Brasilia Standard Time),1
SRJ8,LARGE,Jad,Sat Jul 25 2026 04:00:00 GMT-0300 (Brasilia Standard Time),1
SRJ8,LARGE,Jad,Fri Jul 31 2026 04:00:00 GMT-0300 (Brasilia Standard Time),1
SRJ8,LARGE,Jad,Tue Aug 04 2026 04:00:00 GMT-0300 (Brasilia Standard Time),1
SRJ8,LARGE,Loggi,Wed Aug 05 2026 04:00:00 GMT-0300 (Brasilia Standard Time),1
SRJ8,LARGE,Loggi,Thu Aug 06 2026 04:00:00 GMT-0300 (Brasilia Standard Time),1
SRJ8,LARGE,Loggi,Fri Aug 07 2026 04:00:00 GMT-0300 (Brasilia Standard Time),1
SRJ8,LARGE,Loggi,Mon Aug 10 2026 04:00:00 GMT-0300 (Brasilia Standard Time),1
SRJ8,LARGE,Loggi,Tue Aug 11 2026 04:00:00 GMT-0300 (Brasilia Standard Time),1
SRJ9,GM,J&T Fast,Thu Jul 30 2026 04:00:00 GMT-0300 (Brasilia Standard Time),1
SRJ9,GM,J&T Slow,Wed Jul 29 2026 04:00:00 GMT-0300 (Brasilia Standard Time),1
SRJ9,GM,J&T Slow,Thu Jul 30 2026 04:00:00 GMT-0300 (Brasilia Standard Time),2
SRJ9,GM,J&T Slow,Mon Aug 03 2026 04:00:00 GMT-0300 (Brasilia Standard Time),3
SRJ9,GM,J&T Slow,Tue Aug 04 2026 04:00:00 GMT-0300 (Brasilia Standard Time),2
SRJ9,GM,J&T Slow,Wed Aug 05 2026 04:00:00 GMT-0300 (Brasilia Standard Time),3
SRJ9,GM,Loggi,Mon Jul 27 2026 04:00:00 GMT-0300 (Brasilia Standard Time),1
SRJ9,GM,Loggi,Wed Jul 29 2026 04:00:00 GMT-0300 (Brasilia Standard Time),1
SRJ9,LARGE,Jad,Mon Jul 27 2026 04:00:00 GMT-0300 (Brasilia Standard Time),1
SRN1,GM,J&T Fast,Wed Jul 29 2026 04:00:00 GMT-0300 (Brasilia Standard Time),1
SRN1,GM,J&T Slow,Tue Jul 28 2026 04:00:00 GMT-0300 (Brasilia Standard Time),1
SRN1,GM,J&T Slow,Sat Aug 08 2026 04:00:00 GMT-0300 (Brasilia Standard Time),1
SRN1,GM,J&T Slow,Wed Aug 12 2026 04:00:00 GMT-0300 (Brasilia Standard Time),1
SRN1,GM,Jad,Fri Jul 24 2026 04:00:00 GMT-0300 (Brasilia Standard Time),1
SRN1,GM,Jad,Sat Jul 25 2026 04:00:00 GMT-0300 (Brasilia Standard Time),1
SRN1,GM,Jad,Thu Jul 30 2026 04:00:00 GMT-0300 (Brasilia Standard Time),1
SRN1,GM,Jad,Fri Jul 31 2026 04:00:00 GMT-0300 (Brasilia Standard Time),1
SRN1,GM,Jad,Sat Aug 01 2026 04:00:00 GMT-0300 (Brasilia Standard Time),2
SRN1,GM,Jad,Tue Aug 04 2026 04:00:00 GMT-0300 (Brasilia Standard Time),1
SRN1,GM,Jad,Wed Aug 05 2026 04:00:00 GMT-0300 (Brasilia Standard Time),1
SRN1,GM,Jad,Thu Aug 06 2026 04:00:00 GMT-0300 (Brasilia Standard Time),4
SRN1,GM,Loggi,Fri Jul 24 2026 04:00:00 GMT-0300 (Brasilia Standard Time),1
SRN1,GM,Loggi,Sat Jul 25 2026 04:00:00 GMT-0300 (Brasilia Standard Time),1
SRN1,GM,Loggi,Mon Jul 27 2026 04:00:00 GMT-0300 (Brasilia Standard Time),2
SRN1,GM,Loggi,Wed Jul 29 2026 04:00:00 GMT-0300 (Brasilia Standard Time),1
SRN1,GM,Loggi,Thu Jul 30 2026 04:00:00 GMT-0300 (Brasilia Standard Time),1
SRN1,GM,Loggi,Sat Aug 01 2026 04:00:00 GMT-0300 (Brasilia Standard Time),1
SRN1,GM,Loggi,Mon Aug 03 2026 04:00:00 GMT-0300 (Brasilia Standard Time),1
SRN1,GM,Loggi,Tue Aug 04 2026 04:00:00 GMT-0300 (Brasilia Standard Time),3
SRN1,GM,Loggi,Sat Aug 08 2026 04:00:00 GMT-0300 (Brasilia Standard Time),1
SRN1,LARGE,Jad,Sat Jul 25 2026 04:00:00 GMT-0300 (Brasilia Standard Time),3
SRN1,LARGE,Jad,Wed Jul 29 2026 04:00:00 GMT-0300 (Brasilia Standard Time),2
SRN1,LARGE,Jad,Thu Jul 30 2026 04:00:00 GMT-0300 (Brasilia Standard Time),1
SRN1,LARGE,Jad,Sat Aug 01 2026 04:00:00 GMT-0300 (Brasilia Standard Time),1
SRN1,LARGE,Jad,Wed Aug 05 2026 04:00:00 GMT-0300 (Brasilia Standard Time),1
SRN1,LARGE,Loggi,Thu Jul 30 2026 04:00:00 GMT-0300 (Brasilia Standard Time),1
SRN1,OVERSIZE,Jad,Sat Jul 25 2026 04:00:00 GMT-0300 (Brasilia Standard Time),1
SRN1,OVERSIZE,Jad,Wed Jul 29 2026 04:00:00 GMT-0300 (Brasilia Standard Time),1
SRN1,OVERSIZE,Jad,Thu Jul 30 2026 04:00:00 GMT-0300 (Brasilia Standard Time),1
SRN1,OVERSIZE,Jad,Thu Aug 06 2026 04:00:00 GMT-0300 (Brasilia Standard Time),1
SRS1,GM,J&T Fast,Tue Jul 28 2026 04:00:00 GMT-0300 (Brasilia Standard Time),1
SRS1,GM,J&T Fast,Thu Jul 30 2026 04:00:00 GMT-0300 (Brasilia Standard Time),1
SRS1,GM,J&T Fast,Sat Aug 01 2026 04:00:00 GMT-0300 (Brasilia Standard Time),1
SRS1,GM,J&T Slow,Sat Aug 01 2026 04:00:00 GMT-0300 (Brasilia Standard Time),1
SRS1,GM,J&T Slow,Tue Aug 04 2026 04:00:00 GMT-0300 (Brasilia Standard Time),1
SRS1,GM,J&T Slow,Wed Aug 05 2026 04:00:00 GMT-0300 (Brasilia Standard Time),3
SRS1,GM,J&T Slow,Thu Aug 06 2026 04:00:00 GMT-0300 (Brasilia Standard Time),2
SRS1,GM,J&T Slow,Fri Aug 07 2026 04:00:00 GMT-0300 (Brasilia Standard Time),2
SRS1,GM,Loggi,Fri Jul 24 2026 04:00:00 GMT-0300 (Brasilia Standard Time),1
SRS1,GM,Loggi,Tue Jul 28 2026 04:00:00 GMT-0300 (Brasilia Standard Time),1
SRS1,GM,Loggi,Wed Jul 29 2026 04:00:00 GMT-0300 (Brasilia Standard Time),1
SRS1,GM,Loggi,Sat Aug 01 2026 04:00:00 GMT-0300 (Brasilia Standard Time),1
SRS1,GM,Loggi,Tue Aug 04 2026 04:00:00 GMT-0300 (Brasilia Standard Time),2
SRS1,GM,Loggi,Wed Aug 05 2026 04:00:00 GMT-0300 (Brasilia Standard Time),1
SRS1,LARGE,Dominalog,Mon Jul 27 2026 04:00:00 GMT-0300 (Brasilia Standard Time),1
SRS1,LARGE,Loggi,Thu Jul 30 2026 04:00:00 GMT-0300 (Brasilia Standard Time),1
SRS10,GM,J&T Slow,Mon Jul 27 2026 04:00:00 GMT-0300 (Brasilia Standard Time),1
SRS10,GM,J&T Slow,Wed Jul 29 2026 04:00:00 GMT-0300 (Brasilia Standard Time),2
SRS10,GM,J&T Slow,Tue Aug 04 2026 04:00:00 GMT-0300 (Brasilia Standard Time),1
SRS10,GM,J&T Slow,Wed Aug 05 2026 04:00:00 GMT-0300 (Brasilia Standard Time),1
SRS10,GM,J&T Slow,Sat Aug 08 2026 04:00:00 GMT-0300 (Brasilia Standard Time),1
SRS10,GM,Loggi,Tue Aug 04 2026 04:00:00 GMT-0300 (Brasilia Standard Time),1
SRS10,LARGE,Loggi,Fri Jul 31 2026 04:00:00 GMT-0300 (Brasilia Standard Time),1
SRS10,LARGE,Loggi,Wed Aug 05 2026 04:00:00 GMT-0300 (Brasilia Standard Time),1
SRS2,GM,Dominalog,Tue Jul 28 2026 04:00:00 GMT-0300 (Brasilia Standard Time),1
SRS2,GM,J&T Slow,Mon Jul 27 2026 04:00:00 GMT-0300 (Brasilia Standard Time),1
SRS2,GM,J&T Slow,Tue Jul 28 2026 04:00:00 GMT-0300 (Brasilia Standard Time),1
SRS2,GM,J&T Slow,Mon Aug 03 2026 04:00:00 GMT-0300 (Brasilia Standard Time),2
SRS2,GM,J&T Slow,Wed Aug 05 2026 04:00:00 GMT-0300 (Brasilia Standard Time),1
SRS2,GM,J&T Slow,Fri Aug 07 2026 04:00:00 GMT-0300 (Brasilia Standard Time),1
SRS2,GM,Jad,Mon Aug 03 2026 04:00:00 GMT-0300 (Brasilia Standard Time),1
SRS2,GM,Loggi,Sat Jul 25 2026 04:00:00 GMT-0300 (Brasilia Standard Time),1
SRS2,GM,Loggi,Wed Jul 29 2026 04:00:00 GMT-0300 (Brasilia Standard Time),1
SRS2,GM,Loggi,Fri Jul 31 2026 04:00:00 GMT-0300 (Brasilia Standard Time),1
SRS2,GM,Loggi,Sat Aug 01 2026 04:00:00 GMT-0300 (Brasilia Standard Time),1
SRS2,GM,Loggi,Mon Aug 03 2026 04:00:00 GMT-0300 (Brasilia Standard Time),1
SRS2,GM,Loggi,Tue Aug 04 2026 04:00:00 GMT-0300 (Brasilia Standard Time),2
SRS2,GM,Loggi,Wed Aug 05 2026 04:00:00 GMT-0300 (Brasilia Standard Time),1
SRS2,GM,Loggi,Fri Aug 07 2026 04:00:00 GMT-0300 (Brasilia Standard Time),1
SRS2,LARGE,Dominalog,Wed Jul 29 2026 04:00:00 GMT-0300 (Brasilia Standard Time),1
SRS2,LARGE,Dominalog,Sat Aug 08 2026 04:00:00 GMT-0300 (Brasilia Standard Time),1
SRS3,GM,J&T Slow,Fri Jul 24 2026 04:00:00 GMT-0300 (Brasilia Standard Time),1
SRS3,GM,J&T Slow,Mon Jul 27 2026 04:00:00 GMT-0300 (Brasilia Standard Time),1
SRS3,GM,J&T Slow,Tue Jul 28 2026 04:00:00 GMT-0300 (Brasilia Standard Time),1
SRS3,GM,J&T Slow,Fri Jul 31 2026 04:00:00 GMT-0300 (Brasilia Standard Time),1
SRS3,GM,J&T Slow,Tue Aug 04 2026 04:00:00 GMT-0300 (Brasilia Standard Time),1
SRS3,GM,J&T Slow,Wed Aug 05 2026 04:00:00 GMT-0300 (Brasilia Standard Time),2
SRS3,GM,J&T Slow,Fri Aug 07 2026 04:00:00 GMT-0300 (Brasilia Standard Time),1
SRS3,LARGE,Dominalog,Mon Aug 03 2026 04:00:00 GMT-0300 (Brasilia Standard Time),1
SRS3,LARGE,Jad,Wed Jul 29 2026 04:00:00 GMT-0300 (Brasilia Standard Time),1
SRS4,GM,J&T Fast,Mon Aug 03 2026 04:00:00 GMT-0300 (Brasilia Standard Time),1
SRS4,GM,J&T Slow,Mon Jul 27 2026 04:00:00 GMT-0300 (Brasilia Standard Time),1
SRS4,GM,J&T Slow,Tue Jul 28 2026 04:00:00 GMT-0300 (Brasilia Standard Time),1
SRS4,GM,J&T Slow,Thu Jul 30 2026 04:00:00 GMT-0300 (Brasilia Standard Time),2
SRS4,GM,J&T Slow,Fri Jul 31 2026 04:00:00 GMT-0300 (Brasilia Standard Time),3
SRS4,GM,J&T Slow,Sat Aug 01 2026 04:00:00 GMT-0300 (Brasilia Standard Time),3
SRS4,GM,J&T Slow,Mon Aug 03 2026 04:00:00 GMT-0300 (Brasilia Standard Time),1
SRS4,GM,J&T Slow,Tue Aug 04 2026 04:00:00 GMT-0300 (Brasilia Standard Time),2
SRS4,GM,J&T Slow,Wed Aug 05 2026 04:00:00 GMT-0300 (Brasilia Standard Time),1
SRS4,GM,J&T Slow,Thu Aug 06 2026 04:00:00 GMT-0300 (Brasilia Standard Time),3
SRS4,GM,J&T Slow,Tue Aug 11 2026 04:00:00 GMT-0300 (Brasilia Standard Time),2
SRS5,GM,J&T Slow,Mon Jul 27 2026 04:00:00 GMT-0300 (Brasilia Standard Time),1
SRS5,GM,J&T Slow,Sat Aug 01 2026 04:00:00 GMT-0300 (Brasilia Standard Time),1
SRS5,GM,J&T Slow,Wed Aug 05 2026 04:00:00 GMT-0300 (Brasilia Standard Time),3
SRS5,GM,Loggi,Mon Jul 27 2026 04:00:00 GMT-0300 (Brasilia Standard Time),1
SRS5,LARGE,Dominalog,Mon Jul 27 2026 04:00:00 GMT-0300 (Brasilia Standard Time),1
SRS7,GM,Dominalog,Mon Jul 27 2026 04:00:00 GMT-0300 (Brasilia Standard Time),1
SRS7,GM,Dominalog,Tue Jul 28 2026 04:00:00 GMT-0300 (Brasilia Standard Time),3
SRS7,GM,Dominalog,Thu Jul 30 2026 04:00:00 GMT-0300 (Brasilia Standard Time),1
SRS7,GM,J&T Fast,Mon Jul 27 2026 04:00:00 GMT-0300 (Brasilia Standard Time),2
SRS7,GM,J&T Slow,Sat Jul 25 2026 04:00:00 GMT-0300 (Brasilia Standard Time),1
SRS7,GM,J&T Slow,Mon Jul 27 2026 04:00:00 GMT-0300 (Brasilia Standard Time),74
SRS7,GM,J&T Slow,Thu Jul 30 2026 04:00:00 GMT-0300 (Brasilia Standard Time),1
SRS7,GM,J&T Slow,Mon Aug 03 2026 04:00:00 GMT-0300 (Brasilia Standard Time),1
SRS7,GM,Jad,Mon Jul 27 2026 04:00:00 GMT-0300 (Brasilia Standard Time),4
SRS7,GM,Jad,Thu Jul 30 2026 04:00:00 GMT-0300 (Brasilia Standard Time),2
SRS7,GM,Loggi,Fri Jul 24 2026 04:00:00 GMT-0300 (Brasilia Standard Time),1
SRS7,GM,Loggi,Mon Jul 27 2026 04:00:00 GMT-0300 (Brasilia Standard Time),44
SRS7,GM,Loggi,Thu Jul 30 2026 04:00:00 GMT-0300 (Brasilia Standard Time),1
SRS7,GM,Loggi,Fri Jul 31 2026 04:00:00 GMT-0300 (Brasilia Standard Time),1
SRS7,GM,Loggi,Mon Aug 03 2026 04:00:00 GMT-0300 (Brasilia Standard Time),1
SRS7,GM,Loggi,Thu Aug 06 2026 04:00:00 GMT-0300 (Brasilia Standard Time),1
SRS7,GM,Loggi,Fri Aug 07 2026 04:00:00 GMT-0300 (Brasilia Standard Time),1
SRS7,LARGE,J&T Slow,Mon Jul 27 2026 04:00:00 GMT-0300 (Brasilia Standard Time),2
SRS7,LARGE,Jad,Mon Aug 03 2026 04:00:00 GMT-0300 (Brasilia Standard Time),1
SRS8,GM,J&T Fast,Mon Jul 27 2026 04:00:00 GMT-0300 (Brasilia Standard Time),1
SRS8,GM,J&T Slow,Tue Jul 28 2026 04:00:00 GMT-0300 (Brasilia Standard Time),3
SRS8,GM,J&T Slow,Wed Jul 29 2026 04:00:00 GMT-0300 (Brasilia Standard Time),1
SRS8,GM,J&T Slow,Thu Jul 30 2026 04:00:00 GMT-0300 (Brasilia Standard Time),1
SRS8,GM,J&T Slow,Sat Aug 01 2026 04:00:00 GMT-0300 (Brasilia Standard Time),2
SRS8,GM,J&T Slow,Mon Aug 03 2026 04:00:00 GMT-0300 (Brasilia Standard Time),2
SRS8,GM,J&T Slow,Tue Aug 04 2026 04:00:00 GMT-0300 (Brasilia Standard Time),1
SRS8,GM,J&T Slow,Wed Aug 05 2026 04:00:00 GMT-0300 (Brasilia Standard Time),2
SRS8,GM,J&T Slow,Thu Aug 06 2026 04:00:00 GMT-0300 (Brasilia Standard Time),2
SRS8,GM,J&T Slow,Tue Aug 11 2026 04:00:00 GMT-0300 (Brasilia Standard Time),1
SRS8,GM,Jad,Fri Jul 24 2026 04:00:00 GMT-0300 (Brasilia Standard Time),1
SRS8,GM,Loggi,Thu Jul 23 2026 04:00:00 GMT-0300 (Brasilia Standard Time),1
SRS8,GM,Loggi,Fri Jul 24 2026 04:00:00 GMT-0300 (Brasilia Standard Time),3
SRS8,GM,Loggi,Sat Jul 25 2026 04:00:00 GMT-0300 (Brasilia Standard Time),1
SRS8,GM,Loggi,Wed Jul 29 2026 04:00:00 GMT-0300 (Brasilia Standard Time),1
SRS8,GM,Loggi,Fri Jul 31 2026 04:00:00 GMT-0300 (Brasilia Standard Time),1
SRS8,GM,Loggi,Sat Aug 01 2026 04:00:00 GMT-0300 (Brasilia Standard Time),2
SRS8,GM,Loggi,Mon Aug 03 2026 04:00:00 GMT-0300 (Brasilia Standard Time),1
SRS8,GM,Loggi,Wed Aug 05 2026 04:00:00 GMT-0300 (Brasilia Standard Time),1
SRS8,LARGE,Jad,Sat Jul 25 2026 04:00:00 GMT-0300 (Brasilia Standard Time),1
SRS8,LARGE,Jad,Thu Jul 30 2026 04:00:00 GMT-0300 (Brasilia Standard Time),1
SRS8,OVERSIZE,Jad,Sat Aug 01 2026 04:00:00 GMT-0300 (Brasilia Standard Time),1
SRS8,OVERSIZE,Jad,Thu Aug 06 2026 04:00:00 GMT-0300 (Brasilia Standard Time),1
SRS9,GM,Dominalog,Sat Jul 25 2026 04:00:00 GMT-0300 (Brasilia Standard Time),1
SRS9,GM,J&T Fast,Mon Jul 27 2026 04:00:00 GMT-0300 (Brasilia Standard Time),1
SRS9,GM,J&T Fast,Tue Jul 28 2026 04:00:00 GMT-0300 (Brasilia Standard Time),1
SRS9,GM,J&T Fast,Wed Jul 29 2026 04:00:00 GMT-0300 (Brasilia Standard Time),1
SRS9,GM,J&T Slow,Thu Jul 23 2026 04:00:00 GMT-0300 (Brasilia Standard Time),1
SRS9,GM,J&T Slow,Fri Jul 24 2026 04:00:00 GMT-0300 (Brasilia Standard Time),4
SRS9,GM,J&T Slow,Sat Jul 25 2026 04:00:00 GMT-0300 (Brasilia Standard Time),17
SRS9,GM,J&T Slow,Mon Jul 27 2026 04:00:00 GMT-0300 (Brasilia Standard Time),17
SRS9,GM,J&T Slow,Tue Jul 28 2026 04:00:00 GMT-0300 (Brasilia Standard Time),10
SRS9,GM,J&T Slow,Wed Jul 29 2026 04:00:00 GMT-0300 (Brasilia Standard Time),18
SRS9,GM,J&T Slow,Thu Jul 30 2026 04:00:00 GMT-0300 (Brasilia Standard Time),17
SRS9,GM,J&T Slow,Fri Jul 31 2026 04:00:00 GMT-0300 (Brasilia Standard Time),19
SRS9,GM,J&T Slow,Sat Aug 01 2026 04:00:00 GMT-0300 (Brasilia Standard Time),11
SRS9,GM,J&T Slow,Mon Aug 03 2026 04:00:00 GMT-0300 (Brasilia Standard Time),6
SRS9,GM,J&T Slow,Tue Aug 04 2026 04:00:00 GMT-0300 (Brasilia Standard Time),9
SRS9,GM,J&T Slow,Wed Aug 05 2026 04:00:00 GMT-0300 (Brasilia Standard Time),6
SRS9,GM,J&T Slow,Thu Aug 06 2026 04:00:00 GMT-0300 (Brasilia Standard Time),3
SRS9,GM,J&T Slow,Fri Aug 07 2026 04:00:00 GMT-0300 (Brasilia Standard Time),1
SRS9,GM,J&T Slow,Sat Aug 08 2026 04:00:00 GMT-0300 (Brasilia Standard Time),1
SRS9,GM,J&T Slow,Tue Aug 11 2026 04:00:00 GMT-0300 (Brasilia Standard Time),2
SRS9,GM,J&T Slow,Mon Aug 17 2026 04:00:00 GMT-0300 (Brasilia Standard Time),1
SRS9,GM,J&T Slow,Tue Aug 18 2026 04:00:00 GMT-0300 (Brasilia Standard Time),1
SRS9,GM,Jad,Tue Jul 28 2026 04:00:00 GMT-0300 (Brasilia Standard Time),1
SRS9,GM,Jad,Fri Jul 31 2026 04:00:00 GMT-0300 (Brasilia Standard Time),1
SRS9,GM,Jad,Sat Aug 01 2026 04:00:00 GMT-0300 (Brasilia Standard Time),1
SRS9,GM,Jad,Tue Aug 04 2026 04:00:00 GMT-0300 (Brasilia Standard Time),1
SRS9,GM,Loggi,Fri Jul 24 2026 04:00:00 GMT-0300 (Brasilia Standard Time),4
SRS9,GM,Loggi,Sat Jul 25 2026 04:00:00 GMT-0300 (Brasilia Standard Time),5
SRS9,GM,Loggi,Mon Jul 27 2026 04:00:00 GMT-0300 (Brasilia Standard Time),1
SRS9,GM,Loggi,Tue Jul 28 2026 04:00:00 GMT-0300 (Brasilia Standard Time),3
SRS9,GM,Loggi,Wed Jul 29 2026 04:00:00 GMT-0300 (Brasilia Standard Time),5
SRS9,GM,Loggi,Thu Jul 30 2026 04:00:00 GMT-0300 (Brasilia Standard Time),2
SRS9,GM,Loggi,Fri Jul 31 2026 04:00:00 GMT-0300 (Brasilia Standard Time),2
SRS9,GM,Loggi,Sat Aug 01 2026 04:00:00 GMT-0300 (Brasilia Standard Time),1
SRS9,GM,Loggi,Mon Aug 03 2026 04:00:00 GMT-0300 (Brasilia Standard Time),3
SRS9,GM,Loggi,Tue Aug 04 2026 04:00:00 GMT-0300 (Brasilia Standard Time),5
SRS9,GM,Loggi,Wed Aug 05 2026 04:00:00 GMT-0300 (Brasilia Standard Time),1
SRS9,GM,Loggi,Thu Aug 06 2026 04:00:00 GMT-0300 (Brasilia Standard Time),2
SRS9,LARGE,Dominalog,Sat Jul 25 2026 04:00:00 GMT-0300 (Brasilia Standard Time),1
SRS9,LARGE,Dominalog,Wed Aug 05 2026 04:00:00 GMT-0300 (Brasilia Standard Time),1
SRS9,LARGE,Dominalog,Sat Aug 08 2026 04:00:00 GMT-0300 (Brasilia Standard Time),1
SRS9,LARGE,J&T Slow,Sat Jul 25 2026 04:00:00 GMT-0300 (Brasilia Standard Time),1
SRS9,LARGE,J&T Slow,Tue Jul 28 2026 04:00:00 GMT-0300 (Brasilia Standard Time),2
SRS9,LARGE,J&T Slow,Wed Jul 29 2026 04:00:00 GMT-0300 (Brasilia Standard Time),2
SRS9,LARGE,J&T Slow,Thu Jul 30 2026 04:00:00 GMT-0300 (Brasilia Standard Time),1
SRS9,LARGE,J&T Slow,Fri Jul 31 2026 04:00:00 GMT-0300 (Brasilia Standard Time),1
SRS9,LARGE,J&T Slow,Mon Aug 03 2026 04:00:00 GMT-0300 (Brasilia Standard Time),1
SRS9,LARGE,Jad,Thu Jul 30 2026 04:00:00 GMT-0300 (Brasilia Standard Time),2
SRS9,LARGE,Jad,Fri Jul 31 2026 04:00:00 GMT-0300 (Brasilia Standard Time),1
SRS9,LARGE,Jad,Wed Aug 05 2026 04:00:00 GMT-0300 (Brasilia Standard Time),1
SRS9,LARGE,Loggi,Fri Jul 24 2026 04:00:00 GMT-0300 (Brasilia Standard Time),1
SRS9,LARGE,Loggi,Sat Jul 25 2026 04:00:00 GMT-0300 (Brasilia Standard Time),2
SRS9,LARGE,Loggi,Mon Jul 27 2026 04:00:00 GMT-0300 (Brasilia Standard Time),1
SRS9,LARGE,Loggi,Wed Jul 29 2026 04:00:00 GMT-0300 (Brasilia Standard Time),1
SRS9,OVERSIZE,J&T Slow,Wed Jul 29 2026 04:00:00 GMT-0300 (Brasilia Standard Time),1
SRS9,OVERSIZE,Jad,Fri Jul 24 2026 04:00:00 GMT-0300 (Brasilia Standard Time),1
SSC1,GM,J&T Fast,Sat Jul 25 2026 04:00:00 GMT-0300 (Brasilia Standard Time),1
SSC1,GM,J&T Fast,Mon Jul 27 2026 04:00:00 GMT-0300 (Brasilia Standard Time),2
SSC1,GM,J&T Fast,Tue Jul 28 2026 04:00:00 GMT-0300 (Brasilia Standard Time),2
SSC1,GM,J&T Fast,Thu Jul 30 2026 04:00:00 GMT-0300 (Brasilia Standard Time),1
SSC1,GM,J&T Fast,Fri Aug 07 2026 04:00:00 GMT-0300 (Brasilia Standard Time),1
SSC1,GM,J&T Slow,Sat Jul 25 2026 04:00:00 GMT-0300 (Brasilia Standard Time),1
SSC1,GM,J&T Slow,Mon Jul 27 2026 04:00:00 GMT-0300 (Brasilia Standard Time),1
SSC1,GM,J&T Slow,Tue Jul 28 2026 04:00:00 GMT-0300 (Brasilia Standard Time),2
SSC1,GM,J&T Slow,Wed Jul 29 2026 04:00:00 GMT-0300 (Brasilia Standard Time),3
SSC1,GM,J&T Slow,Fri Jul 31 2026 04:00:00 GMT-0300 (Brasilia Standard Time),18
SSC1,GM,J&T Slow,Sat Aug 01 2026 04:00:00 GMT-0300 (Brasilia Standard Time),1
SSC1,GM,J&T Slow,Mon Aug 03 2026 04:00:00 GMT-0300 (Brasilia Standard Time),1
SSC1,GM,J&T Slow,Wed Aug 05 2026 04:00:00 GMT-0300 (Brasilia Standard Time),1
SSC1,GM,Loggi,Wed Jul 29 2026 04:00:00 GMT-0300 (Brasilia Standard Time),1
SSC1,GM,Loggi,Thu Aug 06 2026 04:00:00 GMT-0300 (Brasilia Standard Time),1
SSC1,GM,Loggi,Fri Aug 07 2026 04:00:00 GMT-0300 (Brasilia Standard Time),1
SSC1,GM,Loggi,Mon Aug 10 2026 04:00:00 GMT-0300 (Brasilia Standard Time),1
SSC1,LARGE,Loggi,Sat Jul 25 2026 04:00:00 GMT-0300 (Brasilia Standard Time),1
SSC2,GM,J&T Fast,Thu Jul 30 2026 04:00:00 GMT-0300 (Brasilia Standard Time),3
SSC2,GM,J&T Fast,Sat Aug 01 2026 04:00:00 GMT-0300 (Brasilia Standard Time),1
SSC2,GM,J&T Fast,Mon Aug 03 2026 04:00:00 GMT-0300 (Brasilia Standard Time),1
SSC2,GM,J&T Slow,Fri Jul 24 2026 04:00:00 GMT-0300 (Brasilia Standard Time),2
SSC2,GM,J&T Slow,Sat Jul 25 2026 04:00:00 GMT-0300 (Brasilia Standard Time),4
SSC2,GM,J&T Slow,Mon Jul 27 2026 04:00:00 GMT-0300 (Brasilia Standard Time),2
SSC2,GM,J&T Slow,Wed Jul 29 2026 04:00:00 GMT-0300 (Brasilia Standard Time),3
SSC2,GM,J&T Slow,Thu Jul 30 2026 04:00:00 GMT-0300 (Brasilia Standard Time),67
SSC2,GM,J&T Slow,Fri Jul 31 2026 04:00:00 GMT-0300 (Brasilia Standard Time),1
SSC2,GM,J&T Slow,Mon Aug 03 2026 04:00:00 GMT-0300 (Brasilia Standard Time),5
SSC2,GM,J&T Slow,Tue Aug 04 2026 04:00:00 GMT-0300 (Brasilia Standard Time),2
SSC2,GM,J&T Slow,Wed Aug 05 2026 04:00:00 GMT-0300 (Brasilia Standard Time),12
SSC2,GM,J&T Slow,Thu Aug 06 2026 04:00:00 GMT-0300 (Brasilia Standard Time),2
SSC2,GM,J&T Slow,Fri Aug 07 2026 04:00:00 GMT-0300 (Brasilia Standard Time),1
SSC2,GM,J&T Slow,Mon Aug 10 2026 04:00:00 GMT-0300 (Brasilia Standard Time),2
SSC2,GM,Jad,Fri Jul 24 2026 04:00:00 GMT-0300 (Brasilia Standard Time),1
SSC2,GM,Jad,Mon Jul 27 2026 04:00:00 GMT-0300 (Brasilia Standard Time),12
SSC2,GM,Jad,Thu Jul 30 2026 04:00:00 GMT-0300 (Brasilia Standard Time),18
SSC2,GM,Jad,Sat Aug 01 2026 04:00:00 GMT-0300 (Brasilia Standard Time),1
SSC2,GM,Jad,Mon Aug 03 2026 04:00:00 GMT-0300 (Brasilia Standard Time),1
SSC2,GM,Loggi,Mon Jul 27 2026 04:00:00 GMT-0300 (Brasilia Standard Time),3
SSC2,GM,Loggi,Thu Jul 30 2026 04:00:00 GMT-0300 (Brasilia Standard Time),8
SSC2,LARGE,Dominalog,Mon Aug 10 2026 04:00:00 GMT-0300 (Brasilia Standard Time),1
SSC2,LARGE,Jad,Mon Jul 27 2026 04:00:00 GMT-0300 (Brasilia Standard Time),3
SSC2,LARGE,Jad,Thu Jul 30 2026 04:00:00 GMT-0300 (Brasilia Standard Time),1
SSC2,LARGE,Jad,Fri Jul 31 2026 04:00:00 GMT-0300 (Brasilia Standard Time),1
SSC3,GM,J&T Fast,Fri Jul 24 2026 04:00:00 GMT-0300 (Brasilia Standard Time),30
SSC3,GM,J&T Fast,Sat Jul 25 2026 04:00:00 GMT-0300 (Brasilia Standard Time),19
SSC3,GM,J&T Fast,Mon Jul 27 2026 04:00:00 GMT-0300 (Brasilia Standard Time),10
SSC3,GM,J&T Fast,Tue Jul 28 2026 04:00:00 GMT-0300 (Brasilia Standard Time),1
SSC3,GM,J&T Slow,Fri Jul 24 2026 04:00:00 GMT-0300 (Brasilia Standard Time),281
SSC3,GM,J&T Slow,Sat Jul 25 2026 04:00:00 GMT-0300 (Brasilia Standard Time),90
SSC3,GM,J&T Slow,Mon Jul 27 2026 04:00:00 GMT-0300 (Brasilia Standard Time),103
SSC3,GM,J&T Slow,Tue Jul 28 2026 04:00:00 GMT-0300 (Brasilia Standard Time),6
SSC3,GM,J&T Slow,Wed Jul 29 2026 04:00:00 GMT-0300 (Brasilia Standard Time),3
SSC3,GM,J&T Slow,Fri Jul 31 2026 04:00:00 GMT-0300 (Brasilia Standard Time),3
SSC3,GM,J&T Slow,Sat Aug 01 2026 04:00:00 GMT-0300 (Brasilia Standard Time),2
SSC3,GM,J&T Slow,Mon Aug 03 2026 04:00:00 GMT-0300 (Brasilia Standard Time),6
SSC3,GM,J&T Slow,Wed Aug 05 2026 04:00:00 GMT-0300 (Brasilia Standard Time),11
SSC3,GM,J&T Slow,Thu Aug 06 2026 04:00:00 GMT-0300 (Brasilia Standard Time),1
SSC3,GM,Jad,Fri Jul 24 2026 04:00:00 GMT-0300 (Brasilia Standard Time),3
SSC3,GM,Jad,Mon Jul 27 2026 04:00:00 GMT-0300 (Brasilia Standard Time),2
SSC3,GM,Jad,Tue Jul 28 2026 04:00:00 GMT-0300 (Brasilia Standard Time),1
SSC3,GM,Loggi,Tue Jul 21 2026 04:00:00 GMT-0300 (Brasilia Standard Time),1
SSC3,GM,Loggi,Fri Jul 24 2026 04:00:00 GMT-0300 (Brasilia Standard Time),49
SSC3,GM,Loggi,Sat Jul 25 2026 04:00:00 GMT-0300 (Brasilia Standard Time),27
SSC3,GM,Loggi,Mon Jul 27 2026 04:00:00 GMT-0300 (Brasilia Standard Time),20
SSC3,GM,Loggi,Tue Jul 28 2026 04:00:00 GMT-0300 (Brasilia Standard Time),10
SSC3,GM,Loggi,Mon Aug 03 2026 04:00:00 GMT-0300 (Brasilia Standard Time),1
SSC3,GM,Loggi,Tue Aug 04 2026 04:00:00 GMT-0300 (Brasilia Standard Time),2
SSC3,GM,Loggi,Fri Aug 07 2026 04:00:00 GMT-0300 (Brasilia Standard Time),1
SSC3,GM,Loggi,Fri Aug 14 2026 04:00:00 GMT-0300 (Brasilia Standard Time),1
SSC3,LARGE,Jad,Mon Jul 27 2026 04:00:00 GMT-0300 (Brasilia Standard Time),1
SSC3,LARGE,Jad,Thu Jul 30 2026 04:00:00 GMT-0300 (Brasilia Standard Time),1
SSC3,LARGE,Jad,Fri Jul 31 2026 04:00:00 GMT-0300 (Brasilia Standard Time),1
SSC3,LARGE,Loggi,Mon Aug 03 2026 04:00:00 GMT-0300 (Brasilia Standard Time),1
SSC4,GM,J&T Slow,Tue Aug 04 2026 04:00:00 GMT-0300 (Brasilia Standard Time),1
SSC4,GM,J&T Slow,Wed Aug 05 2026 04:00:00 GMT-0300 (Brasilia Standard Time),1
SSC4,GM,J&T Slow,Thu Aug 06 2026 04:00:00 GMT-0300 (Brasilia Standard Time),2
SSC4,GM,Jad,Sat Jul 25 2026 04:00:00 GMT-0300 (Brasilia Standard Time),1
SSC4,GM,Jad,Wed Jul 29 2026 04:00:00 GMT-0300 (Brasilia Standard Time),1
SSC4,GM,Loggi,Fri Jul 24 2026 04:00:00 GMT-0300 (Brasilia Standard Time),1
SSC4,GM,Loggi,Mon Jul 27 2026 04:00:00 GMT-0300 (Brasilia Standard Time),2
SSC4,GM,Loggi,Tue Jul 28 2026 04:00:00 GMT-0300 (Brasilia Standard Time),1
SSC4,GM,Loggi,Tue Aug 04 2026 04:00:00 GMT-0300 (Brasilia Standard Time),2
SSC4,GM,Loggi,Fri Aug 07 2026 04:00:00 GMT-0300 (Brasilia Standard Time),1
SSC4,LARGE,Jad,Sat Aug 08 2026 04:00:00 GMT-0300 (Brasilia Standard Time),1
SSC5,GM,J&T Fast,Fri Jul 24 2026 04:00:00 GMT-0300 (Brasilia Standard Time),1
SSC5,GM,J&T Fast,Fri Jul 31 2026 04:00:00 GMT-0300 (Brasilia Standard Time),1
SSC5,GM,J&T Slow,Mon Jul 27 2026 04:00:00 GMT-0300 (Brasilia Standard Time),2
SSC5,GM,J&T Slow,Sat Aug 01 2026 04:00:00 GMT-0300 (Brasilia Standard Time),1
SSC5,GM,J&T Slow,Mon Aug 03 2026 04:00:00 GMT-0300 (Brasilia Standard Time),4
SSC5,GM,J&T Slow,Wed Aug 05 2026 04:00:00 GMT-0300 (Brasilia Standard Time),9
SSC5,GM,Jad,Fri Jul 24 2026 04:00:00 GMT-0300 (Brasilia Standard Time),1
SSC5,GM,Jad,Mon Aug 03 2026 04:00:00 GMT-0300 (Brasilia Standard Time),1
SSC5,GM,Loggi,Tue Jul 28 2026 04:00:00 GMT-0300 (Brasilia Standard Time),1
SSC5,GM,Loggi,Fri Jul 31 2026 04:00:00 GMT-0300 (Brasilia Standard Time),1
SSC5,GM,Loggi,Sat Aug 01 2026 04:00:00 GMT-0300 (Brasilia Standard Time),1
SSC5,LARGE,Dominalog,Mon Jul 27 2026 04:00:00 GMT-0300 (Brasilia Standard Time),1
SSC5,LARGE,Jad,Mon Aug 10 2026 04:00:00 GMT-0300 (Brasilia Standard Time),1
SSC7,GM,J&T Fast,Tue Jul 28 2026 04:00:00 GMT-0300 (Brasilia Standard Time),1
SSC7,GM,J&T Slow,Sat Jul 25 2026 04:00:00 GMT-0300 (Brasilia Standard Time),2
SSC7,GM,J&T Slow,Thu Aug 06 2026 04:00:00 GMT-0300 (Brasilia Standard Time),2
SSC7,GM,Jad,Sat Jul 25 2026 04:00:00 GMT-0300 (Brasilia Standard Time),3
SSC7,GM,Jad,Mon Jul 27 2026 04:00:00 GMT-0300 (Brasilia Standard Time),3
SSC7,GM,Jad,Tue Jul 28 2026 04:00:00 GMT-0300 (Brasilia Standard Time),1
SSC7,GM,Jad,Sat Aug 01 2026 04:00:00 GMT-0300 (Brasilia Standard Time),1
SSC7,GM,Jad,Mon Aug 03 2026 04:00:00 GMT-0300 (Brasilia Standard Time),1
SSC7,GM,Loggi,Fri Jul 24 2026 04:00:00 GMT-0300 (Brasilia Standard Time),2
SSC7,GM,Loggi,Sat Jul 25 2026 04:00:00 GMT-0300 (Brasilia Standard Time),22
SSC7,GM,Loggi,Mon Jul 27 2026 04:00:00 GMT-0300 (Brasilia Standard Time),7
SSC7,GM,Loggi,Tue Jul 28 2026 04:00:00 GMT-0300 (Brasilia Standard Time),6
SSC7,GM,Loggi,Wed Jul 29 2026 04:00:00 GMT-0300 (Brasilia Standard Time),6
SSC7,GM,Loggi,Thu Jul 30 2026 04:00:00 GMT-0300 (Brasilia Standard Time),2
SSC7,GM,Loggi,Fri Jul 31 2026 04:00:00 GMT-0300 (Brasilia Standard Time),3
SSC7,GM,Loggi,Sat Aug 01 2026 04:00:00 GMT-0300 (Brasilia Standard Time),1
SSC7,GM,Loggi,Thu Aug 06 2026 04:00:00 GMT-0300 (Brasilia Standard Time),1
SSC7,LARGE,Dominalog,Sat Jul 25 2026 04:00:00 GMT-0300 (Brasilia Standard Time),2
SSC7,LARGE,Dominalog,Mon Jul 27 2026 04:00:00 GMT-0300 (Brasilia Standard Time),3
SSC7,LARGE,Dominalog,Sat Aug 01 2026 04:00:00 GMT-0300 (Brasilia Standard Time),1
SSC7,LARGE,Jad,Mon Jul 27 2026 04:00:00 GMT-0300 (Brasilia Standard Time),1
SSC8,GM,J&T Fast,Mon Aug 03 2026 04:00:00 GMT-0300 (Brasilia Standard Time),1
SSC8,GM,J&T Slow,Sat Jul 25 2026 04:00:00 GMT-0300 (Brasilia Standard Time),1
SSC8,GM,J&T Slow,Mon Jul 27 2026 04:00:00 GMT-0300 (Brasilia Standard Time),2
SSC8,GM,J&T Slow,Tue Jul 28 2026 04:00:00 GMT-0300 (Brasilia Standard Time),2
SSC8,GM,J&T Slow,Thu Jul 30 2026 04:00:00 GMT-0300 (Brasilia Standard Time),2
SSC8,GM,J&T Slow,Fri Jul 31 2026 04:00:00 GMT-0300 (Brasilia Standard Time),1
SSC8,GM,J&T Slow,Mon Aug 03 2026 04:00:00 GMT-0300 (Brasilia Standard Time),8
SSC8,GM,J&T Slow,Tue Aug 04 2026 04:00:00 GMT-0300 (Brasilia Standard Time),1
SSC8,GM,J&T Slow,Wed Aug 05 2026 04:00:00 GMT-0300 (Brasilia Standard Time),2
SSC8,GM,J&T Slow,Thu Aug 06 2026 04:00:00 GMT-0300 (Brasilia Standard Time),1
SSC8,GM,Loggi,Sat Jul 25 2026 04:00:00 GMT-0300 (Brasilia Standard Time),1
SSC8,LARGE,Jad,Fri Jul 24 2026 04:00:00 GMT-0300 (Brasilia Standard Time),1
SSC8,LARGE,Loggi,Sat Aug 01 2026 04:00:00 GMT-0300 (Brasilia Standard Time),1
SSC9,GM,J&T Slow,Mon Jul 27 2026 04:00:00 GMT-0300 (Brasilia Standard Time),1
SSC9,GM,J&T Slow,Fri Jul 31 2026 04:00:00 GMT-0300 (Brasilia Standard Time),3
SSC9,GM,J&T Slow,Sat Aug 01 2026 04:00:00 GMT-0300 (Brasilia Standard Time),2
SSC9,GM,J&T Slow,Mon Aug 03 2026 04:00:00 GMT-0300 (Brasilia Standard Time),1
SSC9,GM,J&T Slow,Wed Aug 05 2026 04:00:00 GMT-0300 (Brasilia Standard Time),1
SSC9,GM,J&T Slow,Fri Aug 07 2026 04:00:00 GMT-0300 (Brasilia Standard Time),1
SSC9,GM,Loggi,Fri Jul 24 2026 04:00:00 GMT-0300 (Brasilia Standard Time),1
SSC9,GM,Loggi,Wed Jul 29 2026 04:00:00 GMT-0300 (Brasilia Standard Time),1
SSE1,GM,J&T Fast,Wed Jul 29 2026 04:00:00 GMT-0300 (Brasilia Standard Time),6
SSE1,GM,J&T Fast,Fri Jul 31 2026 04:00:00 GMT-0300 (Brasilia Standard Time),1
SSE1,GM,J&T Fast,Wed Aug 05 2026 04:00:00 GMT-0300 (Brasilia Standard Time),2
SSE1,GM,J&T Slow,Sat Jul 25 2026 04:00:00 GMT-0300 (Brasilia Standard Time),1
SSE1,GM,J&T Slow,Mon Jul 27 2026 04:00:00 GMT-0300 (Brasilia Standard Time),6
SSE1,GM,J&T Slow,Wed Jul 29 2026 04:00:00 GMT-0300 (Brasilia Standard Time),9
SSE1,GM,J&T Slow,Thu Jul 30 2026 04:00:00 GMT-0300 (Brasilia Standard Time),13
SSE1,GM,J&T Slow,Fri Jul 31 2026 04:00:00 GMT-0300 (Brasilia Standard Time),10
SSE1,GM,J&T Slow,Sat Aug 01 2026 04:00:00 GMT-0300 (Brasilia Standard Time),1
SSE1,GM,J&T Slow,Mon Aug 03 2026 04:00:00 GMT-0300 (Brasilia Standard Time),5
SSE1,GM,J&T Slow,Wed Aug 05 2026 04:00:00 GMT-0300 (Brasilia Standard Time),6
SSE1,GM,J&T Slow,Thu Aug 06 2026 04:00:00 GMT-0300 (Brasilia Standard Time),17
SSE1,GM,J&T Slow,Fri Aug 07 2026 04:00:00 GMT-0300 (Brasilia Standard Time),3
SSE1,GM,Jad,Sat Jul 25 2026 04:00:00 GMT-0300 (Brasilia Standard Time),6
SSE1,GM,Jad,Mon Jul 27 2026 04:00:00 GMT-0300 (Brasilia Standard Time),2
SSE1,GM,Jad,Wed Jul 29 2026 04:00:00 GMT-0300 (Brasilia Standard Time),3
SSE1,GM,Jad,Thu Jul 30 2026 04:00:00 GMT-0300 (Brasilia Standard Time),3
SSE1,GM,Jad,Fri Jul 31 2026 04:00:00 GMT-0300 (Brasilia Standard Time),4
SSE1,GM,Jad,Sat Aug 01 2026 04:00:00 GMT-0300 (Brasilia Standard Time),4
SSE1,GM,Jad,Wed Aug 05 2026 04:00:00 GMT-0300 (Brasilia Standard Time),1
SSE1,GM,Jad,Thu Aug 06 2026 04:00:00 GMT-0300 (Brasilia Standard Time),1
SSE1,GM,Loggi,Sat Jul 25 2026 04:00:00 GMT-0300 (Brasilia Standard Time),1
SSE1,LARGE,Dominalog,Sat Jul 25 2026 04:00:00 GMT-0300 (Brasilia Standard Time),1
SSE1,LARGE,Dominalog,Sat Aug 01 2026 04:00:00 GMT-0300 (Brasilia Standard Time),3
SSE1,LARGE,Dominalog,Thu Aug 06 2026 04:00:00 GMT-0300 (Brasilia Standard Time),2
SSE1,LARGE,J&T Slow,Thu Jul 30 2026 04:00:00 GMT-0300 (Brasilia Standard Time),1
SSE1,LARGE,J&T Slow,Fri Jul 31 2026 04:00:00 GMT-0300 (Brasilia Standard Time),1
SSE1,LARGE,J&T Slow,Sat Aug 01 2026 04:00:00 GMT-0300 (Brasilia Standard Time),1
SSE1,LARGE,Jad,Sat Jul 25 2026 04:00:00 GMT-0300 (Brasilia Standard Time),5
SSE1,LARGE,Jad,Thu Jul 30 2026 04:00:00 GMT-0300 (Brasilia Standard Time),1
SSE1,LARGE,Jad,Fri Jul 31 2026 04:00:00 GMT-0300 (Brasilia Standard Time),2
SSE1,LARGE,Jad,Mon Aug 03 2026 04:00:00 GMT-0300 (Brasilia Standard Time),1
SSE1,LARGE,Jad,Wed Aug 05 2026 04:00:00 GMT-0300 (Brasilia Standard Time),1
SSE1,LARGE,Jad,Thu Aug 06 2026 04:00:00 GMT-0300 (Brasilia Standard Time),1
SSE1,LARGE,Loggi,Sat Jul 25 2026 04:00:00 GMT-0300 (Brasilia Standard Time),1
SSE1,NA,J&T Slow,Tue Aug 11 2026 04:00:00 GMT-0300 (Brasilia Standard Time),1
SSE1,OVERSIZE,Jad,Wed Jul 29 2026 04:00:00 GMT-0300 (Brasilia Standard Time),2
SSE1,OVERSIZE,Jad,Thu Jul 30 2026 04:00:00 GMT-0300 (Brasilia Standard Time),5
SSE1,OVERSIZE,Jad,Fri Jul 31 2026 04:00:00 GMT-0300 (Brasilia Standard Time),2
SSE1,OVERSIZE,Jad,Wed Aug 05 2026 04:00:00 GMT-0300 (Brasilia Standard Time),4
SSE1,OVERSIZE,Jad,Thu Aug 06 2026 04:00:00 GMT-0300 (Brasilia Standard Time),1
SSE1,OVERSIZE,Loggi,Sat Aug 01 2026 04:00:00 GMT-0300 (Brasilia Standard Time),1
SSP10,GM,J&T Slow,Wed Jul 29 2026 04:00:00 GMT-0300 (Brasilia Standard Time),1
SSP10,GM,J&T Slow,Tue Aug 04 2026 04:00:00 GMT-0300 (Brasilia Standard Time),1
SSP10,LARGE,Carvalima,Fri Jul 31 2026 04:00:00 GMT-0300 (Brasilia Standard Time),1
SSP11,GM,Carvalima,Tue Jul 28 2026 04:00:00 GMT-0300 (Brasilia Standard Time),1
SSP11,GM,J&T Fast,Sat Jul 25 2026 04:00:00 GMT-0300 (Brasilia Standard Time),1
SSP11,GM,J&T Fast,Fri Jul 31 2026 04:00:00 GMT-0300 (Brasilia Standard Time),1
SSP11,GM,J&T Slow,Wed Jul 22 2026 04:00:00 GMT-0300 (Brasilia Standard Time),1
SSP11,GM,J&T Slow,Fri Jul 24 2026 04:00:00 GMT-0300 (Brasilia Standard Time),7
SSP11,GM,J&T Slow,Sat Jul 25 2026 04:00:00 GMT-0300 (Brasilia Standard Time),7
SSP11,GM,J&T Slow,Mon Jul 27 2026 04:00:00 GMT-0300 (Brasilia Standard Time),2
SSP11,GM,J&T Slow,Tue Jul 28 2026 04:00:00 GMT-0300 (Brasilia Standard Time),1
SSP11,GM,J&T Slow,Wed Jul 29 2026 04:00:00 GMT-0300 (Brasilia Standard Time),2
SSP11,GM,J&T Slow,Thu Jul 30 2026 04:00:00 GMT-0300 (Brasilia Standard Time),1
SSP11,GM,J&T Slow,Fri Jul 31 2026 04:00:00 GMT-0300 (Brasilia Standard Time),2
SSP11,GM,J&T Slow,Mon Aug 03 2026 04:00:00 GMT-0300 (Brasilia Standard Time),3
SSP11,GM,J&T Slow,Tue Aug 04 2026 04:00:00 GMT-0300 (Brasilia Standard Time),4
SSP11,GM,J&T Slow,Wed Aug 05 2026 04:00:00 GMT-0300 (Brasilia Standard Time),1
SSP11,GM,J&T Slow,Thu Aug 06 2026 04:00:00 GMT-0300 (Brasilia Standard Time),1
SSP11,GM,J&T Slow,Thu Aug 13 2026 04:00:00 GMT-0300 (Brasilia Standard Time),1
SSP11,GM,Jad,Thu Jul 30 2026 04:00:00 GMT-0300 (Brasilia Standard Time),1
SSP11,GM,Jad,Tue Aug 04 2026 04:00:00 GMT-0300 (Brasilia Standard Time),1
SSP11,GM,Loggi,Fri Jul 24 2026 04:00:00 GMT-0300 (Brasilia Standard Time),1
SSP11,GM,Loggi,Tue Jul 28 2026 04:00:00 GMT-0300 (Brasilia Standard Time),2
SSP11,GM,Loggi,Wed Jul 29 2026 04:00:00 GMT-0300 (Brasilia Standard Time),1
SSP11,GM,Loggi,Thu Jul 30 2026 04:00:00 GMT-0300 (Brasilia Standard Time),2
SSP11,GM,Loggi,Fri Jul 31 2026 04:00:00 GMT-0300 (Brasilia Standard Time),2
SSP11,LARGE,J&T Slow,Sat Jul 25 2026 04:00:00 GMT-0300 (Brasilia Standard Time),1
SSP11,LARGE,Jad,Tue Aug 04 2026 04:00:00 GMT-0300 (Brasilia Standard Time),2
SSP12,GM,J&T Slow,Thu Jul 30 2026 04:00:00 GMT-0300 (Brasilia Standard Time),2
SSP12,GM,J&T Slow,Mon Aug 03 2026 04:00:00 GMT-0300 (Brasilia Standard Time),4
SSP12,GM,J&T Slow,Wed Aug 05 2026 04:00:00 GMT-0300 (Brasilia Standard Time),3
SSP12,GM,J&T Slow,Fri Aug 07 2026 04:00:00 GMT-0300 (Brasilia Standard Time),1
SSP12,GM,Loggi,Tue Jul 28 2026 04:00:00 GMT-0300 (Brasilia Standard Time),1
SSP12,GM,Loggi,Wed Jul 29 2026 04:00:00 GMT-0300 (Brasilia Standard Time),2
SSP12,GM,Loggi,Fri Jul 31 2026 04:00:00 GMT-0300 (Brasilia Standard Time),1
SSP12,LARGE,Dominalog,Fri Jul 31 2026 04:00:00 GMT-0300 (Brasilia Standard Time),1
SSP12,LARGE,Jad,Mon Jul 27 2026 04:00:00 GMT-0300 (Brasilia Standard Time),1
SSP12,LARGE,Jad,Fri Jul 31 2026 04:00:00 GMT-0300 (Brasilia Standard Time),1
SSP12,LARGE,Jad,Mon Aug 03 2026 04:00:00 GMT-0300 (Brasilia Standard Time),1
SSP12,LARGE,Jad,Tue Aug 04 2026 04:00:00 GMT-0300 (Brasilia Standard Time),2
SSP12,LARGE,Jad,Thu Aug 06 2026 04:00:00 GMT-0300 (Brasilia Standard Time),1
SSP12,LARGE,Loggi,Wed Aug 05 2026 04:00:00 GMT-0300 (Brasilia Standard Time),1
SSP12,LARGE,Loggi,Thu Aug 06 2026 04:00:00 GMT-0300 (Brasilia Standard Time),1
SSP12,LARGE,Loggi,Tue Aug 11 2026 04:00:00 GMT-0300 (Brasilia Standard Time),1
SSP13,GM,Dominalog,Fri Jul 24 2026 04:00:00 GMT-0300 (Brasilia Standard Time),1
SSP13,GM,J&T Fast,Tue Jul 28 2026 04:00:00 GMT-0300 (Brasilia Standard Time),2
SSP13,GM,J&T Slow,Sat Jul 25 2026 04:00:00 GMT-0300 (Brasilia Standard Time),4
SSP13,GM,J&T Slow,Tue Jul 28 2026 04:00:00 GMT-0300 (Brasilia Standard Time),8
SSP13,GM,J&T Slow,Thu Jul 30 2026 04:00:00 GMT-0300 (Brasilia Standard Time),16
SSP13,GM,J&T Slow,Fri Jul 31 2026 04:00:00 GMT-0300 (Brasilia Standard Time),2
SSP13,GM,J&T Slow,Sat Aug 01 2026 04:00:00 GMT-0300 (Brasilia Standard Time),7
SSP13,GM,J&T Slow,Tue Aug 04 2026 04:00:00 GMT-0300 (Brasilia Standard Time),1
SSP13,GM,J&T Slow,Wed Aug 05 2026 04:00:00 GMT-0300 (Brasilia Standard Time),2
SSP13,GM,J&T Slow,Thu Aug 06 2026 04:00:00 GMT-0300 (Brasilia Standard Time),1
SSP13,GM,Jad,Thu Jul 30 2026 04:00:00 GMT-0300 (Brasilia Standard Time),1
SSP13,GM,Loggi,Wed Jul 22 2026 04:00:00 GMT-0300 (Brasilia Standard Time),1
SSP13,GM,Loggi,Fri Jul 24 2026 04:00:00 GMT-0300 (Brasilia Standard Time),1
SSP13,GM,Loggi,Sat Jul 25 2026 04:00:00 GMT-0300 (Brasilia Standard Time),6
SSP13,GM,Loggi,Tue Jul 28 2026 04:00:00 GMT-0300 (Brasilia Standard Time),4
SSP13,GM,Loggi,Wed Jul 29 2026 04:00:00 GMT-0300 (Brasilia Standard Time),4
SSP13,GM,Loggi,Thu Jul 30 2026 04:00:00 GMT-0300 (Brasilia Standard Time),10
SSP13,GM,Loggi,Fri Jul 31 2026 04:00:00 GMT-0300 (Brasilia Standard Time),1
SSP13,GM,Loggi,Sat Aug 01 2026 04:00:00 GMT-0300 (Brasilia Standard Time),4
SSP13,GM,Loggi,Tue Aug 04 2026 04:00:00 GMT-0300 (Brasilia Standard Time),1
SSP13,GM,Loggi,Wed Aug 05 2026 04:00:00 GMT-0300 (Brasilia Standard Time),2
SSP13,LARGE,Dominalog,Wed Aug 05 2026 04:00:00 GMT-0300 (Brasilia Standard Time),1
SSP13,LARGE,Jad,Wed Jul 29 2026 04:00:00 GMT-0300 (Brasilia Standard Time),1
SSP13,LARGE,Jad,Mon Aug 03 2026 04:00:00 GMT-0300 (Brasilia Standard Time),1
SSP13,LARGE,Jad,Tue Aug 04 2026 04:00:00 GMT-0300 (Brasilia Standard Time),1
SSP13,OVERSIZE,Dominalog,Mon Aug 10 2026 04:00:00 GMT-0300 (Brasilia Standard Time),1
SSP14,GM,J&T Slow,Tue Jul 28 2026 04:00:00 GMT-0300 (Brasilia Standard Time),1
SSP14,GM,J&T Slow,Wed Jul 29 2026 04:00:00 GMT-0300 (Brasilia Standard Time),1
SSP14,GM,J&T Slow,Sat Aug 01 2026 04:00:00 GMT-0300 (Brasilia Standard Time),1
SSP14,GM,J&T Slow,Mon Aug 03 2026 04:00:00 GMT-0300 (Brasilia Standard Time),33
SSP14,GM,J&T Slow,Tue Aug 04 2026 04:00:00 GMT-0300 (Brasilia Standard Time),70
SSP14,GM,J&T Slow,Wed Aug 05 2026 04:00:00 GMT-0300 (Brasilia Standard Time),3
SSP14,GM,J&T Slow,Thu Aug 06 2026 04:00:00 GMT-0300 (Brasilia Standard Time),1
SSP14,GM,Jad,Wed Aug 05 2026 04:00:00 GMT-0300 (Brasilia Standard Time),1
SSP14,GM,Loggi,Fri Jul 24 2026 04:00:00 GMT-0300 (Brasilia Standard Time),1
SSP14,GM,Loggi,Sat Aug 01 2026 04:00:00 GMT-0300 (Brasilia Standard Time),1
SSP14,GM,Loggi,Tue Aug 04 2026 04:00:00 GMT-0300 (Brasilia Standard Time),1
SSP14,GM,Loggi,Wed Aug 05 2026 04:00:00 GMT-0300 (Brasilia Standard Time),2
SSP14,GM,Loggi,Thu Aug 06 2026 04:00:00 GMT-0300 (Brasilia Standard Time),1
SSP14,LARGE,Loggi,Tue Aug 04 2026 04:00:00 GMT-0300 (Brasilia Standard Time),1
SSP14,LARGE,Loggi,Thu Aug 06 2026 04:00:00 GMT-0300 (Brasilia Standard Time),1
SSP15,GM,J&T Fast,Sat Jul 25 2026 04:00:00 GMT-0300 (Brasilia Standard Time),1
SSP15,GM,J&T Fast,Wed Jul 29 2026 04:00:00 GMT-0300 (Brasilia Standard Time),1
SSP15,GM,J&T Slow,Fri Jul 24 2026 04:00:00 GMT-0300 (Brasilia Standard Time),1
SSP15,GM,J&T Slow,Sat Jul 25 2026 04:00:00 GMT-0300 (Brasilia Standard Time),1
SSP15,GM,J&T Slow,Tue Jul 28 2026 04:00:00 GMT-0300 (Brasilia Standard Time),2
SSP15,GM,J&T Slow,Fri Jul 31 2026 04:00:00 GMT-0300 (Brasilia Standard Time),2
SSP15,GM,J&T Slow,Tue Aug 04 2026 04:00:00 GMT-0300 (Brasilia Standard Time),3
SSP15,GM,Loggi,Fri Jul 24 2026 04:00:00 GMT-0300 (Brasilia Standard Time),1
SSP15,GM,Loggi,Sat Jul 25 2026 04:00:00 GMT-0300 (Brasilia Standard Time),1
SSP15,LARGE,Loggi,Thu Jul 30 2026 04:00:00 GMT-0300 (Brasilia Standard Time),1
SSP15,LARGE,Loggi,Fri Jul 31 2026 04:00:00 GMT-0300 (Brasilia Standard Time),1
SSP16,GM,J&T Fast,Wed Jul 29 2026 04:00:00 GMT-0300 (Brasilia Standard Time),1
SSP16,GM,Loggi,Fri Jul 24 2026 04:00:00 GMT-0300 (Brasilia Standard Time),1
SSP16,GM,Loggi,Sat Jul 25 2026 04:00:00 GMT-0300 (Brasilia Standard Time),4
SSP16,GM,Loggi,Mon Jul 27 2026 04:00:00 GMT-0300 (Brasilia Standard Time),1
SSP16,GM,Loggi,Wed Jul 29 2026 04:00:00 GMT-0300 (Brasilia Standard Time),3
SSP16,GM,Loggi,Thu Jul 30 2026 04:00:00 GMT-0300 (Brasilia Standard Time),1
SSP16,GM,Loggi,Fri Jul 31 2026 04:00:00 GMT-0300 (Brasilia Standard Time),1
SSP16,GM,Loggi,Tue Aug 04 2026 04:00:00 GMT-0300 (Brasilia Standard Time),2
SSP16,GM,Loggi,Wed Aug 05 2026 04:00:00 GMT-0300 (Brasilia Standard Time),3
SSP16,GM,Loggi,Thu Aug 06 2026 04:00:00 GMT-0300 (Brasilia Standard Time),1
SSP17,GM,Dominalog,Wed Aug 05 2026 04:00:00 GMT-0300 (Brasilia Standard Time),1
SSP17,GM,Dominalog,Thu Aug 06 2026 04:00:00 GMT-0300 (Brasilia Standard Time),1
SSP17,GM,J&T Fast,Tue Jul 28 2026 04:00:00 GMT-0300 (Brasilia Standard Time),1
SSP17,GM,J&T Fast,Mon Aug 03 2026 04:00:00 GMT-0300 (Brasilia Standard Time),1
SSP17,GM,J&T Fast,Wed Aug 05 2026 04:00:00 GMT-0300 (Brasilia Standard Time),1
SSP17,GM,J&T Slow,Fri Jul 24 2026 04:00:00 GMT-0300 (Brasilia Standard Time),1
SSP17,GM,J&T Slow,Wed Jul 29 2026 04:00:00 GMT-0300 (Brasilia Standard Time),1
SSP17,GM,J&T Slow,Thu Jul 30 2026 04:00:00 GMT-0300 (Brasilia Standard Time),4
SSP17,GM,J&T Slow,Fri Jul 31 2026 04:00:00 GMT-0300 (Brasilia Standard Time),3
SSP17,GM,J&T Slow,Sat Aug 01 2026 04:00:00 GMT-0300 (Brasilia Standard Time),1
SSP17,GM,J&T Slow,Tue Aug 04 2026 04:00:00 GMT-0300 (Brasilia Standard Time),3
SSP17,GM,J&T Slow,Wed Aug 05 2026 04:00:00 GMT-0300 (Brasilia Standard Time),2
SSP17,GM,Loggi,Fri Jul 24 2026 04:00:00 GMT-0300 (Brasilia Standard Time),1
SSP17,GM,Loggi,Sat Jul 25 2026 04:00:00 GMT-0300 (Brasilia Standard Time),1
SSP17,GM,Loggi,Tue Jul 28 2026 04:00:00 GMT-0300 (Brasilia Standard Time),2
SSP17,LARGE,Dominalog,Tue Jul 28 2026 04:00:00 GMT-0300 (Brasilia Standard Time),1
SSP17,LARGE,Dominalog,Wed Jul 29 2026 04:00:00 GMT-0300 (Brasilia Standard Time),1
SSP17,LARGE,Dominalog,Thu Aug 06 2026 04:00:00 GMT-0300 (Brasilia Standard Time),1
SSP17,LARGE,Jad,Tue Aug 04 2026 04:00:00 GMT-0300 (Brasilia Standard Time),2
SSP17,LARGE,Loggi,Sat Aug 01 2026 04:00:00 GMT-0300 (Brasilia Standard Time),1
SSP17,LARGE,Loggi,Mon Aug 03 2026 04:00:00 GMT-0300 (Brasilia Standard Time),1
SSP18,GM,J&T Fast,Fri Jul 24 2026 04:00:00 GMT-0300 (Brasilia Standard Time),1
SSP18,GM,J&T Fast,Wed Jul 29 2026 04:00:00 GMT-0300 (Brasilia Standard Time),1
SSP18,GM,J&T Fast,Sat Aug 01 2026 04:00:00 GMT-0300 (Brasilia Standard Time),1
SSP18,GM,J&T Fast,Mon Aug 03 2026 04:00:00 GMT-0300 (Brasilia Standard Time),2
SSP18,GM,J&T Slow,Fri Jul 24 2026 04:00:00 GMT-0300 (Brasilia Standard Time),3
SSP18,GM,J&T Slow,Sat Jul 25 2026 04:00:00 GMT-0300 (Brasilia Standard Time),2
SSP18,GM,J&T Slow,Tue Jul 28 2026 04:00:00 GMT-0300 (Brasilia Standard Time),1
SSP18,GM,J&T Slow,Wed Jul 29 2026 04:00:00 GMT-0300 (Brasilia Standard Time),3
SSP18,GM,J&T Slow,Thu Jul 30 2026 04:00:00 GMT-0300 (Brasilia Standard Time),1
SSP18,GM,J&T Slow,Fri Jul 31 2026 04:00:00 GMT-0300 (Brasilia Standard Time),3
SSP18,GM,J&T Slow,Sat Aug 01 2026 04:00:00 GMT-0300 (Brasilia Standard Time),2
SSP18,GM,J&T Slow,Mon Aug 03 2026 04:00:00 GMT-0300 (Brasilia Standard Time),1
SSP18,GM,J&T Slow,Tue Aug 04 2026 04:00:00 GMT-0300 (Brasilia Standard Time),5
SSP18,GM,J&T Slow,Fri Aug 07 2026 04:00:00 GMT-0300 (Brasilia Standard Time),8
SSP18,GM,J&T Slow,Sat Aug 08 2026 04:00:00 GMT-0300 (Brasilia Standard Time),2
SSP18,GM,J&T Slow,Mon Aug 10 2026 04:00:00 GMT-0300 (Brasilia Standard Time),3
SSP18,GM,J&T Slow,Tue Aug 11 2026 04:00:00 GMT-0300 (Brasilia Standard Time),1
SSP18,GM,Jad,Fri Jul 24 2026 04:00:00 GMT-0300 (Brasilia Standard Time),1
SSP18,GM,Jad,Mon Jul 27 2026 04:00:00 GMT-0300 (Brasilia Standard Time),1
SSP18,GM,Jad,Thu Jul 30 2026 04:00:00 GMT-0300 (Brasilia Standard Time),1
SSP18,GM,Jad,Fri Jul 31 2026 04:00:00 GMT-0300 (Brasilia Standard Time),1
SSP18,GM,Loggi,Fri Jul 24 2026 04:00:00 GMT-0300 (Brasilia Standard Time),3
SSP18,GM,Loggi,Sat Jul 25 2026 04:00:00 GMT-0300 (Brasilia Standard Time),9
SSP18,GM,Loggi,Mon Jul 27 2026 04:00:00 GMT-0300 (Brasilia Standard Time),11
SSP18,GM,Loggi,Tue Jul 28 2026 04:00:00 GMT-0300 (Brasilia Standard Time),3
SSP18,LARGE,Dominalog,Fri Jul 24 2026 04:00:00 GMT-0300 (Brasilia Standard Time),6
SSP18,LARGE,Dominalog,Sat Jul 25 2026 04:00:00 GMT-0300 (Brasilia Standard Time),8
SSP18,LARGE,Dominalog,Mon Jul 27 2026 04:00:00 GMT-0300 (Brasilia Standard Time),2
SSP18,LARGE,Jad,Fri Jul 24 2026 04:00:00 GMT-0300 (Brasilia Standard Time),3
SSP18,LARGE,Jad,Sat Jul 25 2026 04:00:00 GMT-0300 (Brasilia Standard Time),6
SSP18,LARGE,Jad,Mon Jul 27 2026 04:00:00 GMT-0300 (Brasilia Standard Time),1
SSP18,LARGE,Jad,Tue Jul 28 2026 04:00:00 GMT-0300 (Brasilia Standard Time),1
SSP18,LARGE,Jad,Wed Jul 29 2026 04:00:00 GMT-0300 (Brasilia Standard Time),1
SSP18,LARGE,Loggi,Fri Jul 24 2026 04:00:00 GMT-0300 (Brasilia Standard Time),1
SSP18,LARGE,Loggi,Sat Jul 25 2026 04:00:00 GMT-0300 (Brasilia Standard Time),6
SSP18,LARGE,Loggi,Mon Jul 27 2026 04:00:00 GMT-0300 (Brasilia Standard Time),6
SSP18,OVERSIZE,Dominalog,Fri Jul 24 2026 04:00:00 GMT-0300 (Brasilia Standard Time),4
SSP18,OVERSIZE,Dominalog,Sat Jul 25 2026 04:00:00 GMT-0300 (Brasilia Standard Time),6
SSP20,GM,Dominalog,Sat Aug 08 2026 04:00:00 GMT-0300 (Brasilia Standard Time),1
SSP20,GM,J&T Fast,Sat Jul 25 2026 04:00:00 GMT-0300 (Brasilia Standard Time),1
SSP20,GM,J&T Fast,Tue Jul 28 2026 04:00:00 GMT-0300 (Brasilia Standard Time),1
SSP20,GM,J&T Fast,Sat Aug 01 2026 04:00:00 GMT-0300 (Brasilia Standard Time),2
SSP20,GM,J&T Fast,Mon Aug 03 2026 04:00:00 GMT-0300 (Brasilia Standard Time),1
SSP20,GM,J&T Slow,Wed Jul 22 2026 04:00:00 GMT-0300 (Brasilia Standard Time),3
SSP20,GM,J&T Slow,Fri Jul 24 2026 04:00:00 GMT-0300 (Brasilia Standard Time),4
SSP20,GM,J&T Slow,Sat Jul 25 2026 04:00:00 GMT-0300 (Brasilia Standard Time),1
SSP20,GM,J&T Slow,Mon Jul 27 2026 04:00:00 GMT-0300 (Brasilia Standard Time),2
SSP20,GM,J&T Slow,Tue Jul 28 2026 04:00:00 GMT-0300 (Brasilia Standard Time),3
SSP20,GM,J&T Slow,Wed Jul 29 2026 04:00:00 GMT-0300 (Brasilia Standard Time),2
SSP20,GM,J&T Slow,Thu Jul 30 2026 04:00:00 GMT-0300 (Brasilia Standard Time),4
SSP20,GM,J&T Slow,Fri Jul 31 2026 04:00:00 GMT-0300 (Brasilia Standard Time),4
SSP20,GM,J&T Slow,Sat Aug 01 2026 04:00:00 GMT-0300 (Brasilia Standard Time),33
SSP20,GM,J&T Slow,Mon Aug 03 2026 04:00:00 GMT-0300 (Brasilia Standard Time),1
SSP20,GM,J&T Slow,Tue Aug 04 2026 04:00:00 GMT-0300 (Brasilia Standard Time),7
SSP20,GM,J&T Slow,Wed Aug 05 2026 04:00:00 GMT-0300 (Brasilia Standard Time),1
SSP20,GM,J&T Slow,Fri Aug 07 2026 04:00:00 GMT-0300 (Brasilia Standard Time),1
SSP20,GM,Jad,Sat Aug 01 2026 04:00:00 GMT-0300 (Brasilia Standard Time),8
SSP20,GM,Loggi,Thu Jul 23 2026 04:00:00 GMT-0300 (Brasilia Standard Time),1
SSP20,GM,Loggi,Thu Jul 30 2026 04:00:00 GMT-0300 (Brasilia Standard Time),1
SSP20,GM,Loggi,Fri Jul 31 2026 04:00:00 GMT-0300 (Brasilia Standard Time),1
SSP20,GM,Loggi,Sat Aug 01 2026 04:00:00 GMT-0300 (Brasilia Standard Time),45
SSP20,GM,Loggi,Mon Aug 03 2026 04:00:00 GMT-0300 (Brasilia Standard Time),2
SSP20,GM,Loggi,Tue Aug 04 2026 04:00:00 GMT-0300 (Brasilia Standard Time),2
SSP20,LARGE,Dominalog,Mon Jul 27 2026 04:00:00 GMT-0300 (Brasilia Standard Time),1
SSP20,LARGE,Dominalog,Tue Jul 28 2026 04:00:00 GMT-0300 (Brasilia Standard Time),1
SSP20,LARGE,Dominalog,Mon Aug 03 2026 04:00:00 GMT-0300 (Brasilia Standard Time),1
SSP20,LARGE,Dominalog,Thu Aug 06 2026 04:00:00 GMT-0300 (Brasilia Standard Time),1
SSP20,LARGE,Jad,Tue Aug 04 2026 04:00:00 GMT-0300 (Brasilia Standard Time),1
SSP20,LARGE,Loggi,Wed Jul 29 2026 04:00:00 GMT-0300 (Brasilia Standard Time),1
SSP20,LARGE,Loggi,Sat Aug 01 2026 04:00:00 GMT-0300 (Brasilia Standard Time),4
SSP20,LARGE,Loggi,Mon Aug 03 2026 04:00:00 GMT-0300 (Brasilia Standard Time),1
SSP20,OVERSIZE,Dominalog,Thu Jul 30 2026 04:00:00 GMT-0300 (Brasilia Standard Time),1
SSP21,GM,Dominalog,Tue Aug 04 2026 04:00:00 GMT-0300 (Brasilia Standard Time),1
SSP21,GM,Dominalog,Wed Aug 05 2026 04:00:00 GMT-0300 (Brasilia Standard Time),1
SSP21,GM,J&T Slow,Tue Jul 28 2026 04:00:00 GMT-0300 (Brasilia Standard Time),2
SSP21,GM,J&T Slow,Thu Jul 30 2026 04:00:00 GMT-0300 (Brasilia Standard Time),1
SSP21,GM,J&T Slow,Fri Jul 31 2026 04:00:00 GMT-0300 (Brasilia Standard Time),1
SSP21,GM,J&T Slow,Mon Aug 03 2026 04:00:00 GMT-0300 (Brasilia Standard Time),1
SSP21,GM,J&T Slow,Tue Aug 04 2026 04:00:00 GMT-0300 (Brasilia Standard Time),3
SSP21,GM,J&T Slow,Mon Aug 10 2026 04:00:00 GMT-0300 (Brasilia Standard Time),2
SSP21,GM,Loggi,Thu Jul 30 2026 04:00:00 GMT-0300 (Brasilia Standard Time),1
SSP21,GM,Loggi,Tue Aug 04 2026 04:00:00 GMT-0300 (Brasilia Standard Time),1
SSP22,GM,J&T Fast,Tue Aug 04 2026 04:00:00 GMT-0300 (Brasilia Standard Time),1
SSP22,GM,J&T Slow,Fri Jul 24 2026 04:00:00 GMT-0300 (Brasilia Standard Time),3
SSP22,GM,J&T Slow,Sat Jul 25 2026 04:00:00 GMT-0300 (Brasilia Standard Time),1
SSP22,GM,J&T Slow,Tue Jul 28 2026 04:00:00 GMT-0300 (Brasilia Standard Time),2
SSP22,GM,J&T Slow,Wed Jul 29 2026 04:00:00 GMT-0300 (Brasilia Standard Time),3
SSP22,GM,J&T Slow,Thu Jul 30 2026 04:00:00 GMT-0300 (Brasilia Standard Time),3
SSP22,GM,J&T Slow,Fri Jul 31 2026 04:00:00 GMT-0300 (Brasilia Standard Time),1
SSP22,GM,J&T Slow,Tue Aug 04 2026 04:00:00 GMT-0300 (Brasilia Standard Time),4
SSP22,GM,J&T Slow,Wed Aug 05 2026 04:00:00 GMT-0300 (Brasilia Standard Time),5
SSP22,GM,J&T Slow,Sat Aug 08 2026 04:00:00 GMT-0300 (Brasilia Standard Time),1
SSP22,GM,Loggi,Fri Jul 24 2026 04:00:00 GMT-0300 (Brasilia Standard Time),2
SSP22,GM,Loggi,Sat Jul 25 2026 04:00:00 GMT-0300 (Brasilia Standard Time),1
SSP22,GM,Loggi,Tue Jul 28 2026 04:00:00 GMT-0300 (Brasilia Standard Time),1
SSP22,GM,Loggi,Wed Jul 29 2026 04:00:00 GMT-0300 (Brasilia Standard Time),1
SSP22,GM,Loggi,Thu Jul 30 2026 04:00:00 GMT-0300 (Brasilia Standard Time),1
SSP22,GM,Loggi,Sat Aug 01 2026 04:00:00 GMT-0300 (Brasilia Standard Time),1
SSP22,GM,Loggi,Tue Aug 04 2026 04:00:00 GMT-0300 (Brasilia Standard Time),1
SSP22,GM,Loggi,Wed Aug 05 2026 04:00:00 GMT-0300 (Brasilia Standard Time),1
SSP22,GM,Loggi,Fri Aug 07 2026 04:00:00 GMT-0300 (Brasilia Standard Time),1
SSP22,GM,Loggi,Sat Aug 08 2026 04:00:00 GMT-0300 (Brasilia Standard Time),1
SSP23,GM,Dominalog,Sat Jul 25 2026 04:00:00 GMT-0300 (Brasilia Standard Time),1
SSP23,GM,J&T Slow,Fri Jul 31 2026 04:00:00 GMT-0300 (Brasilia Standard Time),1
SSP23,GM,J&T Slow,Tue Aug 04 2026 04:00:00 GMT-0300 (Brasilia Standard Time),5
SSP23,GM,J&T Slow,Thu Aug 06 2026 04:00:00 GMT-0300 (Brasilia Standard Time),1
SSP23,GM,Jad,Sat Jul 25 2026 04:00:00 GMT-0300 (Brasilia Standard Time),1
SSP23,GM,Jad,Mon Jul 27 2026 04:00:00 GMT-0300 (Brasilia Standard Time),1
SSP23,GM,Loggi,Sat Jul 25 2026 04:00:00 GMT-0300 (Brasilia Standard Time),3
SSP23,GM,Loggi,Tue Jul 28 2026 04:00:00 GMT-0300 (Brasilia Standard Time),1
SSP23,GM,Loggi,Wed Jul 29 2026 04:00:00 GMT-0300 (Brasilia Standard Time),1
SSP23,GM,Loggi,Thu Jul 30 2026 04:00:00 GMT-0300 (Brasilia Standard Time),1
SSP23,GM,Loggi,Tue Aug 04 2026 04:00:00 GMT-0300 (Brasilia Standard Time),1
SSP23,GM,Loggi,Fri Aug 07 2026 04:00:00 GMT-0300 (Brasilia Standard Time),1
SSP23,LARGE,Jad,Sat Jul 25 2026 04:00:00 GMT-0300 (Brasilia Standard Time),1
SSP23,LARGE,Jad,Thu Jul 30 2026 04:00:00 GMT-0300 (Brasilia Standard Time),1
SSP23,LARGE,Loggi,Sat Jul 25 2026 04:00:00 GMT-0300 (Brasilia Standard Time),1
SSP24,GM,J&T Fast,Thu Jul 30 2026 04:00:00 GMT-0300 (Brasilia Standard Time),1
SSP24,GM,J&T Fast,Fri Jul 31 2026 04:00:00 GMT-0300 (Brasilia Standard Time),1
SSP24,GM,J&T Slow,Fri Jul 24 2026 04:00:00 GMT-0300 (Brasilia Standard Time),1
SSP24,GM,J&T Slow,Tue Jul 28 2026 04:00:00 GMT-0300 (Brasilia Standard Time),5
SSP24,GM,J&T Slow,Wed Jul 29 2026 04:00:00 GMT-0300 (Brasilia Standard Time),1
SSP24,GM,J&T Slow,Mon Aug 03 2026 04:00:00 GMT-0300 (Brasilia Standard Time),17
SSP24,GM,J&T Slow,Thu Aug 06 2026 04:00:00 GMT-0300 (Brasilia Standard Time),2
SSP24,GM,J&T Slow,Fri Aug 14 2026 04:00:00 GMT-0300 (Brasilia Standard Time),1
SSP24,GM,Jad,Sat Jul 25 2026 04:00:00 GMT-0300 (Brasilia Standard Time),1
SSP24,GM,Jad,Mon Jul 27 2026 04:00:00 GMT-0300 (Brasilia Standard Time),1
SSP24,GM,Jad,Wed Jul 29 2026 04:00:00 GMT-0300 (Brasilia Standard Time),1
SSP24,GM,Jad,Thu Jul 30 2026 04:00:00 GMT-0300 (Brasilia Standard Time),1
SSP24,GM,Jad,Mon Aug 03 2026 04:00:00 GMT-0300 (Brasilia Standard Time),1
SSP24,GM,Loggi,Sat Jul 25 2026 04:00:00 GMT-0300 (Brasilia Standard Time),1
SSP24,GM,Loggi,Tue Jul 28 2026 04:00:00 GMT-0300 (Brasilia Standard Time),3
SSP24,GM,Loggi,Mon Aug 03 2026 04:00:00 GMT-0300 (Brasilia Standard Time),4
SSP24,GM,Loggi,Tue Aug 04 2026 04:00:00 GMT-0300 (Brasilia Standard Time),3
SSP24,GM,Loggi,Wed Aug 05 2026 04:00:00 GMT-0300 (Brasilia Standard Time),1
SSP24,GM,Loggi,Thu Aug 06 2026 04:00:00 GMT-0300 (Brasilia Standard Time),1
SSP24,GM,Loggi,Fri Aug 07 2026 04:00:00 GMT-0300 (Brasilia Standard Time),1
SSP24,GM,Loggi,Tue Aug 11 2026 04:00:00 GMT-0300 (Brasilia Standard Time),1
SSP24,LARGE,Jad,Sat Aug 08 2026 04:00:00 GMT-0300 (Brasilia Standard Time),1
SSP24,LARGE,Jad,Mon Aug 10 2026 04:00:00 GMT-0300 (Brasilia Standard Time),1
SSP25,GM,J&T Fast,Tue Jul 28 2026 04:00:00 GMT-0300 (Brasilia Standard Time),1
SSP25,GM,J&T Fast,Wed Jul 29 2026 04:00:00 GMT-0300 (Brasilia Standard Time),1
SSP25,GM,J&T Slow,Mon Jul 27 2026 04:00:00 GMT-0300 (Brasilia Standard Time),2
SSP25,GM,J&T Slow,Tue Jul 28 2026 04:00:00 GMT-0300 (Brasilia Standard Time),2
SSP25,GM,J&T Slow,Wed Jul 29 2026 04:00:00 GMT-0300 (Brasilia Standard Time),1
SSP25,GM,J&T Slow,Sat Aug 01 2026 04:00:00 GMT-0300 (Brasilia Standard Time),1
SSP25,GM,J&T Slow,Tue Aug 04 2026 04:00:00 GMT-0300 (Brasilia Standard Time),6
SSP25,GM,Loggi,Tue Jul 28 2026 04:00:00 GMT-0300 (Brasilia Standard Time),1
SSP25,LARGE,Dominalog,Wed Jul 29 2026 04:00:00 GMT-0300 (Brasilia Standard Time),1
SSP25,OVERSIZE,Dominalog,Tue Jul 28 2026 04:00:00 GMT-0300 (Brasilia Standard Time),2
SSP25,OVERSIZE,Dominalog,Wed Jul 29 2026 04:00:00 GMT-0300 (Brasilia Standard Time),1
SSP26,GM,J&T Fast,Tue Jul 28 2026 04:00:00 GMT-0300 (Brasilia Standard Time),1
SSP26,GM,J&T Fast,Wed Jul 29 2026 04:00:00 GMT-0300 (Brasilia Standard Time),1
SSP26,GM,J&T Slow,Fri Jul 24 2026 04:00:00 GMT-0300 (Brasilia Standard Time),1
SSP26,GM,J&T Slow,Sat Jul 25 2026 04:00:00 GMT-0300 (Brasilia Standard Time),10
SSP26,GM,J&T Slow,Fri Jul 31 2026 04:00:00 GMT-0300 (Brasilia Standard Time),10
SSP26,GM,J&T Slow,Sat Aug 01 2026 04:00:00 GMT-0300 (Brasilia Standard Time),1
SSP26,GM,J&T Slow,Tue Aug 04 2026 04:00:00 GMT-0300 (Brasilia Standard Time),3
SSP26,GM,Jad,Sat Jul 25 2026 04:00:00 GMT-0300 (Brasilia Standard Time),3
SSP26,GM,Jad,Mon Aug 03 2026 04:00:00 GMT-0300 (Brasilia Standard Time),1
SSP26,GM,Jad,Tue Aug 04 2026 04:00:00 GMT-0300 (Brasilia Standard Time),1
SSP26,GM,Loggi,Fri Jul 24 2026 04:00:00 GMT-0300 (Brasilia Standard Time),3
SSP26,GM,Loggi,Sat Jul 25 2026 04:00:00 GMT-0300 (Brasilia Standard Time),4
SSP26,GM,Loggi,Mon Jul 27 2026 04:00:00 GMT-0300 (Brasilia Standard Time),1
SSP26,GM,Loggi,Tue Jul 28 2026 04:00:00 GMT-0300 (Brasilia Standard Time),2
SSP26,GM,Loggi,Wed Jul 29 2026 04:00:00 GMT-0300 (Brasilia Standard Time),1
SSP26,GM,Loggi,Fri Jul 31 2026 04:00:00 GMT-0300 (Brasilia Standard Time),1
SSP26,GM,Loggi,Sat Aug 01 2026 04:00:00 GMT-0300 (Brasilia Standard Time),1
SSP26,LARGE,Dominalog,Thu Jul 30 2026 04:00:00 GMT-0300 (Brasilia Standard Time),1
SSP26,LARGE,Dominalog,Fri Jul 31 2026 04:00:00 GMT-0300 (Brasilia Standard Time),1
SSP26,LARGE,Jad,Sat Jul 25 2026 04:00:00 GMT-0300 (Brasilia Standard Time),2
SSP26,LARGE,Jad,Tue Jul 28 2026 04:00:00 GMT-0300 (Brasilia Standard Time),1
SSP26,LARGE,Loggi,Sat Jul 25 2026 04:00:00 GMT-0300 (Brasilia Standard Time),1
SSP26,LARGE,Loggi,Tue Jul 28 2026 04:00:00 GMT-0300 (Brasilia Standard Time),1
SSP26,LARGE,Loggi,Sat Aug 01 2026 04:00:00 GMT-0300 (Brasilia Standard Time),1
SSP26,LARGE,Loggi,Tue Aug 04 2026 04:00:00 GMT-0300 (Brasilia Standard Time),1
SSP26,OVERSIZE,Dominalog,Sat Jul 25 2026 04:00:00 GMT-0300 (Brasilia Standard Time),1
SSP27,GM,J&T Fast,Thu Jul 30 2026 04:00:00 GMT-0300 (Brasilia Standard Time),1
SSP27,GM,J&T Slow,Fri Jul 24 2026 04:00:00 GMT-0300 (Brasilia Standard Time),1
SSP27,GM,J&T Slow,Sat Jul 25 2026 04:00:00 GMT-0300 (Brasilia Standard Time),1
SSP27,GM,J&T Slow,Mon Jul 27 2026 04:00:00 GMT-0300 (Brasilia Standard Time),1
SSP27,GM,J&T Slow,Tue Jul 28 2026 04:00:00 GMT-0300 (Brasilia Standard Time),2
SSP27,GM,J&T Slow,Thu Jul 30 2026 04:00:00 GMT-0300 (Brasilia Standard Time),2
SSP27,GM,J&T Slow,Sat Aug 01 2026 04:00:00 GMT-0300 (Brasilia Standard Time),1
SSP27,GM,J&T Slow,Mon Aug 03 2026 04:00:00 GMT-0300 (Brasilia Standard Time),2
SSP27,GM,J&T Slow,Tue Aug 04 2026 04:00:00 GMT-0300 (Brasilia Standard Time),1
SSP27,GM,J&T Slow,Wed Aug 05 2026 04:00:00 GMT-0300 (Brasilia Standard Time),2
SSP27,GM,Loggi,Tue Aug 04 2026 04:00:00 GMT-0300 (Brasilia Standard Time),1
SSP27,LARGE,Dominalog,Mon Jul 27 2026 04:00:00 GMT-0300 (Brasilia Standard Time),1
SSP27,LARGE,Jad,Tue Aug 04 2026 04:00:00 GMT-0300 (Brasilia Standard Time),2
SSP27,LARGE,Jad,Sat Aug 08 2026 04:00:00 GMT-0300 (Brasilia Standard Time),1
SSP27,LARGE,Loggi,Tue Aug 04 2026 04:00:00 GMT-0300 (Brasilia Standard Time),1
SSP27,LARGE,Loggi,Sat Aug 15 2026 04:00:00 GMT-0300 (Brasilia Standard Time),1
SSP28,GM,J&T Fast,Thu Aug 06 2026 04:00:00 GMT-0300 (Brasilia Standard Time),1
SSP28,GM,J&T Slow,Sat Jul 25 2026 04:00:00 GMT-0300 (Brasilia Standard Time),1
SSP28,GM,J&T Slow,Tue Jul 28 2026 04:00:00 GMT-0300 (Brasilia Standard Time),1
SSP28,GM,J&T Slow,Thu Jul 30 2026 04:00:00 GMT-0300 (Brasilia Standard Time),5
SSP28,GM,J&T Slow,Fri Jul 31 2026 04:00:00 GMT-0300 (Brasilia Standard Time),1
SSP28,GM,J&T Slow,Tue Aug 04 2026 04:00:00 GMT-0300 (Brasilia Standard Time),1
SSP28,GM,J&T Slow,Wed Aug 05 2026 04:00:00 GMT-0300 (Brasilia Standard Time),1
SSP28,GM,Jad,Sat Jul 25 2026 04:00:00 GMT-0300 (Brasilia Standard Time),1
SSP28,GM,Jad,Tue Jul 28 2026 04:00:00 GMT-0300 (Brasilia Standard Time),2
SSP28,GM,Jad,Wed Jul 29 2026 04:00:00 GMT-0300 (Brasilia Standard Time),2
SSP28,LARGE,Carvalima,Tue Aug 04 2026 04:00:00 GMT-0300 (Brasilia Standard Time),1
SSP28,LARGE,Jad,Wed Aug 19 2026 04:00:00 GMT-0300 (Brasilia Standard Time),1
SSP29,GM,J&T Fast,Fri Jul 24 2026 04:00:00 GMT-0300 (Brasilia Standard Time),1
SSP29,GM,J&T Fast,Wed Jul 29 2026 04:00:00 GMT-0300 (Brasilia Standard Time),1
SSP29,GM,J&T Slow,Thu Jul 30 2026 04:00:00 GMT-0300 (Brasilia Standard Time),1
SSP29,GM,J&T Slow,Fri Jul 31 2026 04:00:00 GMT-0300 (Brasilia Standard Time),1
SSP29,GM,J&T Slow,Sat Aug 01 2026 04:00:00 GMT-0300 (Brasilia Standard Time),1
SSP29,GM,J&T Slow,Tue Aug 04 2026 04:00:00 GMT-0300 (Brasilia Standard Time),6
SSP29,GM,Jad,Tue Jul 28 2026 04:00:00 GMT-0300 (Brasilia Standard Time),1
SSP29,GM,Loggi,Sat Jul 25 2026 04:00:00 GMT-0300 (Brasilia Standard Time),1
SSP29,GM,Loggi,Tue Jul 28 2026 04:00:00 GMT-0300 (Brasilia Standard Time),1
SSP29,LARGE,Dominalog,Sat Jul 25 2026 04:00:00 GMT-0300 (Brasilia Standard Time),1
SSP29,LARGE,Dominalog,Mon Jul 27 2026 04:00:00 GMT-0300 (Brasilia Standard Time),1
SSP29,LARGE,Dominalog,Thu Jul 30 2026 04:00:00 GMT-0300 (Brasilia Standard Time),1
SSP29,LARGE,Jad,Wed Jul 22 2026 04:00:00 GMT-0300 (Brasilia Standard Time),1
SSP29,LARGE,Jad,Wed Jul 29 2026 04:00:00 GMT-0300 (Brasilia Standard Time),1
SSP29,LARGE,Jad,Thu Jul 30 2026 04:00:00 GMT-0300 (Brasilia Standard Time),1
SSP29,LARGE,Jad,Sat Aug 01 2026 04:00:00 GMT-0300 (Brasilia Standard Time),1
SSP29,LARGE,Jad,Tue Aug 18 2026 04:00:00 GMT-0300 (Brasilia Standard Time),1
SSP29,LARGE,Loggi,Thu Jul 23 2026 04:00:00 GMT-0300 (Brasilia Standard Time),1
SSP29,LARGE,Loggi,Tue Aug 04 2026 04:00:00 GMT-0300 (Brasilia Standard Time),1
SSP29,OVERSIZE,Jad,Mon Jul 27 2026 04:00:00 GMT-0300 (Brasilia Standard Time),1
SSP29,OVERSIZE,Jad,Wed Jul 29 2026 04:00:00 GMT-0300 (Brasilia Standard Time),1
SSP3,GM,J&T Fast,Fri Jul 24 2026 04:00:00 GMT-0300 (Brasilia Standard Time),2
SSP3,GM,J&T Fast,Sat Jul 25 2026 04:00:00 GMT-0300 (Brasilia Standard Time),14
SSP3,GM,J&T Fast,Mon Jul 27 2026 04:00:00 GMT-0300 (Brasilia Standard Time),1
SSP3,GM,J&T Fast,Tue Jul 28 2026 04:00:00 GMT-0300 (Brasilia Standard Time),13
SSP3,GM,J&T Fast,Wed Jul 29 2026 04:00:00 GMT-0300 (Brasilia Standard Time),72
SSP3,GM,J&T Fast,Thu Jul 30 2026 04:00:00 GMT-0300 (Brasilia Standard Time),10
SSP3,GM,J&T Fast,Fri Jul 31 2026 04:00:00 GMT-0300 (Brasilia Standard Time),2
SSP3,GM,J&T Fast,Sat Aug 01 2026 04:00:00 GMT-0300 (Brasilia Standard Time),1
SSP3,GM,J&T Fast,Mon Aug 03 2026 04:00:00 GMT-0300 (Brasilia Standard Time),1
SSP3,GM,J&T Fast,Tue Aug 04 2026 04:00:00 GMT-0300 (Brasilia Standard Time),39
SSP3,GM,J&T Fast,Wed Aug 05 2026 04:00:00 GMT-0300 (Brasilia Standard Time),99
SSP3,GM,J&T Fast,Thu Aug 06 2026 04:00:00 GMT-0300 (Brasilia Standard Time),1
SSP3,GM,J&T Slow,Fri Jul 24 2026 04:00:00 GMT-0300 (Brasilia Standard Time),41
SSP3,GM,J&T Slow,Sat Jul 25 2026 04:00:00 GMT-0300 (Brasilia Standard Time),80
SSP3,GM,J&T Slow,Tue Jul 28 2026 04:00:00 GMT-0300 (Brasilia Standard Time),49
SSP3,GM,J&T Slow,Wed Jul 29 2026 04:00:00 GMT-0300 (Brasilia Standard Time),42
SSP3,GM,J&T Slow,Thu Jul 30 2026 04:00:00 GMT-0300 (Brasilia Standard Time),7
SSP3,GM,J&T Slow,Fri Jul 31 2026 04:00:00 GMT-0300 (Brasilia Standard Time),3
SSP3,GM,J&T Slow,Sat Aug 01 2026 04:00:00 GMT-0300 (Brasilia Standard Time),7
SSP3,GM,J&T Slow,Mon Aug 03 2026 04:00:00 GMT-0300 (Brasilia Standard Time),3
SSP3,GM,J&T Slow,Tue Aug 04 2026 04:00:00 GMT-0300 (Brasilia Standard Time),92
SSP3,GM,J&T Slow,Wed Aug 05 2026 04:00:00 GMT-0300 (Brasilia Standard Time),25
SSP3,GM,J&T Slow,Thu Aug 06 2026 04:00:00 GMT-0300 (Brasilia Standard Time),2
SSP3,GM,J&T Slow,Fri Aug 07 2026 04:00:00 GMT-0300 (Brasilia Standard Time),1
SSP3,GM,Jad,Wed Jul 29 2026 04:00:00 GMT-0300 (Brasilia Standard Time),1
SSP3,GM,Jad,Tue Aug 04 2026 04:00:00 GMT-0300 (Brasilia Standard Time),2
SSP3,GM,Jad,Wed Aug 05 2026 04:00:00 GMT-0300 (Brasilia Standard Time),2
SSP3,GM,Loggi,Wed Jul 22 2026 04:00:00 GMT-0300 (Brasilia Standard Time),7
SSP3,GM,Loggi,Thu Jul 23 2026 04:00:00 GMT-0300 (Brasilia Standard Time),2
SSP3,GM,Loggi,Fri Jul 24 2026 04:00:00 GMT-0300 (Brasilia Standard Time),42
SSP3,GM,Loggi,Sat Jul 25 2026 04:00:00 GMT-0300 (Brasilia Standard Time),62
SSP3,GM,Loggi,Mon Jul 27 2026 04:00:00 GMT-0300 (Brasilia Standard Time),4
SSP3,GM,Loggi,Tue Jul 28 2026 04:00:00 GMT-0300 (Brasilia Standard Time),34
SSP3,GM,Loggi,Wed Jul 29 2026 04:00:00 GMT-0300 (Brasilia Standard Time),65
SSP3,GM,Loggi,Thu Jul 30 2026 04:00:00 GMT-0300 (Brasilia Standard Time),27
SSP3,GM,Loggi,Fri Jul 31 2026 04:00:00 GMT-0300 (Brasilia Standard Time),6
SSP3,GM,Loggi,Sat Aug 01 2026 04:00:00 GMT-0300 (Brasilia Standard Time),5
SSP3,GM,Loggi,Tue Aug 04 2026 04:00:00 GMT-0300 (Brasilia Standard Time),62
SSP3,GM,Loggi,Wed Aug 05 2026 04:00:00 GMT-0300 (Brasilia Standard Time),70
SSP3,GM,Loggi,Thu Aug 06 2026 04:00:00 GMT-0300 (Brasilia Standard Time),1
SSP3,LARGE,Dominalog,Wed Jul 22 2026 04:00:00 GMT-0300 (Brasilia Standard Time),1
SSP3,LARGE,Dominalog,Fri Jul 24 2026 04:00:00 GMT-0300 (Brasilia Standard Time),1
SSP3,LARGE,Dominalog,Sat Jul 25 2026 04:00:00 GMT-0300 (Brasilia Standard Time),2
SSP3,LARGE,Dominalog,Tue Jul 28 2026 04:00:00 GMT-0300 (Brasilia Standard Time),2
SSP3,LARGE,Dominalog,Wed Jul 29 2026 04:00:00 GMT-0300 (Brasilia Standard Time),3
SSP3,LARGE,Dominalog,Fri Jul 31 2026 04:00:00 GMT-0300 (Brasilia Standard Time),1
SSP3,LARGE,Dominalog,Tue Aug 04 2026 04:00:00 GMT-0300 (Brasilia Standard Time),4
SSP3,LARGE,Dominalog,Wed Aug 05 2026 04:00:00 GMT-0300 (Brasilia Standard Time),2
SSP3,LARGE,J&T Fast,Wed Aug 05 2026 04:00:00 GMT-0300 (Brasilia Standard Time),1
SSP3,LARGE,J&T Slow,Fri Jul 24 2026 04:00:00 GMT-0300 (Brasilia Standard Time),2
SSP3,LARGE,J&T Slow,Wed Jul 29 2026 04:00:00 GMT-0300 (Brasilia Standard Time),1
SSP3,LARGE,J&T Slow,Tue Aug 04 2026 04:00:00 GMT-0300 (Brasilia Standard Time),2
SSP3,LARGE,J&T Slow,Wed Aug 05 2026 04:00:00 GMT-0300 (Brasilia Standard Time),1
SSP3,LARGE,Jad,Wed Jul 22 2026 04:00:00 GMT-0300 (Brasilia Standard Time),1
SSP3,LARGE,Jad,Sat Jul 25 2026 04:00:00 GMT-0300 (Brasilia Standard Time),2
SSP3,LARGE,Jad,Wed Jul 29 2026 04:00:00 GMT-0300 (Brasilia Standard Time),3
SSP3,LARGE,Jad,Thu Jul 30 2026 04:00:00 GMT-0300 (Brasilia Standard Time),2
SSP3,LARGE,Jad,Wed Aug 05 2026 04:00:00 GMT-0300 (Brasilia Standard Time),1
SSP3,LARGE,Loggi,Fri Jul 24 2026 04:00:00 GMT-0300 (Brasilia Standard Time),3
SSP3,LARGE,Loggi,Sat Jul 25 2026 04:00:00 GMT-0300 (Brasilia Standard Time),4
SSP3,LARGE,Loggi,Tue Jul 28 2026 04:00:00 GMT-0300 (Brasilia Standard Time),3
SSP3,LARGE,Loggi,Wed Jul 29 2026 04:00:00 GMT-0300 (Brasilia Standard Time),8
SSP3,LARGE,Loggi,Thu Jul 30 2026 04:00:00 GMT-0300 (Brasilia Standard Time),6
SSP3,LARGE,Loggi,Tue Aug 04 2026 04:00:00 GMT-0300 (Brasilia Standard Time),4
SSP3,LARGE,Loggi,Wed Aug 05 2026 04:00:00 GMT-0300 (Brasilia Standard Time),4
SSP3,OVERSIZE,Dominalog,Fri Jul 24 2026 04:00:00 GMT-0300 (Brasilia Standard Time),1
SSP3,OVERSIZE,Dominalog,Sat Jul 25 2026 04:00:00 GMT-0300 (Brasilia Standard Time),6
SSP3,OVERSIZE,Dominalog,Mon Jul 27 2026 04:00:00 GMT-0300 (Brasilia Standard Time),2
SSP3,OVERSIZE,Dominalog,Tue Jul 28 2026 04:00:00 GMT-0300 (Brasilia Standard Time),1
SSP3,OVERSIZE,Dominalog,Wed Jul 29 2026 04:00:00 GMT-0300 (Brasilia Standard Time),1
SSP3,OVERSIZE,Dominalog,Thu Jul 30 2026 04:00:00 GMT-0300 (Brasilia Standard Time),4
SSP3,OVERSIZE,Dominalog,Fri Jul 31 2026 04:00:00 GMT-0300 (Brasilia Standard Time),1
SSP3,OVERSIZE,Dominalog,Sat Aug 01 2026 04:00:00 GMT-0300 (Brasilia Standard Time),1
SSP3,OVERSIZE,Dominalog,Wed Aug 05 2026 04:00:00 GMT-0300 (Brasilia Standard Time),1
SSP3,OVERSIZE,Jad,Thu Jul 23 2026 04:00:00 GMT-0300 (Brasilia Standard Time),1
SSP30,GM,Dominalog,Thu Jul 30 2026 04:00:00 GMT-0300 (Brasilia Standard Time),1
SSP30,GM,Dominalog,Mon Aug 03 2026 04:00:00 GMT-0300 (Brasilia Standard Time),1
SSP30,GM,J&T Fast,Fri Jul 24 2026 04:00:00 GMT-0300 (Brasilia Standard Time),1
SSP30,GM,J&T Fast,Wed Jul 29 2026 04:00:00 GMT-0300 (Brasilia Standard Time),1
SSP30,GM,J&T Fast,Wed Aug 05 2026 04:00:00 GMT-0300 (Brasilia Standard Time),3
SSP30,GM,J&T Slow,Wed Jul 22 2026 04:00:00 GMT-0300 (Brasilia Standard Time),1
SSP30,GM,J&T Slow,Sat Jul 25 2026 04:00:00 GMT-0300 (Brasilia Standard Time),3
SSP30,GM,J&T Slow,Mon Jul 27 2026 04:00:00 GMT-0300 (Brasilia Standard Time),2
SSP30,GM,J&T Slow,Tue Jul 28 2026 04:00:00 GMT-0300 (Brasilia Standard Time),1
SSP30,GM,J&T Slow,Wed Jul 29 2026 04:00:00 GMT-0300 (Brasilia Standard Time),1
SSP30,GM,J&T Slow,Thu Jul 30 2026 04:00:00 GMT-0300 (Brasilia Standard Time),3
SSP30,GM,J&T Slow,Fri Jul 31 2026 04:00:00 GMT-0300 (Brasilia Standard Time),6
SSP30,GM,J&T Slow,Sat Aug 01 2026 04:00:00 GMT-0300 (Brasilia Standard Time),2
SSP30,GM,J&T Slow,Tue Aug 04 2026 04:00:00 GMT-0300 (Brasilia Standard Time),10
SSP30,GM,J&T Slow,Wed Aug 05 2026 04:00:00 GMT-0300 (Brasilia Standard Time),9
SSP30,GM,J&T Slow,Thu Aug 06 2026 04:00:00 GMT-0300 (Brasilia Standard Time),1
SSP30,GM,Jad,Tue Aug 04 2026 04:00:00 GMT-0300 (Brasilia Standard Time),1
SSP30,GM,Jad,Wed Aug 05 2026 04:00:00 GMT-0300 (Brasilia Standard Time),2
SSP30,GM,Loggi,Sat Jul 25 2026 04:00:00 GMT-0300 (Brasilia Standard Time),2
SSP30,GM,Loggi,Mon Jul 27 2026 04:00:00 GMT-0300 (Brasilia Standard Time),1
SSP30,GM,Loggi,Tue Jul 28 2026 04:00:00 GMT-0300 (Brasilia Standard Time),1
SSP30,GM,Loggi,Thu Jul 30 2026 04:00:00 GMT-0300 (Brasilia Standard Time),2
SSP30,GM,Loggi,Fri Jul 31 2026 04:00:00 GMT-0300 (Brasilia Standard Time),1
SSP30,GM,Loggi,Sat Aug 01 2026 04:00:00 GMT-0300 (Brasilia Standard Time),2
SSP30,GM,Loggi,Wed Aug 05 2026 04:00:00 GMT-0300 (Brasilia Standard Time),3
SSP30,GM,Loggi,Sat Aug 08 2026 04:00:00 GMT-0300 (Brasilia Standard Time),1
SSP30,LARGE,Dominalog,Thu Jul 30 2026 04:00:00 GMT-0300 (Brasilia Standard Time),1
SSP30,LARGE,Dominalog,Fri Aug 07 2026 04:00:00 GMT-0300 (Brasilia Standard Time),1
SSP30,LARGE,Dominalog,Mon Aug 10 2026 04:00:00 GMT-0300 (Brasilia Standard Time),1
SSP30,LARGE,Jad,Thu Jul 30 2026 04:00:00 GMT-0300 (Brasilia Standard Time),2
SSP30,LARGE,Jad,Fri Jul 31 2026 04:00:00 GMT-0300 (Brasilia Standard Time),2
SSP30,LARGE,Jad,Sat Aug 01 2026 04:00:00 GMT-0300 (Brasilia Standard Time),1
SSP30,LARGE,Loggi,Sat Aug 01 2026 04:00:00 GMT-0300 (Brasilia Standard Time),1
SSP30,OVERSIZE,Dominalog,Sat Aug 01 2026 04:00:00 GMT-0300 (Brasilia Standard Time),1
SSP31,GM,J&T Fast,Fri Jul 24 2026 04:00:00 GMT-0300 (Brasilia Standard Time),1
SSP31,GM,J&T Fast,Mon Aug 03 2026 04:00:00 GMT-0300 (Brasilia Standard Time),5
SSP31,GM,J&T Fast,Tue Aug 04 2026 04:00:00 GMT-0300 (Brasilia Standard Time),2
SSP31,GM,J&T Slow,Thu Jul 30 2026 04:00:00 GMT-0300 (Brasilia Standard Time),2
SSP31,GM,J&T Slow,Mon Aug 03 2026 04:00:00 GMT-0300 (Brasilia Standard Time),28
SSP31,GM,J&T Slow,Tue Aug 04 2026 04:00:00 GMT-0300 (Brasilia Standard Time),38
SSP31,GM,J&T Slow,Wed Aug 05 2026 04:00:00 GMT-0300 (Brasilia Standard Time),3
SSP31,GM,J&T Slow,Thu Aug 06 2026 04:00:00 GMT-0300 (Brasilia Standard Time),2
SSP31,GM,Jad,Mon Aug 03 2026 04:00:00 GMT-0300 (Brasilia Standard Time),2
SSP31,GM,Jad,Tue Aug 04 2026 04:00:00 GMT-0300 (Brasilia Standard Time),3
SSP31,GM,Jad,Mon Aug 10 2026 04:00:00 GMT-0300 (Brasilia Standard Time),1
SSP31,GM,Loggi,Mon Aug 03 2026 04:00:00 GMT-0300 (Brasilia Standard Time),8
SSP31,GM,Loggi,Tue Aug 04 2026 04:00:00 GMT-0300 (Brasilia Standard Time),14
SSP31,LARGE,Dominalog,Sat Jul 25 2026 04:00:00 GMT-0300 (Brasilia Standard Time),1
SSP31,LARGE,Jad,Mon Jul 27 2026 04:00:00 GMT-0300 (Brasilia Standard Time),1
SSP31,LARGE,Jad,Sat Aug 08 2026 04:00:00 GMT-0300 (Brasilia Standard Time),1
SSP34,GM,J&T Fast,Wed Jul 29 2026 04:00:00 GMT-0300 (Brasilia Standard Time),1
SSP34,GM,J&T Fast,Tue Aug 04 2026 04:00:00 GMT-0300 (Brasilia Standard Time),1
SSP34,GM,J&T Slow,Fri Jul 24 2026 04:00:00 GMT-0300 (Brasilia Standard Time),3
SSP34,GM,J&T Slow,Sat Jul 25 2026 04:00:00 GMT-0300 (Brasilia Standard Time),1
SSP34,GM,J&T Slow,Mon Jul 27 2026 04:00:00 GMT-0300 (Brasilia Standard Time),2
SSP34,GM,J&T Slow,Wed Jul 29 2026 04:00:00 GMT-0300 (Brasilia Standard Time),7
SSP34,GM,J&T Slow,Thu Jul 30 2026 04:00:00 GMT-0300 (Brasilia Standard Time),3
SSP34,GM,J&T Slow,Sat Aug 01 2026 04:00:00 GMT-0300 (Brasilia Standard Time),1
SSP34,GM,J&T Slow,Tue Aug 04 2026 04:00:00 GMT-0300 (Brasilia Standard Time),2
SSP34,GM,J&T Slow,Wed Aug 05 2026 04:00:00 GMT-0300 (Brasilia Standard Time),5
SSP34,GM,J&T Slow,Thu Aug 06 2026 04:00:00 GMT-0300 (Brasilia Standard Time),2
SSP34,GM,J&T Slow,Fri Aug 07 2026 04:00:00 GMT-0300 (Brasilia Standard Time),2
SSP34,GM,Jad,Tue Aug 04 2026 04:00:00 GMT-0300 (Brasilia Standard Time),1
SSP34,GM,Jad,Wed Aug 05 2026 04:00:00 GMT-0300 (Brasilia Standard Time),1
SSP34,GM,Loggi,Fri Jul 24 2026 04:00:00 GMT-0300 (Brasilia Standard Time),1
SSP34,GM,Loggi,Sat Jul 25 2026 04:00:00 GMT-0300 (Brasilia Standard Time),1
SSP34,GM,Loggi,Thu Jul 30 2026 04:00:00 GMT-0300 (Brasilia Standard Time),1
SSP34,GM,Loggi,Fri Jul 31 2026 04:00:00 GMT-0300 (Brasilia Standard Time),1
SSP34,GM,Loggi,Wed Aug 05 2026 04:00:00 GMT-0300 (Brasilia Standard Time),2
SSP34,LARGE,Dominalog,Fri Jul 24 2026 04:00:00 GMT-0300 (Brasilia Standard Time),1
SSP34,LARGE,Dominalog,Thu Jul 30 2026 04:00:00 GMT-0300 (Brasilia Standard Time),1
SSP34,LARGE,Dominalog,Wed Aug 05 2026 04:00:00 GMT-0300 (Brasilia Standard Time),1
SSP34,LARGE,Dominalog,Thu Aug 06 2026 04:00:00 GMT-0300 (Brasilia Standard Time),1
SSP34,LARGE,J&T Slow,Thu Jul 30 2026 04:00:00 GMT-0300 (Brasilia Standard Time),1
SSP34,LARGE,Jad,Tue Aug 04 2026 04:00:00 GMT-0300 (Brasilia Standard Time),2
SSP34,LARGE,Jad,Wed Aug 05 2026 04:00:00 GMT-0300 (Brasilia Standard Time),1
SSP34,LARGE,Jad,Thu Aug 06 2026 04:00:00 GMT-0300 (Brasilia Standard Time),1
SSP34,OVERSIZE,Dominalog,Tue Jul 28 2026 04:00:00 GMT-0300 (Brasilia Standard Time),1
SSP34,OVERSIZE,Dominalog,Wed Jul 29 2026 04:00:00 GMT-0300 (Brasilia Standard Time),1
SSP34,OVERSIZE,Dominalog,Wed Aug 05 2026 04:00:00 GMT-0300 (Brasilia Standard Time),1
SSP36,GM,J&T Fast,Fri Jul 24 2026 04:00:00 GMT-0300 (Brasilia Standard Time),2
SSP36,GM,J&T Fast,Tue Jul 28 2026 04:00:00 GMT-0300 (Brasilia Standard Time),1
SSP36,GM,J&T Fast,Mon Aug 03 2026 04:00:00 GMT-0300 (Brasilia Standard Time),1
SSP36,GM,J&T Fast,Tue Aug 04 2026 04:00:00 GMT-0300 (Brasilia Standard Time),6
SSP36,GM,J&T Slow,Mon Jul 27 2026 04:00:00 GMT-0300 (Brasilia Standard Time),1
SSP36,GM,J&T Slow,Wed Jul 29 2026 04:00:00 GMT-0300 (Brasilia Standard Time),20
SSP36,GM,J&T Slow,Thu Jul 30 2026 04:00:00 GMT-0300 (Brasilia Standard Time),1
SSP36,GM,J&T Slow,Fri Jul 31 2026 04:00:00 GMT-0300 (Brasilia Standard Time),10
SSP36,GM,J&T Slow,Tue Aug 04 2026 04:00:00 GMT-0300 (Brasilia Standard Time),2
SSP36,GM,J&T Slow,Wed Aug 05 2026 04:00:00 GMT-0300 (Brasilia Standard Time),3
SSP36,GM,Loggi,Wed Jul 29 2026 04:00:00 GMT-0300 (Brasilia Standard Time),2
SSP36,GM,Loggi,Tue Aug 04 2026 04:00:00 GMT-0300 (Brasilia Standard Time),59
SSP36,LARGE,Jad,Sat Jul 25 2026 04:00:00 GMT-0300 (Brasilia Standard Time),1
SSP36,LARGE,Jad,Sat Aug 01 2026 04:00:00 GMT-0300 (Brasilia Standard Time),1
SSP36,LARGE,Jad,Mon Aug 03 2026 04:00:00 GMT-0300 (Brasilia Standard Time),1
SSP36,LARGE,Loggi,Mon Aug 03 2026 04:00:00 GMT-0300 (Brasilia Standard Time),2
SSP36,NA,J&T Fast,Wed Jul 29 2026 04:00:00 GMT-0300 (Brasilia Standard Time),1
SSP36,OVERSIZE,Jad,Sat Jul 25 2026 04:00:00 GMT-0300 (Brasilia Standard Time),1
SSP36,OVERSIZE,Jad,Tue Jul 28 2026 04:00:00 GMT-0300 (Brasilia Standard Time),1
SSP37,GM,J&T Fast,Tue Jul 28 2026 04:00:00 GMT-0300 (Brasilia Standard Time),3
SSP37,GM,J&T Fast,Thu Jul 30 2026 04:00:00 GMT-0300 (Brasilia Standard Time),1
SSP37,GM,J&T Fast,Sat Aug 01 2026 04:00:00 GMT-0300 (Brasilia Standard Time),1
SSP37,GM,J&T Fast,Mon Aug 03 2026 04:00:00 GMT-0300 (Brasilia Standard Time),3
SSP37,GM,J&T Fast,Tue Aug 04 2026 04:00:00 GMT-0300 (Brasilia Standard Time),4
SSP37,GM,J&T Slow,Fri Jul 24 2026 04:00:00 GMT-0300 (Brasilia Standard Time),1
SSP37,GM,J&T Slow,Sat Jul 25 2026 04:00:00 GMT-0300 (Brasilia Standard Time),6
SSP37,GM,J&T Slow,Tue Jul 28 2026 04:00:00 GMT-0300 (Brasilia Standard Time),2
SSP37,GM,J&T Slow,Wed Jul 29 2026 04:00:00 GMT-0300 (Brasilia Standard Time),2
SSP37,GM,J&T Slow,Thu Jul 30 2026 04:00:00 GMT-0300 (Brasilia Standard Time),3
SSP37,GM,J&T Slow,Fri Jul 31 2026 04:00:00 GMT-0300 (Brasilia Standard Time),2
SSP37,GM,J&T Slow,Sat Aug 01 2026 04:00:00 GMT-0300 (Brasilia Standard Time),2
SSP37,GM,J&T Slow,Mon Aug 03 2026 04:00:00 GMT-0300 (Brasilia Standard Time),4
SSP37,GM,J&T Slow,Tue Aug 04 2026 04:00:00 GMT-0300 (Brasilia Standard Time),6
SSP37,GM,J&T Slow,Wed Aug 05 2026 04:00:00 GMT-0300 (Brasilia Standard Time),7
SSP37,GM,J&T Slow,Fri Aug 07 2026 04:00:00 GMT-0300 (Brasilia Standard Time),2
SSP37,GM,J&T Slow,Mon Aug 10 2026 04:00:00 GMT-0300 (Brasilia Standard Time),1
SSP37,GM,J&T Slow,Sat Aug 15 2026 04:00:00 GMT-0300 (Brasilia Standard Time),1
SSP37,GM,Jad,Tue Aug 04 2026 04:00:00 GMT-0300 (Brasilia Standard Time),2
SSP37,GM,Jad,Wed Aug 05 2026 04:00:00 GMT-0300 (Brasilia Standard Time),1
SSP37,GM,Loggi,Fri Jul 24 2026 04:00:00 GMT-0300 (Brasilia Standard Time),1
SSP37,GM,Loggi,Sat Jul 25 2026 04:00:00 GMT-0300 (Brasilia Standard Time),1
SSP37,GM,Loggi,Wed Jul 29 2026 04:00:00 GMT-0300 (Brasilia Standard Time),2
SSP37,GM,Loggi,Thu Jul 30 2026 04:00:00 GMT-0300 (Brasilia Standard Time),1
SSP37,GM,Loggi,Fri Jul 31 2026 04:00:00 GMT-0300 (Brasilia Standard Time),1
SSP37,GM,Loggi,Mon Aug 03 2026 04:00:00 GMT-0300 (Brasilia Standard Time),4
SSP37,GM,Loggi,Tue Aug 04 2026 04:00:00 GMT-0300 (Brasilia Standard Time),2
SSP37,LARGE,Dominalog,Wed Jul 29 2026 04:00:00 GMT-0300 (Brasilia Standard Time),1
SSP37,LARGE,Dominalog,Thu Jul 30 2026 04:00:00 GMT-0300 (Brasilia Standard Time),1
SSP37,LARGE,Loggi,Sat Jul 25 2026 04:00:00 GMT-0300 (Brasilia Standard Time),1
SSP37,LARGE,Loggi,Thu Jul 30 2026 04:00:00 GMT-0300 (Brasilia Standard Time),1
SSP37,LARGE,Loggi,Fri Jul 31 2026 04:00:00 GMT-0300 (Brasilia Standard Time),1
SSP38,GM,Dominalog,Fri Jul 24 2026 04:00:00 GMT-0300 (Brasilia Standard Time),1
SSP38,GM,Dominalog,Sat Jul 25 2026 04:00:00 GMT-0300 (Brasilia Standard Time),1
SSP38,GM,J&T Fast,Wed Jul 29 2026 04:00:00 GMT-0300 (Brasilia Standard Time),1
SSP38,GM,J&T Fast,Sat Aug 01 2026 04:00:00 GMT-0300 (Brasilia Standard Time),1
SSP38,GM,J&T Slow,Tue Jul 21 2026 04:00:00 GMT-0300 (Brasilia Standard Time),1
SSP38,GM,J&T Slow,Sat Jul 25 2026 04:00:00 GMT-0300 (Brasilia Standard Time),1
SSP38,GM,J&T Slow,Fri Jul 31 2026 04:00:00 GMT-0300 (Brasilia Standard Time),1
SSP38,GM,J&T Slow,Sat Aug 01 2026 04:00:00 GMT-0300 (Brasilia Standard Time),8
SSP38,GM,J&T Slow,Tue Aug 04 2026 04:00:00 GMT-0300 (Brasilia Standard Time),2
SSP38,GM,J&T Slow,Wed Aug 05 2026 04:00:00 GMT-0300 (Brasilia Standard Time),1
SSP38,GM,Loggi,Wed Jul 29 2026 04:00:00 GMT-0300 (Brasilia Standard Time),1
SSP38,GM,Loggi,Sat Aug 01 2026 04:00:00 GMT-0300 (Brasilia Standard Time),1
SSP38,GM,Loggi,Mon Aug 10 2026 04:00:00 GMT-0300 (Brasilia Standard Time),1
SSP38,LARGE,Dominalog,Tue Jul 28 2026 04:00:00 GMT-0300 (Brasilia Standard Time),1
SSP38,LARGE,Dominalog,Tue Aug 04 2026 04:00:00 GMT-0300 (Brasilia Standard Time),1
SSP38,LARGE,Dominalog,Wed Aug 05 2026 04:00:00 GMT-0300 (Brasilia Standard Time),1
SSP38,LARGE,Dominalog,Mon Aug 17 2026 04:00:00 GMT-0300 (Brasilia Standard Time),1
SSP38,LARGE,Loggi,Mon Jul 27 2026 04:00:00 GMT-0300 (Brasilia Standard Time),1
SSP38,LARGE,Loggi,Fri Jul 31 2026 04:00:00 GMT-0300 (Brasilia Standard Time),8
SSP38,LARGE,Loggi,Fri Aug 07 2026 04:00:00 GMT-0300 (Brasilia Standard Time),8
SSP38,NA,Loggi,Mon Jul 27 2026 04:00:00 GMT-0300 (Brasilia Standard Time),1
SSP38,OVERSIZE,Loggi,Sat Aug 15 2026 04:00:00 GMT-0300 (Brasilia Standard Time),1
SSP39,GM,J&T Slow,Thu Aug 06 2026 04:00:00 GMT-0300 (Brasilia Standard Time),2
SSP39,GM,Loggi,Fri Jul 24 2026 04:00:00 GMT-0300 (Brasilia Standard Time),1
SSP39,GM,Loggi,Sat Jul 25 2026 04:00:00 GMT-0300 (Brasilia Standard Time),1
SSP4,GM,J&T Fast,Sat Jul 25 2026 04:00:00 GMT-0300 (Brasilia Standard Time),2
SSP4,GM,J&T Fast,Mon Jul 27 2026 04:00:00 GMT-0300 (Brasilia Standard Time),1
SSP4,GM,J&T Fast,Tue Jul 28 2026 04:00:00 GMT-0300 (Brasilia Standard Time),1
SSP4,GM,J&T Fast,Fri Jul 31 2026 04:00:00 GMT-0300 (Brasilia Standard Time),1
SSP4,GM,J&T Fast,Sat Aug 01 2026 04:00:00 GMT-0300 (Brasilia Standard Time),1
SSP4,GM,J&T Fast,Tue Aug 04 2026 04:00:00 GMT-0300 (Brasilia Standard Time),2
SSP4,GM,J&T Slow,Fri Jul 24 2026 04:00:00 GMT-0300 (Brasilia Standard Time),1
SSP4,GM,J&T Slow,Wed Jul 29 2026 04:00:00 GMT-0300 (Brasilia Standard Time),1
SSP4,GM,J&T Slow,Tue Aug 04 2026 04:00:00 GMT-0300 (Brasilia Standard Time),6
SSP4,GM,J&T Slow,Wed Aug 05 2026 04:00:00 GMT-0300 (Brasilia Standard Time),1
SSP4,GM,Jad,Sat Jul 25 2026 04:00:00 GMT-0300 (Brasilia Standard Time),1
SSP4,GM,Jad,Thu Jul 30 2026 04:00:00 GMT-0300 (Brasilia Standard Time),1
SSP4,GM,Jad,Fri Jul 31 2026 04:00:00 GMT-0300 (Brasilia Standard Time),1
SSP4,GM,Loggi,Thu Jul 23 2026 04:00:00 GMT-0300 (Brasilia Standard Time),1
SSP4,GM,Loggi,Fri Jul 24 2026 04:00:00 GMT-0300 (Brasilia Standard Time),4
SSP4,GM,Loggi,Sat Jul 25 2026 04:00:00 GMT-0300 (Brasilia Standard Time),1
SSP4,GM,Loggi,Mon Jul 27 2026 04:00:00 GMT-0300 (Brasilia Standard Time),1
SSP4,GM,Loggi,Tue Jul 28 2026 04:00:00 GMT-0300 (Brasilia Standard Time),5
SSP4,GM,Loggi,Wed Jul 29 2026 04:00:00 GMT-0300 (Brasilia Standard Time),9
SSP4,GM,Loggi,Thu Jul 30 2026 04:00:00 GMT-0300 (Brasilia Standard Time),8
SSP4,GM,Loggi,Fri Jul 31 2026 04:00:00 GMT-0300 (Brasilia Standard Time),10
SSP4,GM,Loggi,Sat Aug 01 2026 04:00:00 GMT-0300 (Brasilia Standard Time),4
SSP4,GM,Loggi,Tue Aug 04 2026 04:00:00 GMT-0300 (Brasilia Standard Time),5
SSP4,GM,Loggi,Wed Aug 05 2026 04:00:00 GMT-0300 (Brasilia Standard Time),4
SSP4,GM,Loggi,Thu Aug 06 2026 04:00:00 GMT-0300 (Brasilia Standard Time),1
SSP4,LARGE,Jad,Tue Aug 04 2026 04:00:00 GMT-0300 (Brasilia Standard Time),1
SSP4,LARGE,Loggi,Sat Aug 01 2026 04:00:00 GMT-0300 (Brasilia Standard Time),1
SSP4,LARGE,Loggi,Wed Aug 05 2026 04:00:00 GMT-0300 (Brasilia Standard Time),1
SSP4,LARGE,Loggi,Fri Aug 07 2026 04:00:00 GMT-0300 (Brasilia Standard Time),1
SSP4,OVERSIZE,Dominalog,Tue Aug 04 2026 04:00:00 GMT-0300 (Brasilia Standard Time),1
SSP4,OVERSIZE,Dominalog,Sat Aug 08 2026 04:00:00 GMT-0300 (Brasilia Standard Time),1
SSP40,GM,J&T Slow,Fri Jul 24 2026 04:00:00 GMT-0300 (Brasilia Standard Time),1
SSP40,GM,J&T Slow,Sat Jul 25 2026 04:00:00 GMT-0300 (Brasilia Standard Time),2
SSP40,GM,J&T Slow,Mon Jul 27 2026 04:00:00 GMT-0300 (Brasilia Standard Time),1
SSP40,GM,J&T Slow,Tue Jul 28 2026 04:00:00 GMT-0300 (Brasilia Standard Time),3
SSP40,GM,J&T Slow,Thu Jul 30 2026 04:00:00 GMT-0300 (Brasilia Standard Time),1
SSP40,GM,J&T Slow,Tue Aug 04 2026 04:00:00 GMT-0300 (Brasilia Standard Time),7
SSP40,GM,J&T Slow,Wed Aug 05 2026 04:00:00 GMT-0300 (Brasilia Standard Time),3
SSP40,GM,J&T Slow,Thu Aug 06 2026 04:00:00 GMT-0300 (Brasilia Standard Time),2
SSP40,GM,Loggi,Fri Jul 24 2026 04:00:00 GMT-0300 (Brasilia Standard Time),1
SSP40,GM,Loggi,Wed Jul 29 2026 04:00:00 GMT-0300 (Brasilia Standard Time),1
SSP40,LARGE,Dominalog,Wed Jul 29 2026 04:00:00 GMT-0300 (Brasilia Standard Time),1
SSP40,LARGE,Dominalog,Thu Jul 30 2026 04:00:00 GMT-0300 (Brasilia Standard Time),1
SSP40,LARGE,Dominalog,Tue Aug 04 2026 04:00:00 GMT-0300 (Brasilia Standard Time),2
SSP40,LARGE,Dominalog,Wed Aug 05 2026 04:00:00 GMT-0300 (Brasilia Standard Time),2
SSP45,GM,J&T Fast,Tue Jul 28 2026 04:00:00 GMT-0300 (Brasilia Standard Time),1
SSP45,GM,J&T Fast,Thu Jul 30 2026 04:00:00 GMT-0300 (Brasilia Standard Time),1
SSP45,GM,J&T Slow,Wed Jul 22 2026 04:00:00 GMT-0300 (Brasilia Standard Time),1
SSP45,GM,J&T Slow,Fri Jul 24 2026 04:00:00 GMT-0300 (Brasilia Standard Time),4
SSP45,GM,J&T Slow,Sat Jul 25 2026 04:00:00 GMT-0300 (Brasilia Standard Time),1
SSP45,GM,J&T Slow,Mon Jul 27 2026 04:00:00 GMT-0300 (Brasilia Standard Time),1
SSP45,GM,J&T Slow,Tue Jul 28 2026 04:00:00 GMT-0300 (Brasilia Standard Time),2
SSP45,GM,J&T Slow,Wed Jul 29 2026 04:00:00 GMT-0300 (Brasilia Standard Time),2
SSP45,GM,J&T Slow,Tue Aug 04 2026 04:00:00 GMT-0300 (Brasilia Standard Time),9
SSP45,GM,J&T Slow,Thu Aug 06 2026 04:00:00 GMT-0300 (Brasilia Standard Time),1
SSP45,GM,Loggi,Sat Jul 25 2026 04:00:00 GMT-0300 (Brasilia Standard Time),1
SSP45,GM,Loggi,Mon Jul 27 2026 04:00:00 GMT-0300 (Brasilia Standard Time),1
SSP45,GM,Loggi,Tue Jul 28 2026 04:00:00 GMT-0300 (Brasilia Standard Time),1
SSP45,GM,Loggi,Thu Jul 30 2026 04:00:00 GMT-0300 (Brasilia Standard Time),2
SSP45,GM,Loggi,Fri Jul 31 2026 04:00:00 GMT-0300 (Brasilia Standard Time),3
SSP45,GM,Loggi,Sat Aug 01 2026 04:00:00 GMT-0300 (Brasilia Standard Time),1
SSP45,GM,Loggi,Mon Aug 03 2026 04:00:00 GMT-0300 (Brasilia Standard Time),1
SSP45,GM,Loggi,Tue Aug 04 2026 04:00:00 GMT-0300 (Brasilia Standard Time),2
SSP45,GM,Loggi,Wed Aug 05 2026 04:00:00 GMT-0300 (Brasilia Standard Time),1
SSP45,LARGE,Loggi,Tue Aug 04 2026 04:00:00 GMT-0300 (Brasilia Standard Time),1
SSP45,OVERSIZE,Dominalog,Fri Jul 24 2026 04:00:00 GMT-0300 (Brasilia Standard Time),1
SSP45,OVERSIZE,Loggi,Tue Aug 11 2026 04:00:00 GMT-0300 (Brasilia Standard Time),1
SSP46,GM,J&T Slow,Sat Jul 25 2026 04:00:00 GMT-0300 (Brasilia Standard Time),1
SSP46,GM,J&T Slow,Tue Aug 04 2026 04:00:00 GMT-0300 (Brasilia Standard Time),3
SSP46,LARGE,Loggi,Sat Aug 15 2026 04:00:00 GMT-0300 (Brasilia Standard Time),1
SSP46,OVERSIZE,Dominalog,Fri Jul 31 2026 04:00:00 GMT-0300 (Brasilia Standard Time),1
SSP48,GM,J&T Fast,Sat Jul 25 2026 04:00:00 GMT-0300 (Brasilia Standard Time),1
SSP48,GM,J&T Fast,Mon Jul 27 2026 04:00:00 GMT-0300 (Brasilia Standard Time),1
SSP48,GM,J&T Fast,Wed Jul 29 2026 04:00:00 GMT-0300 (Brasilia Standard Time),1
SSP48,GM,J&T Fast,Fri Jul 31 2026 04:00:00 GMT-0300 (Brasilia Standard Time),2
SSP48,GM,J&T Fast,Sat Aug 01 2026 04:00:00 GMT-0300 (Brasilia Standard Time),1
SSP48,GM,J&T Slow,Sat Jul 25 2026 04:00:00 GMT-0300 (Brasilia Standard Time),2
SSP48,GM,J&T Slow,Mon Jul 27 2026 04:00:00 GMT-0300 (Brasilia Standard Time),1
SSP48,GM,J&T Slow,Tue Jul 28 2026 04:00:00 GMT-0300 (Brasilia Standard Time),1
SSP48,GM,J&T Slow,Thu Jul 30 2026 04:00:00 GMT-0300 (Brasilia Standard Time),3
SSP48,GM,J&T Slow,Fri Jul 31 2026 04:00:00 GMT-0300 (Brasilia Standard Time),2
SSP48,GM,J&T Slow,Tue Aug 04 2026 04:00:00 GMT-0300 (Brasilia Standard Time),4
SSP48,GM,J&T Slow,Wed Aug 05 2026 04:00:00 GMT-0300 (Brasilia Standard Time),3
SSP48,GM,J&T Slow,Mon Aug 10 2026 04:00:00 GMT-0300 (Brasilia Standard Time),3
SSP48,GM,Loggi,Sat Jul 25 2026 04:00:00 GMT-0300 (Brasilia Standard Time),1
SSP48,GM,Loggi,Sat Aug 01 2026 04:00:00 GMT-0300 (Brasilia Standard Time),1
SSP48,GM,Loggi,Tue Aug 04 2026 04:00:00 GMT-0300 (Brasilia Standard Time),24
SSP48,LARGE,Dominalog,Mon Jul 27 2026 04:00:00 GMT-0300 (Brasilia Standard Time),1
SSP48,LARGE,Dominalog,Thu Aug 06 2026 04:00:00 GMT-0300 (Brasilia Standard Time),1
SSP48,LARGE,J&T Slow,Fri Jul 31 2026 04:00:00 GMT-0300 (Brasilia Standard Time),1
SSP48,LARGE,Jad,Tue Aug 04 2026 04:00:00 GMT-0300 (Brasilia Standard Time),4
SSP48,LARGE,Jad,Thu Aug 06 2026 04:00:00 GMT-0300 (Brasilia Standard Time),1
SSP48,OVERSIZE,Dominalog,Tue Jul 28 2026 04:00:00 GMT-0300 (Brasilia Standard Time),1
SSP48,OVERSIZE,Dominalog,Wed Jul 29 2026 04:00:00 GMT-0300 (Brasilia Standard Time),1
SSP48,OVERSIZE,Dominalog,Tue Aug 04 2026 04:00:00 GMT-0300 (Brasilia Standard Time),1
SSP48,OVERSIZE,Dominalog,Wed Aug 05 2026 04:00:00 GMT-0300 (Brasilia Standard Time),1
SSP49,GM,J&T Slow,Fri Jul 24 2026 04:00:00 GMT-0300 (Brasilia Standard Time),1
SSP49,GM,J&T Slow,Sat Jul 25 2026 04:00:00 GMT-0300 (Brasilia Standard Time),1
SSP49,GM,J&T Slow,Mon Jul 27 2026 04:00:00 GMT-0300 (Brasilia Standard Time),1
SSP49,GM,J&T Slow,Tue Jul 28 2026 04:00:00 GMT-0300 (Brasilia Standard Time),1
SSP49,GM,J&T Slow,Thu Jul 30 2026 04:00:00 GMT-0300 (Brasilia Standard Time),1
SSP49,GM,J&T Slow,Mon Aug 03 2026 04:00:00 GMT-0300 (Brasilia Standard Time),1
SSP49,GM,J&T Slow,Tue Aug 04 2026 04:00:00 GMT-0300 (Brasilia Standard Time),3
SSP49,GM,J&T Slow,Wed Aug 05 2026 04:00:00 GMT-0300 (Brasilia Standard Time),1
SSP49,GM,J&T Slow,Mon Aug 10 2026 04:00:00 GMT-0300 (Brasilia Standard Time),1
SSP49,GM,Loggi,Thu Jul 30 2026 04:00:00 GMT-0300 (Brasilia Standard Time),1
SSP49,LARGE,Loggi,Wed Aug 05 2026 04:00:00 GMT-0300 (Brasilia Standard Time),1
SSP5,GM,J&T Fast,Mon Jul 27 2026 04:00:00 GMT-0300 (Brasilia Standard Time),1
SSP5,GM,J&T Fast,Tue Jul 28 2026 04:00:00 GMT-0300 (Brasilia Standard Time),1
SSP5,GM,J&T Slow,Sat Jul 25 2026 04:00:00 GMT-0300 (Brasilia Standard Time),1
SSP5,GM,J&T Slow,Tue Jul 28 2026 04:00:00 GMT-0300 (Brasilia Standard Time),1
SSP5,GM,J&T Slow,Wed Jul 29 2026 04:00:00 GMT-0300 (Brasilia Standard Time),1
SSP5,GM,J&T Slow,Thu Jul 30 2026 04:00:00 GMT-0300 (Brasilia Standard Time),2
SSP5,GM,J&T Slow,Fri Jul 31 2026 04:00:00 GMT-0300 (Brasilia Standard Time),7
SSP5,GM,J&T Slow,Sat Aug 01 2026 04:00:00 GMT-0300 (Brasilia Standard Time),2
SSP5,GM,J&T Slow,Mon Aug 03 2026 04:00:00 GMT-0300 (Brasilia Standard Time),1
SSP5,GM,J&T Slow,Tue Aug 04 2026 04:00:00 GMT-0300 (Brasilia Standard Time),8
SSP5,GM,J&T Slow,Thu Aug 06 2026 04:00:00 GMT-0300 (Brasilia Standard Time),1
SSP5,GM,Jad,Fri Jul 31 2026 04:00:00 GMT-0300 (Brasilia Standard Time),1
SSP5,GM,Jad,Sat Aug 01 2026 04:00:00 GMT-0300 (Brasilia Standard Time),1
SSP5,GM,Loggi,Sat Jul 25 2026 04:00:00 GMT-0300 (Brasilia Standard Time),1
SSP5,GM,Loggi,Mon Jul 27 2026 04:00:00 GMT-0300 (Brasilia Standard Time),1
SSP5,GM,Loggi,Tue Jul 28 2026 04:00:00 GMT-0300 (Brasilia Standard Time),1
SSP5,GM,Loggi,Wed Jul 29 2026 04:00:00 GMT-0300 (Brasilia Standard Time),1
SSP5,LARGE,Dominalog,Fri Jul 24 2026 04:00:00 GMT-0300 (Brasilia Standard Time),1
SSP5,LARGE,Dominalog,Tue Jul 28 2026 04:00:00 GMT-0300 (Brasilia Standard Time),1
SSP5,LARGE,Dominalog,Tue Aug 04 2026 04:00:00 GMT-0300 (Brasilia Standard Time),1
SSP5,LARGE,Dominalog,Wed Aug 05 2026 04:00:00 GMT-0300 (Brasilia Standard Time),1
SSP5,LARGE,Dominalog,Thu Aug 06 2026 04:00:00 GMT-0300 (Brasilia Standard Time),1
SSP5,LARGE,Dominalog,Fri Aug 07 2026 04:00:00 GMT-0300 (Brasilia Standard Time),1
SSP5,LARGE,Loggi,Mon Aug 10 2026 04:00:00 GMT-0300 (Brasilia Standard Time),1
SSP5,LARGE,Loggi,Fri Aug 14 2026 04:00:00 GMT-0300 (Brasilia Standard Time),1
SSP50,GM,J&T Fast,Tue Aug 04 2026 04:00:00 GMT-0300 (Brasilia Standard Time),1
SSP50,GM,J&T Slow,Thu Jul 30 2026 04:00:00 GMT-0300 (Brasilia Standard Time),2
SSP50,GM,J&T Slow,Fri Jul 31 2026 04:00:00 GMT-0300 (Brasilia Standard Time),7
SSP50,GM,J&T Slow,Sat Aug 01 2026 04:00:00 GMT-0300 (Brasilia Standard Time),16
SSP50,GM,J&T Slow,Tue Aug 04 2026 04:00:00 GMT-0300 (Brasilia Standard Time),11
SSP50,GM,J&T Slow,Wed Aug 05 2026 04:00:00 GMT-0300 (Brasilia Standard Time),1
SSP50,GM,Jad,Sat Aug 01 2026 04:00:00 GMT-0300 (Brasilia Standard Time),3
SSP50,GM,Jad,Tue Aug 04 2026 04:00:00 GMT-0300 (Brasilia Standard Time),5
SSP50,GM,Jad,Wed Aug 05 2026 04:00:00 GMT-0300 (Brasilia Standard Time),1
SSP50,GM,Loggi,Fri Jul 31 2026 04:00:00 GMT-0300 (Brasilia Standard Time),11
SSP50,GM,Loggi,Sat Aug 01 2026 04:00:00 GMT-0300 (Brasilia Standard Time),10
SSP50,GM,Loggi,Tue Aug 04 2026 04:00:00 GMT-0300 (Brasilia Standard Time),25
SSP50,GM,Loggi,Wed Aug 05 2026 04:00:00 GMT-0300 (Brasilia Standard Time),3
SSP50,GM,Loggi,Thu Aug 06 2026 04:00:00 GMT-0300 (Brasilia Standard Time),1
SSP50,LARGE,Dominalog,Fri Jul 31 2026 04:00:00 GMT-0300 (Brasilia Standard Time),1
SSP50,LARGE,Dominalog,Tue Aug 04 2026 04:00:00 GMT-0300 (Brasilia Standard Time),1
SSP50,LARGE,Jad,Fri Jul 31 2026 04:00:00 GMT-0300 (Brasilia Standard Time),1
SSP50,LARGE,Jad,Tue Aug 04 2026 04:00:00 GMT-0300 (Brasilia Standard Time),1
SSP50,LARGE,Jad,Mon Aug 17 2026 04:00:00 GMT-0300 (Brasilia Standard Time),1
SSP50,OVERSIZE,Dominalog,Fri Jul 31 2026 04:00:00 GMT-0300 (Brasilia Standard Time),2
SSP50,OVERSIZE,Dominalog,Sat Aug 01 2026 04:00:00 GMT-0300 (Brasilia Standard Time),2
SSP50,OVERSIZE,Dominalog,Wed Aug 05 2026 04:00:00 GMT-0300 (Brasilia Standard Time),1
SSP51,GM,J&T Slow,Wed Jul 22 2026 04:00:00 GMT-0300 (Brasilia Standard Time),1
SSP51,GM,J&T Slow,Thu Jul 23 2026 04:00:00 GMT-0300 (Brasilia Standard Time),4
SSP51,GM,J&T Slow,Fri Jul 24 2026 04:00:00 GMT-0300 (Brasilia Standard Time),2
SSP51,GM,J&T Slow,Wed Jul 29 2026 04:00:00 GMT-0300 (Brasilia Standard Time),1
SSP51,GM,J&T Slow,Thu Jul 30 2026 04:00:00 GMT-0300 (Brasilia Standard Time),1
SSP51,GM,J&T Slow,Fri Jul 31 2026 04:00:00 GMT-0300 (Brasilia Standard Time),1
SSP51,GM,J&T Slow,Sat Aug 01 2026 04:00:00 GMT-0300 (Brasilia Standard Time),2
SSP51,GM,J&T Slow,Mon Aug 03 2026 04:00:00 GMT-0300 (Brasilia Standard Time),1
SSP51,GM,J&T Slow,Wed Aug 05 2026 04:00:00 GMT-0300 (Brasilia Standard Time),1
SSP51,GM,Loggi,Tue Jul 21 2026 04:00:00 GMT-0300 (Brasilia Standard Time),2
SSP51,GM,Loggi,Thu Jul 23 2026 04:00:00 GMT-0300 (Brasilia Standard Time),2
SSP51,LARGE,Dominalog,Fri Jul 24 2026 04:00:00 GMT-0300 (Brasilia Standard Time),1
SSP51,LARGE,Dominalog,Wed Jul 29 2026 04:00:00 GMT-0300 (Brasilia Standard Time),1
SSP51,OVERSIZE,Jad,Tue Aug 11 2026 04:00:00 GMT-0300 (Brasilia Standard Time),1
SSP52,GM,J&T Slow,Wed Jul 29 2026 04:00:00 GMT-0300 (Brasilia Standard Time),2
SSP52,GM,J&T Slow,Sat Aug 08 2026 04:00:00 GMT-0300 (Brasilia Standard Time),1
SSP52,GM,Loggi,Sat Jul 25 2026 04:00:00 GMT-0300 (Brasilia Standard Time),1
SSP52,GM,Loggi,Mon Jul 27 2026 04:00:00 GMT-0300 (Brasilia Standard Time),1
SSP52,GM,Loggi,Wed Jul 29 2026 04:00:00 GMT-0300 (Brasilia Standard Time),1
SSP52,GM,Loggi,Thu Jul 30 2026 04:00:00 GMT-0300 (Brasilia Standard Time),1
SSP52,GM,Loggi,Mon Aug 03 2026 04:00:00 GMT-0300 (Brasilia Standard Time),1
SSP52,GM,Loggi,Tue Aug 04 2026 04:00:00 GMT-0300 (Brasilia Standard Time),1
SSP52,GM,Loggi,Fri Aug 07 2026 04:00:00 GMT-0300 (Brasilia Standard Time),1
SSP52,GM,Loggi,Sat Aug 08 2026 04:00:00 GMT-0300 (Brasilia Standard Time),1
SSP6,GM,Dominalog,Sat Aug 01 2026 04:00:00 GMT-0300 (Brasilia Standard Time),1
SSP6,GM,Dominalog,Mon Aug 03 2026 04:00:00 GMT-0300 (Brasilia Standard Time),1
SSP6,GM,J&T Fast,Sat Jul 25 2026 04:00:00 GMT-0300 (Brasilia Standard Time),1
SSP6,GM,J&T Fast,Mon Jul 27 2026 04:00:00 GMT-0300 (Brasilia Standard Time),1
SSP6,GM,J&T Fast,Sat Aug 01 2026 04:00:00 GMT-0300 (Brasilia Standard Time),2
SSP6,GM,J&T Slow,Sat Jul 25 2026 04:00:00 GMT-0300 (Brasilia Standard Time),12
SSP6,GM,J&T Slow,Mon Jul 27 2026 04:00:00 GMT-0300 (Brasilia Standard Time),8
SSP6,GM,J&T Slow,Tue Jul 28 2026 04:00:00 GMT-0300 (Brasilia Standard Time),5
SSP6,GM,J&T Slow,Wed Jul 29 2026 04:00:00 GMT-0300 (Brasilia Standard Time),3
SSP6,GM,J&T Slow,Thu Jul 30 2026 04:00:00 GMT-0300 (Brasilia Standard Time),3
SSP6,GM,J&T Slow,Fri Jul 31 2026 04:00:00 GMT-0300 (Brasilia Standard Time),1
SSP6,GM,J&T Slow,Sat Aug 01 2026 04:00:00 GMT-0300 (Brasilia Standard Time),1
SSP6,GM,J&T Slow,Mon Aug 03 2026 04:00:00 GMT-0300 (Brasilia Standard Time),3
SSP6,GM,J&T Slow,Tue Aug 04 2026 04:00:00 GMT-0300 (Brasilia Standard Time),8
SSP6,GM,J&T Slow,Thu Aug 06 2026 04:00:00 GMT-0300 (Brasilia Standard Time),1
SSP6,GM,J&T Slow,Mon Aug 10 2026 04:00:00 GMT-0300 (Brasilia Standard Time),2
SSP6,GM,Loggi,Mon Aug 03 2026 04:00:00 GMT-0300 (Brasilia Standard Time),1
SSP6,GM,Loggi,Tue Aug 04 2026 04:00:00 GMT-0300 (Brasilia Standard Time),1
SSP6,LARGE,Dominalog,Tue Aug 04 2026 04:00:00 GMT-0300 (Brasilia Standard Time),1
SSP6,LARGE,Dominalog,Wed Aug 05 2026 04:00:00 GMT-0300 (Brasilia Standard Time),1
SSP7,GM,Dominalog,Thu Jul 30 2026 04:00:00 GMT-0300 (Brasilia Standard Time),1
SSP7,GM,J&T Fast,Fri Jul 24 2026 04:00:00 GMT-0300 (Brasilia Standard Time),1
SSP7,GM,J&T Fast,Sat Jul 25 2026 04:00:00 GMT-0300 (Brasilia Standard Time),10
SSP7,GM,J&T Fast,Thu Jul 30 2026 04:00:00 GMT-0300 (Brasilia Standard Time),4
SSP7,GM,J&T Fast,Fri Jul 31 2026 04:00:00 GMT-0300 (Brasilia Standard Time),3
SSP7,GM,J&T Fast,Tue Aug 04 2026 04:00:00 GMT-0300 (Brasilia Standard Time),1
SSP7,GM,J&T Slow,Fri Jul 24 2026 04:00:00 GMT-0300 (Brasilia Standard Time),6
SSP7,GM,J&T Slow,Sat Jul 25 2026 04:00:00 GMT-0300 (Brasilia Standard Time),55
SSP7,GM,J&T Slow,Mon Jul 27 2026 04:00:00 GMT-0300 (Brasilia Standard Time),4
SSP7,GM,J&T Slow,Tue Jul 28 2026 04:00:00 GMT-0300 (Brasilia Standard Time),3
SSP7,GM,J&T Slow,Wed Jul 29 2026 04:00:00 GMT-0300 (Brasilia Standard Time),2
SSP7,GM,J&T Slow,Thu Jul 30 2026 04:00:00 GMT-0300 (Brasilia Standard Time),47
SSP7,GM,J&T Slow,Fri Jul 31 2026 04:00:00 GMT-0300 (Brasilia Standard Time),7
SSP7,GM,J&T Slow,Sat Aug 01 2026 04:00:00 GMT-0300 (Brasilia Standard Time),3
SSP7,GM,J&T Slow,Mon Aug 03 2026 04:00:00 GMT-0300 (Brasilia Standard Time),2
SSP7,GM,J&T Slow,Tue Aug 04 2026 04:00:00 GMT-0300 (Brasilia Standard Time),20
SSP7,GM,J&T Slow,Wed Aug 05 2026 04:00:00 GMT-0300 (Brasilia Standard Time),10
SSP7,GM,J&T Slow,Fri Aug 07 2026 04:00:00 GMT-0300 (Brasilia Standard Time),1
SSP7,GM,Jad,Fri Jul 24 2026 04:00:00 GMT-0300 (Brasilia Standard Time),1
SSP7,GM,Jad,Sat Jul 25 2026 04:00:00 GMT-0300 (Brasilia Standard Time),1
SSP7,GM,Jad,Tue Jul 28 2026 04:00:00 GMT-0300 (Brasilia Standard Time),1
SSP7,GM,Jad,Wed Jul 29 2026 04:00:00 GMT-0300 (Brasilia Standard Time),1
SSP7,GM,Loggi,Sat Jul 25 2026 04:00:00 GMT-0300 (Brasilia Standard Time),6
SSP7,GM,Loggi,Mon Jul 27 2026 04:00:00 GMT-0300 (Brasilia Standard Time),5
SSP7,GM,Loggi,Tue Jul 28 2026 04:00:00 GMT-0300 (Brasilia Standard Time),1
SSP7,GM,Loggi,Thu Jul 30 2026 04:00:00 GMT-0300 (Brasilia Standard Time),8
SSP7,GM,Loggi,Fri Jul 31 2026 04:00:00 GMT-0300 (Brasilia Standard Time),9
SSP7,GM,Loggi,Sat Aug 01 2026 04:00:00 GMT-0300 (Brasilia Standard Time),2
SSP7,GM,Loggi,Mon Aug 03 2026 04:00:00 GMT-0300 (Brasilia Standard Time),2
SSP7,GM,Loggi,Tue Aug 04 2026 04:00:00 GMT-0300 (Brasilia Standard Time),2
SSP7,LARGE,Dominalog,Tue Jul 28 2026 04:00:00 GMT-0300 (Brasilia Standard Time),6
SSP7,LARGE,Dominalog,Wed Jul 29 2026 04:00:00 GMT-0300 (Brasilia Standard Time),1
SSP7,LARGE,Dominalog,Tue Aug 04 2026 04:00:00 GMT-0300 (Brasilia Standard Time),4
SSP7,LARGE,Jad,Thu Jul 30 2026 04:00:00 GMT-0300 (Brasilia Standard Time),1
SSP7,LARGE,Jad,Fri Jul 31 2026 04:00:00 GMT-0300 (Brasilia Standard Time),1
SSP7,LARGE,Jad,Tue Aug 04 2026 04:00:00 GMT-0300 (Brasilia Standard Time),6
SSP7,LARGE,Jad,Mon Aug 10 2026 04:00:00 GMT-0300 (Brasilia Standard Time),1
SSP7,LARGE,Loggi,Tue Jul 28 2026 04:00:00 GMT-0300 (Brasilia Standard Time),1
SSP7,LARGE,Loggi,Wed Jul 29 2026 04:00:00 GMT-0300 (Brasilia Standard Time),1
SSP7,LARGE,Loggi,Thu Jul 30 2026 04:00:00 GMT-0300 (Brasilia Standard Time),1
SSP7,LARGE,Loggi,Tue Aug 04 2026 04:00:00 GMT-0300 (Brasilia Standard Time),2
SSP7,OVERSIZE,Dominalog,Tue Jul 28 2026 04:00:00 GMT-0300 (Brasilia Standard Time),8
SSP7,OVERSIZE,Dominalog,Fri Jul 31 2026 04:00:00 GMT-0300 (Brasilia Standard Time),1
SSP7,OVERSIZE,Dominalog,Sat Aug 01 2026 04:00:00 GMT-0300 (Brasilia Standard Time),1
SSP7,OVERSIZE,Dominalog,Mon Aug 03 2026 04:00:00 GMT-0300 (Brasilia Standard Time),1
SSP7,OVERSIZE,Dominalog,Tue Aug 04 2026 04:00:00 GMT-0300 (Brasilia Standard Time),1
SSP7,OVERSIZE,Dominalog,Fri Aug 07 2026 04:00:00 GMT-0300 (Brasilia Standard Time),1
SSP8,GM,J&T Fast,Sat Jul 25 2026 04:00:00 GMT-0300 (Brasilia Standard Time),1
SSP8,GM,J&T Fast,Thu Jul 30 2026 04:00:00 GMT-0300 (Brasilia Standard Time),1
SSP8,GM,J&T Slow,Fri Jul 24 2026 04:00:00 GMT-0300 (Brasilia Standard Time),1
SSP8,GM,J&T Slow,Sat Aug 01 2026 04:00:00 GMT-0300 (Brasilia Standard Time),1
SSP8,GM,J&T Slow,Mon Aug 03 2026 04:00:00 GMT-0300 (Brasilia Standard Time),1
SSP8,GM,J&T Slow,Thu Aug 06 2026 04:00:00 GMT-0300 (Brasilia Standard Time),3
SSP8,GM,Jad,Wed Aug 05 2026 04:00:00 GMT-0300 (Brasilia Standard Time),1
SSP8,GM,Loggi,Fri Jul 24 2026 04:00:00 GMT-0300 (Brasilia Standard Time),1
SSP8,GM,Loggi,Tue Jul 28 2026 04:00:00 GMT-0300 (Brasilia Standard Time),1
SSP8,GM,Loggi,Tue Aug 04 2026 04:00:00 GMT-0300 (Brasilia Standard Time),1
SSP8,GM,Loggi,Wed Aug 05 2026 04:00:00 GMT-0300 (Brasilia Standard Time),1
SSP8,GM,Loggi,Thu Aug 06 2026 04:00:00 GMT-0300 (Brasilia Standard Time),1
SSP8,LARGE,Loggi,Tue Aug 04 2026 04:00:00 GMT-0300 (Brasilia Standard Time),1
SSP8,OVERSIZE,Dominalog,Tue Jul 28 2026 04:00:00 GMT-0300 (Brasilia Standard Time),1
SSP8,OVERSIZE,Dominalog,Wed Jul 29 2026 04:00:00 GMT-0300 (Brasilia Standard Time),1
SSP8,OVERSIZE,Loggi,Tue Aug 04 2026 04:00:00 GMT-0300 (Brasilia Standard Time),1
SSP9,GM,J&T Fast,Mon Jul 27 2026 04:00:00 GMT-0300 (Brasilia Standard Time),1
SSP9,GM,J&T Fast,Tue Jul 28 2026 04:00:00 GMT-0300 (Brasilia Standard Time),6
SSP9,GM,J&T Fast,Wed Jul 29 2026 04:00:00 GMT-0300 (Brasilia Standard Time),1
SSP9,GM,J&T Fast,Tue Aug 04 2026 04:00:00 GMT-0300 (Brasilia Standard Time),5
SSP9,GM,J&T Slow,Wed Jul 22 2026 04:00:00 GMT-0300 (Brasilia Standard Time),1
SSP9,GM,J&T Slow,Fri Jul 24 2026 04:00:00 GMT-0300 (Brasilia Standard Time),1
SSP9,GM,J&T Slow,Sat Jul 25 2026 04:00:00 GMT-0300 (Brasilia Standard Time),1
SSP9,GM,J&T Slow,Fri Jul 31 2026 04:00:00 GMT-0300 (Brasilia Standard Time),1
SSP9,GM,J&T Slow,Tue Aug 04 2026 04:00:00 GMT-0300 (Brasilia Standard Time),36
SSP9,GM,J&T Slow,Wed Aug 05 2026 04:00:00 GMT-0300 (Brasilia Standard Time),1
SSP9,GM,J&T Slow,Sat Aug 08 2026 04:00:00 GMT-0300 (Brasilia Standard Time),1
SSP9,GM,Jad,Wed Jul 29 2026 04:00:00 GMT-0300 (Brasilia Standard Time),1
SSP9,GM,Loggi,Fri Jul 24 2026 04:00:00 GMT-0300 (Brasilia Standard Time),1
SSP9,GM,Loggi,Sat Jul 25 2026 04:00:00 GMT-0300 (Brasilia Standard Time),1
SSP9,GM,Loggi,Tue Jul 28 2026 04:00:00 GMT-0300 (Brasilia Standard Time),1
SSP9,GM,Loggi,Wed Jul 29 2026 04:00:00 GMT-0300 (Brasilia Standard Time),2
SSP9,GM,Loggi,Thu Jul 30 2026 04:00:00 GMT-0300 (Brasilia Standard Time),4
SSP9,GM,Loggi,Fri Jul 31 2026 04:00:00 GMT-0300 (Brasilia Standard Time),2
SSP9,GM,Loggi,Tue Aug 04 2026 04:00:00 GMT-0300 (Brasilia Standard Time),7
SSP9,GM,Loggi,Wed Aug 05 2026 04:00:00 GMT-0300 (Brasilia Standard Time),1
SSP9,LARGE,Jad,Tue Jul 28 2026 04:00:00 GMT-0300 (Brasilia Standard Time),1
SSP9,LARGE,Loggi,Fri Jul 24 2026 04:00:00 GMT-0300 (Brasilia Standard Time),1
SSP9,LARGE,Loggi,Mon Jul 27 2026 04:00:00 GMT-0300 (Brasilia Standard Time),1
SSP9,LARGE,Loggi,Thu Jul 30 2026 04:00:00 GMT-0300 (Brasilia Standard Time),1
SSP9,LARGE,Loggi,Sat Aug 01 2026 04:00:00 GMT-0300 (Brasilia Standard Time),2
SSP9,LARGE,Loggi,Mon Aug 03 2026 04:00:00 GMT-0300 (Brasilia Standard Time),2
SSP9,LARGE,Loggi,Tue Aug 04 2026 04:00:00 GMT-0300 (Brasilia Standard Time),1
STO1,GM,J&T Slow,Sat Aug 01 2026 04:00:00 GMT-0300 (Brasilia Standard Time),1
STO1,GM,J&T Slow,Tue Aug 04 2026 04:00:00 GMT-0300 (Brasilia Standard Time),1
STO1,GM,Jad,Wed Jul 29 2026 04:00:00 GMT-0300 (Brasilia Standard Time),1
STO1,GM,Jad,Fri Jul 31 2026 04:00:00 GMT-0300 (Brasilia Standard Time),1
STO1,GM,Jad,Tue Aug 04 2026 04:00:00 GMT-0300 (Brasilia Standard Time),1
STO1,GM,Jad,Fri Aug 07 2026 04:00:00 GMT-0300 (Brasilia Standard Time),1
STO2,GM,Carvalima,Tue Jul 28 2026 04:00:00 GMT-0300 (Brasilia Standard Time),1
STO2,GM,Carvalima,Thu Jul 30 2026 04:00:00 GMT-0300 (Brasilia Standard Time),1
STO2,GM,Carvalima,Sat Aug 01 2026 04:00:00 GMT-0300 (Brasilia Standard Time),2
STO2,GM,Carvalima,Mon Aug 03 2026 04:00:00 GMT-0300 (Brasilia Standard Time),2
STO2,GM,Carvalima,Tue Aug 04 2026 04:00:00 GMT-0300 (Brasilia Standard Time),1
STO2,GM,Loggi,Wed Jul 29 2026 04:00:00 GMT-0300 (Brasilia Standard Time),1
STO2,GM,Loggi,Fri Jul 31 2026 04:00:00 GMT-0300 (Brasilia Standard Time),2
STO2,GM,Loggi,Sat Aug 01 2026 04:00:00 GMT-0300 (Brasilia Standard Time),1
STO2,GM,Loggi,Tue Aug 04 2026 04:00:00 GMT-0300 (Brasilia Standard Time),2
STO2,LARGE,Jad,Wed Jul 29 2026 04:00:00 GMT-0300 (Brasilia Standard Time),1
STO2,LARGE,Loggi,Tue Jul 28 2026 04:00:00 GMT-0300 (Brasilia Standard Time),1
STO2,OVERSIZE,Carvalima,Tue Jul 28 2026 04:00:00 GMT-0300 (Brasilia Standard Time),1
XMG1,GM,Carvalima,Tue Jul 28 2026 04:00:00 GMT-0300 (Brasilia Standard Time),1
XMG1,GM,Carvalima,Thu Jul 30 2026 04:00:00 GMT-0300 (Brasilia Standard Time),3
XMG1,GM,Carvalima,Fri Jul 31 2026 04:00:00 GMT-0300 (Brasilia Standard Time),2
XMG1,GM,Carvalima,Sat Aug 01 2026 04:00:00 GMT-0300 (Brasilia Standard Time),1
XMG1,GM,Carvalima,Tue Aug 04 2026 04:00:00 GMT-0300 (Brasilia Standard Time),2
XMG1,GM,Dominalog,Wed Aug 05 2026 04:00:00 GMT-0300 (Brasilia Standard Time),1
XMG1,GM,Imile Fast,Fri Jul 24 2026 04:00:00 GMT-0300 (Brasilia Standard Time),1
XMG1,GM,Imile Fast,Tue Jul 28 2026 04:00:00 GMT-0300 (Brasilia Standard Time),1
XMG1,GM,Imile Fast,Tue Aug 04 2026 04:00:00 GMT-0300 (Brasilia Standard Time),1
XMG1,GM,J&T Fast,Tue Jul 21 2026 04:00:00 GMT-0300 (Brasilia Standard Time),1285
XMG1,GM,J&T Fast,Wed Jul 22 2026 04:00:00 GMT-0300 (Brasilia Standard Time),923
XMG1,GM,J&T Fast,Thu Jul 23 2026 04:00:00 GMT-0300 (Brasilia Standard Time),762
XMG1,GM,J&T Fast,Fri Jul 24 2026 04:00:00 GMT-0300 (Brasilia Standard Time),665
XMG1,GM,J&T Fast,Sat Jul 25 2026 04:00:00 GMT-0300 (Brasilia Standard Time),580
XMG1,GM,J&T Fast,Tue Jul 28 2026 04:00:00 GMT-0300 (Brasilia Standard Time),1051
XMG1,GM,J&T Fast,Wed Jul 29 2026 04:00:00 GMT-0300 (Brasilia Standard Time),636
XMG1,GM,J&T Fast,Thu Jul 30 2026 04:00:00 GMT-0300 (Brasilia Standard Time),718
XMG1,GM,J&T Fast,Fri Jul 31 2026 04:00:00 GMT-0300 (Brasilia Standard Time),579
XMG1,GM,J&T Fast,Sat Aug 01 2026 04:00:00 GMT-0300 (Brasilia Standard Time),612
XMG1,GM,J&T Fast,Mon Aug 03 2026 04:00:00 GMT-0300 (Brasilia Standard Time),1
XMG1,GM,J&T Fast,Tue Aug 04 2026 04:00:00 GMT-0300 (Brasilia Standard Time),1141
XMG1,GM,J&T Fast,Wed Aug 05 2026 04:00:00 GMT-0300 (Brasilia Standard Time),734
XMG1,GM,J&T Fast,Thu Aug 06 2026 04:00:00 GMT-0300 (Brasilia Standard Time),1061
XMG1,GM,J&T Fast,Fri Aug 07 2026 04:00:00 GMT-0300 (Brasilia Standard Time),700
XMG1,GM,J&T Fast,Sat Aug 08 2026 04:00:00 GMT-0300 (Brasilia Standard Time),598
XMG1,GM,J&T Fast,Tue Aug 11 2026 04:00:00 GMT-0300 (Brasilia Standard Time),1274
XMG1,GM,J&T Fast,Wed Aug 12 2026 04:00:00 GMT-0300 (Brasilia Standard Time),932
XMG1,GM,J&T Fast,Thu Aug 13 2026 04:00:00 GMT-0300 (Brasilia Standard Time),766
XMG1,GM,J&T Fast,Fri Aug 14 2026 04:00:00 GMT-0300 (Brasilia Standard Time),690
XMG1,GM,J&T Fast,Sat Aug 15 2026 04:00:00 GMT-0300 (Brasilia Standard Time),634
XMG1,GM,J&T Fast,Tue Aug 18 2026 04:00:00 GMT-0300 (Brasilia Standard Time),893
XMG1,GM,J&T Fast,Wed Aug 19 2026 04:00:00 GMT-0300 (Brasilia Standard Time),284
XMG1,GM,J&T Fast,Thu Aug 20 2026 04:00:00 GMT-0300 (Brasilia Standard Time),54
XMG1,GM,J&T Fast,Fri Aug 21 2026 04:00:00 GMT-0300 (Brasilia Standard Time),41
XMG1,GM,J&T Fast,Sat Aug 22 2026 04:00:00 GMT-0300 (Brasilia Standard Time),14
XMG1,GM,J&T Fast,Tue Aug 25 2026 04:00:00 GMT-0300 (Brasilia Standard Time),16
XMG1,GM,J&T Fast,Wed Aug 26 2026 04:00:00 GMT-0300 (Brasilia Standard Time),5
XMG1,GM,J&T Fast,Thu Aug 27 2026 04:00:00 GMT-0300 (Brasilia Standard Time),10
XMG1,GM,J&T Fast,Fri Aug 28 2026 04:00:00 GMT-0300 (Brasilia Standard Time),4
XMG1,GM,J&T Fast,Sat Aug 29 2026 04:00:00 GMT-0300 (Brasilia Standard Time),2
XMG1,GM,J&T Fast,Tue Sep 01 2026 04:00:00 GMT-0300 (Brasilia Standard Time),2
XMG1,GM,J&T Slow,Tue Jul 21 2026 04:00:00 GMT-0300 (Brasilia Standard Time),18289
XMG1,GM,J&T Slow,Wed Jul 22 2026 04:00:00 GMT-0300 (Brasilia Standard Time),9907
XMG1,GM,J&T Slow,Thu Jul 23 2026 04:00:00 GMT-0300 (Brasilia Standard Time),15222
XMG1,GM,J&T Slow,Fri Jul 24 2026 04:00:00 GMT-0300 (Brasilia Standard Time),23487
XMG1,GM,J&T Slow,Sat Jul 25 2026 04:00:00 GMT-0300 (Brasilia Standard Time),24739
XMG1,GM,J&T Slow,Mon Jul 27 2026 04:00:00 GMT-0300 (Brasilia Standard Time),675
XMG1,GM,J&T Slow,Tue Jul 28 2026 04:00:00 GMT-0300 (Brasilia Standard Time),21445
XMG1,GM,J&T Slow,Wed Jul 29 2026 04:00:00 GMT-0300 (Brasilia Standard Time),12169
XMG1,GM,J&T Slow,Thu Jul 30 2026 04:00:00 GMT-0300 (Brasilia Standard Time),16790
XMG1,GM,J&T Slow,Fri Jul 31 2026 04:00:00 GMT-0300 (Brasilia Standard Time),24305
XMG1,GM,J&T Slow,Sat Aug 01 2026 04:00:00 GMT-0300 (Brasilia Standard Time),19225
XMG1,GM,J&T Slow,Mon Aug 03 2026 04:00:00 GMT-0300 (Brasilia Standard Time),84
XMG1,GM,J&T Slow,Tue Aug 04 2026 04:00:00 GMT-0300 (Brasilia Standard Time),16842
XMG1,GM,J&T Slow,Wed Aug 05 2026 04:00:00 GMT-0300 (Brasilia Standard Time),10595
XMG1,GM,J&T Slow,Thu Aug 06 2026 04:00:00 GMT-0300 (Brasilia Standard Time),14904
XMG1,GM,J&T Slow,Fri Aug 07 2026 04:00:00 GMT-0300 (Brasilia Standard Time),17597
XMG1,GM,J&T Slow,Sat Aug 08 2026 04:00:00 GMT-0300 (Brasilia Standard Time),16082
XMG1,GM,J&T Slow,Mon Aug 10 2026 04:00:00 GMT-0300 (Brasilia Standard Time),137
XMG1,GM,J&T Slow,Tue Aug 11 2026 04:00:00 GMT-0300 (Brasilia Standard Time),13335
XMG1,GM,J&T Slow,Wed Aug 12 2026 04:00:00 GMT-0300 (Brasilia Standard Time),8965
XMG1,GM,J&T Slow,Thu Aug 13 2026 04:00:00 GMT-0300 (Brasilia Standard Time),14771
XMG1,GM,J&T Slow,Fri Aug 14 2026 04:00:00 GMT-0300 (Brasilia Standard Time),16792
XMG1,GM,J&T Slow,Sat Aug 15 2026 04:00:00 GMT-0300 (Brasilia Standard Time),15390
XMG1,GM,J&T Slow,Tue Aug 18 2026 04:00:00 GMT-0300 (Brasilia Standard Time),10682
XMG1,GM,J&T Slow,Wed Aug 19 2026 04:00:00 GMT-0300 (Brasilia Standard Time),4539
XMG1,GM,J&T Slow,Thu Aug 20 2026 04:00:00 GMT-0300 (Brasilia Standard Time),3422
XMG1,GM,J&T Slow,Fri Aug 21 2026 04:00:00 GMT-0300 (Brasilia Standard Time),3323
XMG1,GM,J&T Slow,Sat Aug 22 2026 04:00:00 GMT-0300 (Brasilia Standard Time),3677
XMG1,GM,J&T Slow,Tue Aug 25 2026 04:00:00 GMT-0300 (Brasilia Standard Time),4895
XMG1,GM,J&T Slow,Wed Aug 26 2026 04:00:00 GMT-0300 (Brasilia Standard Time),229
XMG1,GM,J&T Slow,Thu Aug 27 2026 04:00:00 GMT-0300 (Brasilia Standard Time),201
XMG1,GM,J&T Slow,Fri Aug 28 2026 04:00:00 GMT-0300 (Brasilia Standard Time),115
XMG1,GM,J&T Slow,Sat Aug 29 2026 04:00:00 GMT-0300 (Brasilia Standard Time),52
XMG1,GM,J&T Slow,Tue Sep 01 2026 04:00:00 GMT-0300 (Brasilia Standard Time),26
XMG1,GM,Jad,Fri Jul 24 2026 04:00:00 GMT-0300 (Brasilia Standard Time),1
XMG1,GM,Jad,Tue Jul 28 2026 04:00:00 GMT-0300 (Brasilia Standard Time),3
XMG1,GM,Jad,Wed Jul 29 2026 04:00:00 GMT-0300 (Brasilia Standard Time),3
XMG1,GM,Jad,Thu Jul 30 2026 04:00:00 GMT-0300 (Brasilia Standard Time),3
XMG1,GM,Jad,Fri Jul 31 2026 04:00:00 GMT-0300 (Brasilia Standard Time),2
XMG1,GM,Jad,Sat Aug 01 2026 04:00:00 GMT-0300 (Brasilia Standard Time),1
XMG1,GM,Loggi,Mon Jul 27 2026 04:00:00 GMT-0300 (Brasilia Standard Time),1
XMG1,GM,Loggi,Tue Jul 28 2026 04:00:00 GMT-0300 (Brasilia Standard Time),10
XMG1,GM,Loggi,Thu Jul 30 2026 04:00:00 GMT-0300 (Brasilia Standard Time),4
XMG1,LARGE,Carvalima,Fri Jul 24 2026 04:00:00 GMT-0300 (Brasilia Standard Time),6
XMG1,LARGE,J&T Fast,Tue Jul 21 2026 04:00:00 GMT-0300 (Brasilia Standard Time),1
XMG1,LARGE,J&T Fast,Wed Jul 22 2026 04:00:00 GMT-0300 (Brasilia Standard Time),3
XMG1,LARGE,J&T Fast,Thu Jul 23 2026 04:00:00 GMT-0300 (Brasilia Standard Time),3
XMG1,LARGE,J&T Fast,Fri Jul 24 2026 04:00:00 GMT-0300 (Brasilia Standard Time),1
XMG1,LARGE,J&T Fast,Sat Jul 25 2026 04:00:00 GMT-0300 (Brasilia Standard Time),2
XMG1,LARGE,J&T Fast,Tue Jul 28 2026 04:00:00 GMT-0300 (Brasilia Standard Time),2
XMG1,LARGE,J&T Fast,Wed Jul 29 2026 04:00:00 GMT-0300 (Brasilia Standard Time),5
XMG1,LARGE,J&T Fast,Thu Jul 30 2026 04:00:00 GMT-0300 (Brasilia Standard Time),3
XMG1,LARGE,J&T Fast,Fri Jul 31 2026 04:00:00 GMT-0300 (Brasilia Standard Time),2
XMG1,LARGE,J&T Fast,Sat Aug 01 2026 04:00:00 GMT-0300 (Brasilia Standard Time),7
XMG1,LARGE,J&T Fast,Tue Aug 04 2026 04:00:00 GMT-0300 (Brasilia Standard Time),1
XMG1,LARGE,J&T Fast,Thu Aug 06 2026 04:00:00 GMT-0300 (Brasilia Standard Time),3
XMG1,LARGE,J&T Fast,Fri Aug 07 2026 04:00:00 GMT-0300 (Brasilia Standard Time),1
XMG1,LARGE,J&T Fast,Sat Aug 08 2026 04:00:00 GMT-0300 (Brasilia Standard Time),1
XMG1,LARGE,J&T Fast,Tue Aug 11 2026 04:00:00 GMT-0300 (Brasilia Standard Time),2
XMG1,LARGE,J&T Fast,Wed Aug 12 2026 04:00:00 GMT-0300 (Brasilia Standard Time),3
XMG1,LARGE,J&T Fast,Thu Aug 13 2026 04:00:00 GMT-0300 (Brasilia Standard Time),6
XMG1,LARGE,J&T Fast,Fri Aug 14 2026 04:00:00 GMT-0300 (Brasilia Standard Time),4
XMG1,LARGE,J&T Fast,Sat Aug 15 2026 04:00:00 GMT-0300 (Brasilia Standard Time),4
XMG1,LARGE,J&T Fast,Tue Aug 18 2026 04:00:00 GMT-0300 (Brasilia Standard Time),4
XMG1,LARGE,J&T Fast,Fri Aug 21 2026 04:00:00 GMT-0300 (Brasilia Standard Time),1
XMG1,LARGE,J&T Slow,Tue Jul 21 2026 04:00:00 GMT-0300 (Brasilia Standard Time),36
XMG1,LARGE,J&T Slow,Wed Jul 22 2026 04:00:00 GMT-0300 (Brasilia Standard Time),5
XMG1,LARGE,J&T Slow,Thu Jul 23 2026 04:00:00 GMT-0300 (Brasilia Standard Time),13
XMG1,LARGE,J&T Slow,Fri Jul 24 2026 04:00:00 GMT-0300 (Brasilia Standard Time),28
XMG1,LARGE,J&T Slow,Sat Jul 25 2026 04:00:00 GMT-0300 (Brasilia Standard Time),18
XMG1,LARGE,J&T Slow,Tue Jul 28 2026 04:00:00 GMT-0300 (Brasilia Standard Time),14
XMG1,LARGE,J&T Slow,Wed Jul 29 2026 04:00:00 GMT-0300 (Brasilia Standard Time),5
XMG1,LARGE,J&T Slow,Thu Jul 30 2026 04:00:00 GMT-0300 (Brasilia Standard Time),10
XMG1,LARGE,J&T Slow,Fri Jul 31 2026 04:00:00 GMT-0300 (Brasilia Standard Time),19
XMG1,LARGE,J&T Slow,Sat Aug 01 2026 04:00:00 GMT-0300 (Brasilia Standard Time),20
XMG1,LARGE,J&T Slow,Tue Aug 04 2026 04:00:00 GMT-0300 (Brasilia Standard Time),13
XMG1,LARGE,J&T Slow,Wed Aug 05 2026 04:00:00 GMT-0300 (Brasilia Standard Time),6
XMG1,LARGE,J&T Slow,Thu Aug 06 2026 04:00:00 GMT-0300 (Brasilia Standard Time),13
XMG1,LARGE,J&T Slow,Fri Aug 07 2026 04:00:00 GMT-0300 (Brasilia Standard Time),13
XMG1,LARGE,J&T Slow,Sat Aug 08 2026 04:00:00 GMT-0300 (Brasilia Standard Time),11
XMG1,LARGE,J&T Slow,Tue Aug 11 2026 04:00:00 GMT-0300 (Brasilia Standard Time),6
XMG1,LARGE,J&T Slow,Wed Aug 12 2026 04:00:00 GMT-0300 (Brasilia Standard Time),3
XMG1,LARGE,J&T Slow,Thu Aug 13 2026 04:00:00 GMT-0300 (Brasilia Standard Time),4
XMG1,LARGE,J&T Slow,Fri Aug 14 2026 04:00:00 GMT-0300 (Brasilia Standard Time),13
XMG1,LARGE,J&T Slow,Sat Aug 15 2026 04:00:00 GMT-0300 (Brasilia Standard Time),14
XMG1,LARGE,J&T Slow,Tue Aug 18 2026 04:00:00 GMT-0300 (Brasilia Standard Time),10
XMG1,LARGE,J&T Slow,Wed Aug 19 2026 04:00:00 GMT-0300 (Brasilia Standard Time),2
XMG1,LARGE,J&T Slow,Thu Aug 20 2026 04:00:00 GMT-0300 (Brasilia Standard Time),3
XMG1,LARGE,J&T Slow,Fri Aug 21 2026 04:00:00 GMT-0300 (Brasilia Standard Time),2
XMG1,LARGE,J&T Slow,Sat Aug 22 2026 04:00:00 GMT-0300 (Brasilia Standard Time),7
XMG1,LARGE,J&T Slow,Tue Aug 25 2026 04:00:00 GMT-0300 (Brasilia Standard Time),5
XMG1,LARGE,Jad,Tue Jul 28 2026 04:00:00 GMT-0300 (Brasilia Standard Time),1
XMG1,LARGE,Loggi,Wed Jul 29 2026 04:00:00 GMT-0300 (Brasilia Standard Time),1
XMG1,LARGE,Loggi,Thu Jul 30 2026 04:00:00 GMT-0300 (Brasilia Standard Time),1
XMG1,NA,J&T Fast,Fri Jul 31 2026 04:00:00 GMT-0300 (Brasilia Standard Time),1
XMG1,NA,J&T Fast,Sat Aug 15 2026 04:00:00 GMT-0300 (Brasilia Standard Time),2
XMG1,NA,J&T Fast,Tue Aug 18 2026 04:00:00 GMT-0300 (Brasilia Standard Time),31
XMG1,NA,J&T Fast,Wed Aug 19 2026 04:00:00 GMT-0300 (Brasilia Standard Time),25
XMG1,NA,J&T Fast,Thu Aug 20 2026 04:00:00 GMT-0300 (Brasilia Standard Time),2
XMG1,NA,J&T Fast,Fri Aug 21 2026 04:00:00 GMT-0300 (Brasilia Standard Time),1
XMG1,NA,J&T Fast,Sat Aug 22 2026 04:00:00 GMT-0300 (Brasilia Standard Time),1
XMG1,NA,J&T Slow,Tue Aug 18 2026 04:00:00 GMT-0300 (Brasilia Standard Time),5
XMG1,NA,J&T Slow,Wed Aug 19 2026 04:00:00 GMT-0300 (Brasilia Standard Time),2
XMG1,NA,J&T Slow,Thu Aug 20 2026 04:00:00 GMT-0300 (Brasilia Standard Time),277
XMG1,NA,J&T Slow,Fri Aug 21 2026 04:00:00 GMT-0300 (Brasilia Standard Time),14
XMG1,NA,J&T Slow,Sat Aug 22 2026 04:00:00 GMT-0300 (Brasilia Standard Time),28
XMG1,NA,J&T Slow,Tue Aug 25 2026 04:00:00 GMT-0300 (Brasilia Standard Time),340
XMG1,NA,J&T Slow,Thu Aug 27 2026 04:00:00 GMT-0300 (Brasilia Standard Time),3
XMG1,NA,J&T Slow,Fri Aug 28 2026 04:00:00 GMT-0300 (Brasilia Standard Time),9
XMG1,NA,J&T Slow,Sat Aug 29 2026 04:00:00 GMT-0300 (Brasilia Standard Time),5
XMG1,NA,J&T Slow,Tue Sep 01 2026 04:00:00 GMT-0300 (Brasilia Standard Time),1
XMG1,OVERSIZE,J&T Fast,Tue Jul 21 2026 04:00:00 GMT-0300 (Brasilia Standard Time),1
XMG1,OVERSIZE,J&T Fast,Wed Jul 22 2026 04:00:00 GMT-0300 (Brasilia Standard Time),2
XMG1,OVERSIZE,J&T Fast,Tue Jul 28 2026 04:00:00 GMT-0300 (Brasilia Standard Time),1
XMG1,OVERSIZE,J&T Fast,Wed Jul 29 2026 04:00:00 GMT-0300 (Brasilia Standard Time),1
XMG1,OVERSIZE,J&T Fast,Wed Aug 12 2026 04:00:00 GMT-0300 (Brasilia Standard Time),2
XMG1,OVERSIZE,J&T Fast,Thu Aug 13 2026 04:00:00 GMT-0300 (Brasilia Standard Time),1
XMG1,OVERSIZE,J&T Fast,Fri Aug 14 2026 04:00:00 GMT-0300 (Brasilia Standard Time),1
XMG1,OVERSIZE,J&T Slow,Wed Jul 22 2026 04:00:00 GMT-0300 (Brasilia Standard Time),1
XMG1,OVERSIZE,J&T Slow,Sat Jul 25 2026 04:00:00 GMT-0300 (Brasilia Standard Time),2
XMG1,OVERSIZE,J&T Slow,Fri Jul 31 2026 04:00:00 GMT-0300 (Brasilia Standard Time),1
XMG1,OVERSIZE,J&T Slow,Sat Aug 01 2026 04:00:00 GMT-0300 (Brasilia Standard Time),4
XMG1,OVERSIZE,J&T Slow,Wed Aug 05 2026 04:00:00 GMT-0300 (Brasilia Standard Time),1
XMG1,OVERSIZE,J&T Slow,Thu Aug 06 2026 04:00:00 GMT-0300 (Brasilia Standard Time),1
XMG1,OVERSIZE,J&T Slow,Fri Aug 07 2026 04:00:00 GMT-0300 (Brasilia Standard Time),1
XSP4,GM,Dominalog,Wed Aug 05 2026 04:00:00 GMT-0300 (Brasilia Standard Time),1
XSP4,GM,J&T Slow,Tue Jul 21 2026 04:00:00 GMT-0300 (Brasilia Standard Time),1085
XSP4,GM,J&T Slow,Wed Jul 22 2026 04:00:00 GMT-0300 (Brasilia Standard Time),10666
XSP4,GM,J&T Slow,Thu Jul 23 2026 04:00:00 GMT-0300 (Brasilia Standard Time),14653
XSP4,GM,J&T Slow,Fri Jul 24 2026 04:00:00 GMT-0300 (Brasilia Standard Time),10455
XSP4,GM,J&T Slow,Sat Jul 25 2026 04:00:00 GMT-0300 (Brasilia Standard Time),10597
XSP4,GM,J&T Slow,Mon Jul 27 2026 04:00:00 GMT-0300 (Brasilia Standard Time),7283
XSP4,GM,J&T Slow,Tue Jul 28 2026 04:00:00 GMT-0300 (Brasilia Standard Time),1273
XSP4,GM,J&T Slow,Wed Jul 29 2026 04:00:00 GMT-0300 (Brasilia Standard Time),10402
XSP4,GM,J&T Slow,Thu Jul 30 2026 04:00:00 GMT-0300 (Brasilia Standard Time),15458
XSP4,GM,J&T Slow,Fri Jul 31 2026 04:00:00 GMT-0300 (Brasilia Standard Time),9771
XSP4,GM,J&T Slow,Sat Aug 01 2026 04:00:00 GMT-0300 (Brasilia Standard Time),9592
XSP4,GM,J&T Slow,Mon Aug 03 2026 04:00:00 GMT-0300 (Brasilia Standard Time),6509
XSP4,GM,J&T Slow,Tue Aug 04 2026 04:00:00 GMT-0300 (Brasilia Standard Time),1456
XSP4,GM,J&T Slow,Wed Aug 05 2026 04:00:00 GMT-0300 (Brasilia Standard Time),13331
XSP4,GM,J&T Slow,Thu Aug 06 2026 04:00:00 GMT-0300 (Brasilia Standard Time),11470
XSP4,GM,J&T Slow,Fri Aug 07 2026 04:00:00 GMT-0300 (Brasilia Standard Time),8726
XSP4,GM,J&T Slow,Sat Aug 08 2026 04:00:00 GMT-0300 (Brasilia Standard Time),9259
XSP4,GM,J&T Slow,Mon Aug 10 2026 04:00:00 GMT-0300 (Brasilia Standard Time),4754
XSP4,GM,J&T Slow,Tue Aug 11 2026 04:00:00 GMT-0300 (Brasilia Standard Time),1611
XSP4,GM,J&T Slow,Wed Aug 12 2026 04:00:00 GMT-0300 (Brasilia Standard Time),12981
XSP4,GM,J&T Slow,Thu Aug 13 2026 04:00:00 GMT-0300 (Brasilia Standard Time),13103
XSP4,GM,J&T Slow,Fri Aug 14 2026 04:00:00 GMT-0300 (Brasilia Standard Time),7596
XSP4,GM,J&T Slow,Sat Aug 15 2026 04:00:00 GMT-0300 (Brasilia Standard Time),8241
XSP4,GM,J&T Slow,Tue Aug 18 2026 04:00:00 GMT-0300 (Brasilia Standard Time),5257
XSP4,GM,J&T Slow,Wed Aug 19 2026 04:00:00 GMT-0300 (Brasilia Standard Time),8728
XSP4,GM,J&T Slow,Thu Aug 20 2026 04:00:00 GMT-0300 (Brasilia Standard Time),2909
XSP4,GM,J&T Slow,Fri Aug 21 2026 04:00:00 GMT-0300 (Brasilia Standard Time),766
XSP4,GM,J&T Slow,Sat Aug 22 2026 04:00:00 GMT-0300 (Brasilia Standard Time),360
XSP4,GM,J&T Slow,Tue Aug 25 2026 04:00:00 GMT-0300 (Brasilia Standard Time),283
XSP4,GM,J&T Slow,Wed Aug 26 2026 04:00:00 GMT-0300 (Brasilia Standard Time),157
XSP4,GM,J&T Slow,Thu Aug 27 2026 04:00:00 GMT-0300 (Brasilia Standard Time),91
XSP4,GM,J&T Slow,Fri Aug 28 2026 04:00:00 GMT-0300 (Brasilia Standard Time),58
XSP4,GM,J&T Slow,Sat Aug 29 2026 04:00:00 GMT-0300 (Brasilia Standard Time),30
XSP4,GM,J&T Slow,Tue Sep 01 2026 04:00:00 GMT-0300 (Brasilia Standard Time),27
XSP4,GM,Jad,Tue Jul 21 2026 04:00:00 GMT-0300 (Brasilia Standard Time),73
XSP4,GM,Jad,Wed Jul 22 2026 04:00:00 GMT-0300 (Brasilia Standard Time),50
XSP4,GM,Jad,Thu Jul 23 2026 04:00:00 GMT-0300 (Brasilia Standard Time),54
XSP4,GM,Jad,Fri Jul 24 2026 04:00:00 GMT-0300 (Brasilia Standard Time),30
XSP4,GM,Jad,Sat Jul 25 2026 04:00:00 GMT-0300 (Brasilia Standard Time),43
XSP4,GM,Jad,Tue Jul 28 2026 04:00:00 GMT-0300 (Brasilia Standard Time),60
XSP4,GM,Jad,Wed Jul 29 2026 04:00:00 GMT-0300 (Brasilia Standard Time),37
XSP4,GM,Jad,Thu Jul 30 2026 04:00:00 GMT-0300 (Brasilia Standard Time),29
XSP4,GM,Jad,Fri Jul 31 2026 04:00:00 GMT-0300 (Brasilia Standard Time),22
XSP4,GM,Jad,Sat Aug 01 2026 04:00:00 GMT-0300 (Brasilia Standard Time),35
XSP4,GM,Jad,Tue Aug 04 2026 04:00:00 GMT-0300 (Brasilia Standard Time),60
XSP4,GM,Jad,Wed Aug 05 2026 04:00:00 GMT-0300 (Brasilia Standard Time),60
XSP4,GM,Jad,Thu Aug 06 2026 04:00:00 GMT-0300 (Brasilia Standard Time),51
XSP4,GM,Jad,Fri Aug 07 2026 04:00:00 GMT-0300 (Brasilia Standard Time),55
XSP4,GM,Jad,Sat Aug 08 2026 04:00:00 GMT-0300 (Brasilia Standard Time),46
XSP4,GM,Jad,Tue Aug 11 2026 04:00:00 GMT-0300 (Brasilia Standard Time),63
XSP4,GM,Jad,Wed Aug 12 2026 04:00:00 GMT-0300 (Brasilia Standard Time),72
XSP4,GM,Jad,Thu Aug 13 2026 04:00:00 GMT-0300 (Brasilia Standard Time),69
XSP4,GM,Jad,Fri Aug 14 2026 04:00:00 GMT-0300 (Brasilia Standard Time),61
XSP4,GM,Jad,Sat Aug 15 2026 04:00:00 GMT-0300 (Brasilia Standard Time),37
XSP4,GM,Jad,Tue Aug 18 2026 04:00:00 GMT-0300 (Brasilia Standard Time),42
XSP4,GM,Jad,Wed Aug 19 2026 04:00:00 GMT-0300 (Brasilia Standard Time),8
XSP4,GM,Jad,Thu Aug 20 2026 04:00:00 GMT-0300 (Brasilia Standard Time),2
XSP4,GM,Jad,Sat Aug 22 2026 04:00:00 GMT-0300 (Brasilia Standard Time),1
XSP4,GM,Jad,Thu Aug 27 2026 04:00:00 GMT-0300 (Brasilia Standard Time),1
XSP4,GM,Jad,Tue Sep 01 2026 04:00:00 GMT-0300 (Brasilia Standard Time),1
XSP4,GM,Loggi,Tue Jul 21 2026 04:00:00 GMT-0300 (Brasilia Standard Time),189
XSP4,GM,Loggi,Wed Jul 22 2026 04:00:00 GMT-0300 (Brasilia Standard Time),152
XSP4,GM,Loggi,Thu Jul 23 2026 04:00:00 GMT-0300 (Brasilia Standard Time),138
XSP4,GM,Loggi,Fri Jul 24 2026 04:00:00 GMT-0300 (Brasilia Standard Time),168
XSP4,GM,Loggi,Sat Jul 25 2026 04:00:00 GMT-0300 (Brasilia Standard Time),100
XSP4,GM,Loggi,Tue Jul 28 2026 04:00:00 GMT-0300 (Brasilia Standard Time),207
XSP4,GM,Loggi,Wed Jul 29 2026 04:00:00 GMT-0300 (Brasilia Standard Time),155
XSP4,GM,Loggi,Thu Jul 30 2026 04:00:00 GMT-0300 (Brasilia Standard Time),153
XSP4,GM,Loggi,Fri Jul 31 2026 04:00:00 GMT-0300 (Brasilia Standard Time),138
XSP4,GM,Loggi,Sat Aug 01 2026 04:00:00 GMT-0300 (Brasilia Standard Time),137
XSP4,GM,Loggi,Tue Aug 04 2026 04:00:00 GMT-0300 (Brasilia Standard Time),210
XSP4,GM,Loggi,Wed Aug 05 2026 04:00:00 GMT-0300 (Brasilia Standard Time),187
XSP4,GM,Loggi,Thu Aug 06 2026 04:00:00 GMT-0300 (Brasilia Standard Time),183
XSP4,GM,Loggi,Fri Aug 07 2026 04:00:00 GMT-0300 (Brasilia Standard Time),180
XSP4,GM,Loggi,Sat Aug 08 2026 04:00:00 GMT-0300 (Brasilia Standard Time),85
XSP4,GM,Loggi,Tue Aug 11 2026 04:00:00 GMT-0300 (Brasilia Standard Time),205
XSP4,GM,Loggi,Wed Aug 12 2026 04:00:00 GMT-0300 (Brasilia Standard Time),145
XSP4,GM,Loggi,Thu Aug 13 2026 04:00:00 GMT-0300 (Brasilia Standard Time),187
XSP4,GM,Loggi,Fri Aug 14 2026 04:00:00 GMT-0300 (Brasilia Standard Time),180
XSP4,GM,Loggi,Sat Aug 15 2026 04:00:00 GMT-0300 (Brasilia Standard Time),131
XSP4,GM,Loggi,Tue Aug 18 2026 04:00:00 GMT-0300 (Brasilia Standard Time),229
XSP4,GM,Loggi,Wed Aug 19 2026 04:00:00 GMT-0300 (Brasilia Standard Time),41
XSP4,GM,Loggi,Thu Aug 20 2026 04:00:00 GMT-0300 (Brasilia Standard Time),27
XSP4,GM,Loggi,Fri Aug 21 2026 04:00:00 GMT-0300 (Brasilia Standard Time),4
XSP4,GM,Loggi,Sat Aug 22 2026 04:00:00 GMT-0300 (Brasilia Standard Time),7
XSP4,GM,Loggi,Tue Aug 25 2026 04:00:00 GMT-0300 (Brasilia Standard Time),3
XSP4,GM,Loggi,Wed Aug 26 2026 04:00:00 GMT-0300 (Brasilia Standard Time),1
XSP4,LARGE,Carvalima,Thu Jul 30 2026 04:00:00 GMT-0300 (Brasilia Standard Time),1
XSP4,LARGE,Carvalima,Tue Aug 04 2026 04:00:00 GMT-0300 (Brasilia Standard Time),1
XSP4,LARGE,Dominalog,Sat Jul 25 2026 04:00:00 GMT-0300 (Brasilia Standard Time),2
XSP4,LARGE,Dominalog,Tue Jul 28 2026 04:00:00 GMT-0300 (Brasilia Standard Time),1
XSP4,LARGE,Dominalog,Wed Jul 29 2026 04:00:00 GMT-0300 (Brasilia Standard Time),2
XSP4,LARGE,Dominalog,Thu Jul 30 2026 04:00:00 GMT-0300 (Brasilia Standard Time),1
XSP4,LARGE,Dominalog,Fri Jul 31 2026 04:00:00 GMT-0300 (Brasilia Standard Time),3
XSP4,LARGE,Dominalog,Tue Aug 04 2026 04:00:00 GMT-0300 (Brasilia Standard Time),4
XSP4,LARGE,J&T Slow,Tue Jul 21 2026 04:00:00 GMT-0300 (Brasilia Standard Time),28
XSP4,LARGE,J&T Slow,Wed Jul 22 2026 04:00:00 GMT-0300 (Brasilia Standard Time),44
XSP4,LARGE,J&T Slow,Thu Jul 23 2026 04:00:00 GMT-0300 (Brasilia Standard Time),34
XSP4,LARGE,J&T Slow,Fri Jul 24 2026 04:00:00 GMT-0300 (Brasilia Standard Time),69
XSP4,LARGE,J&T Slow,Sat Jul 25 2026 04:00:00 GMT-0300 (Brasilia Standard Time),45
XSP4,LARGE,J&T Slow,Mon Jul 27 2026 04:00:00 GMT-0300 (Brasilia Standard Time),20
XSP4,LARGE,J&T Slow,Tue Jul 28 2026 04:00:00 GMT-0300 (Brasilia Standard Time),21
XSP4,LARGE,J&T Slow,Wed Jul 29 2026 04:00:00 GMT-0300 (Brasilia Standard Time),32
XSP4,LARGE,J&T Slow,Thu Jul 30 2026 04:00:00 GMT-0300 (Brasilia Standard Time),45
XSP4,LARGE,J&T Slow,Fri Jul 31 2026 04:00:00 GMT-0300 (Brasilia Standard Time),39
XSP4,LARGE,J&T Slow,Sat Aug 01 2026 04:00:00 GMT-0300 (Brasilia Standard Time),27
XSP4,LARGE,J&T Slow,Mon Aug 03 2026 04:00:00 GMT-0300 (Brasilia Standard Time),9
XSP4,LARGE,J&T Slow,Tue Aug 04 2026 04:00:00 GMT-0300 (Brasilia Standard Time),13
XSP4,LARGE,J&T Slow,Wed Aug 05 2026 04:00:00 GMT-0300 (Brasilia Standard Time),29
XSP4,LARGE,J&T Slow,Thu Aug 06 2026 04:00:00 GMT-0300 (Brasilia Standard Time),17
XSP4,LARGE,J&T Slow,Fri Aug 07 2026 04:00:00 GMT-0300 (Brasilia Standard Time),39
XSP4,LARGE,J&T Slow,Sat Aug 08 2026 04:00:00 GMT-0300 (Brasilia Standard Time),35
XSP4,LARGE,J&T Slow,Mon Aug 10 2026 04:00:00 GMT-0300 (Brasilia Standard Time),8
XSP4,LARGE,J&T Slow,Tue Aug 11 2026 04:00:00 GMT-0300 (Brasilia Standard Time),10
XSP4,LARGE,J&T Slow,Wed Aug 12 2026 04:00:00 GMT-0300 (Brasilia Standard Time),48
XSP4,LARGE,J&T Slow,Thu Aug 13 2026 04:00:00 GMT-0300 (Brasilia Standard Time),34
XSP4,LARGE,J&T Slow,Fri Aug 14 2026 04:00:00 GMT-0300 (Brasilia Standard Time),28
XSP4,LARGE,J&T Slow,Sat Aug 15 2026 04:00:00 GMT-0300 (Brasilia Standard Time),23
XSP4,LARGE,J&T Slow,Tue Aug 18 2026 04:00:00 GMT-0300 (Brasilia Standard Time),31
XSP4,LARGE,J&T Slow,Wed Aug 19 2026 04:00:00 GMT-0300 (Brasilia Standard Time),14
XSP4,LARGE,J&T Slow,Thu Aug 20 2026 04:00:00 GMT-0300 (Brasilia Standard Time),8
XSP4,LARGE,J&T Slow,Sat Aug 22 2026 04:00:00 GMT-0300 (Brasilia Standard Time),3
XSP4,LARGE,Jad,Tue Jul 21 2026 04:00:00 GMT-0300 (Brasilia Standard Time),220
XSP4,LARGE,Jad,Wed Jul 22 2026 04:00:00 GMT-0300 (Brasilia Standard Time),308
XSP4,LARGE,Jad,Thu Jul 23 2026 04:00:00 GMT-0300 (Brasilia Standard Time),226
XSP4,LARGE,Jad,Fri Jul 24 2026 04:00:00 GMT-0300 (Brasilia Standard Time),185
XSP4,LARGE,Jad,Sat Jul 25 2026 04:00:00 GMT-0300 (Brasilia Standard Time),177
XSP4,LARGE,Jad,Tue Jul 28 2026 04:00:00 GMT-0300 (Brasilia Standard Time),180
XSP4,LARGE,Jad,Wed Jul 29 2026 04:00:00 GMT-0300 (Brasilia Standard Time),271
XSP4,LARGE,Jad,Thu Jul 30 2026 04:00:00 GMT-0300 (Brasilia Standard Time),207
XSP4,LARGE,Jad,Fri Jul 31 2026 04:00:00 GMT-0300 (Brasilia Standard Time),173
XSP4,LARGE,Jad,Sat Aug 01 2026 04:00:00 GMT-0300 (Brasilia Standard Time),127
XSP4,LARGE,Jad,Tue Aug 04 2026 04:00:00 GMT-0300 (Brasilia Standard Time),305
XSP4,LARGE,Jad,Wed Aug 05 2026 04:00:00 GMT-0300 (Brasilia Standard Time),282
XSP4,LARGE,Jad,Thu Aug 06 2026 04:00:00 GMT-0300 (Brasilia Standard Time),202
XSP4,LARGE,Jad,Fri Aug 07 2026 04:00:00 GMT-0300 (Brasilia Standard Time),171
XSP4,LARGE,Jad,Sat Aug 08 2026 04:00:00 GMT-0300 (Brasilia Standard Time),175
XSP4,LARGE,Jad,Tue Aug 11 2026 04:00:00 GMT-0300 (Brasilia Standard Time),224
XSP4,LARGE,Jad,Wed Aug 12 2026 04:00:00 GMT-0300 (Brasilia Standard Time),271
XSP4,LARGE,Jad,Thu Aug 13 2026 04:00:00 GMT-0300 (Brasilia Standard Time),235
XSP4,LARGE,Jad,Fri Aug 14 2026 04:00:00 GMT-0300 (Brasilia Standard Time),250
XSP4,LARGE,Jad,Sat Aug 15 2026 04:00:00 GMT-0300 (Brasilia Standard Time),211
XSP4,LARGE,Jad,Tue Aug 18 2026 04:00:00 GMT-0300 (Brasilia Standard Time),296
XSP4,LARGE,Jad,Wed Aug 19 2026 04:00:00 GMT-0300 (Brasilia Standard Time),77
XSP4,LARGE,Jad,Thu Aug 20 2026 04:00:00 GMT-0300 (Brasilia Standard Time),14
XSP4,LARGE,Jad,Fri Aug 21 2026 04:00:00 GMT-0300 (Brasilia Standard Time),1
XSP4,LARGE,Jad,Sat Aug 22 2026 04:00:00 GMT-0300 (Brasilia Standard Time),1
XSP4,LARGE,Jad,Tue Aug 25 2026 04:00:00 GMT-0300 (Brasilia Standard Time),4
XSP4,LARGE,Jad,Fri Aug 28 2026 04:00:00 GMT-0300 (Brasilia Standard Time),2
XSP4,LARGE,Jad,Tue Sep 01 2026 04:00:00 GMT-0300 (Brasilia Standard Time),1
XSP4,LARGE,Loggi,Tue Jul 21 2026 04:00:00 GMT-0300 (Brasilia Standard Time),26
XSP4,LARGE,Loggi,Wed Jul 22 2026 04:00:00 GMT-0300 (Brasilia Standard Time),15
XSP4,LARGE,Loggi,Thu Jul 23 2026 04:00:00 GMT-0300 (Brasilia Standard Time),13
XSP4,LARGE,Loggi,Fri Jul 24 2026 04:00:00 GMT-0300 (Brasilia Standard Time),11
XSP4,LARGE,Loggi,Sat Jul 25 2026 04:00:00 GMT-0300 (Brasilia Standard Time),14
XSP4,LARGE,Loggi,Tue Jul 28 2026 04:00:00 GMT-0300 (Brasilia Standard Time),25
XSP4,LARGE,Loggi,Wed Jul 29 2026 04:00:00 GMT-0300 (Brasilia Standard Time),17
XSP4,LARGE,Loggi,Thu Jul 30 2026 04:00:00 GMT-0300 (Brasilia Standard Time),20
XSP4,LARGE,Loggi,Fri Jul 31 2026 04:00:00 GMT-0300 (Brasilia Standard Time),31
XSP4,LARGE,Loggi,Sat Aug 01 2026 04:00:00 GMT-0300 (Brasilia Standard Time),16
XSP4,LARGE,Loggi,Tue Aug 04 2026 04:00:00 GMT-0300 (Brasilia Standard Time),77
XSP4,LARGE,Loggi,Wed Aug 05 2026 04:00:00 GMT-0300 (Brasilia Standard Time),35
XSP4,LARGE,Loggi,Thu Aug 06 2026 04:00:00 GMT-0300 (Brasilia Standard Time),54
XSP4,LARGE,Loggi,Fri Aug 07 2026 04:00:00 GMT-0300 (Brasilia Standard Time),48
XSP4,LARGE,Loggi,Sat Aug 08 2026 04:00:00 GMT-0300 (Brasilia Standard Time),38
XSP4,LARGE,Loggi,Tue Aug 11 2026 04:00:00 GMT-0300 (Brasilia Standard Time),41
XSP4,LARGE,Loggi,Wed Aug 12 2026 04:00:00 GMT-0300 (Brasilia Standard Time),117
XSP4,LARGE,Loggi,Thu Aug 13 2026 04:00:00 GMT-0300 (Brasilia Standard Time),60
XSP4,LARGE,Loggi,Fri Aug 14 2026 04:00:00 GMT-0300 (Brasilia Standard Time),13
XSP4,LARGE,Loggi,Sat Aug 15 2026 04:00:00 GMT-0300 (Brasilia Standard Time),6
XSP4,LARGE,Loggi,Tue Aug 18 2026 04:00:00 GMT-0300 (Brasilia Standard Time),140
XSP4,LARGE,Loggi,Wed Aug 19 2026 04:00:00 GMT-0300 (Brasilia Standard Time),45
XSP4,LARGE,Loggi,Thu Aug 20 2026 04:00:00 GMT-0300 (Brasilia Standard Time),55
XSP4,LARGE,Loggi,Fri Aug 21 2026 04:00:00 GMT-0300 (Brasilia Standard Time),38
XSP4,LARGE,Loggi,Sat Aug 22 2026 04:00:00 GMT-0300 (Brasilia Standard Time),79
XSP4,LARGE,Loggi,Tue Aug 25 2026 04:00:00 GMT-0300 (Brasilia Standard Time),70
XSP4,LARGE,Loggi,Wed Aug 26 2026 04:00:00 GMT-0300 (Brasilia Standard Time),8
XSP4,LARGE,Loggi,Thu Aug 27 2026 04:00:00 GMT-0300 (Brasilia Standard Time),3
XSP4,LARGE,Loggi,Fri Aug 28 2026 04:00:00 GMT-0300 (Brasilia Standard Time),1
XSP4,NA,J&T Slow,Tue Aug 18 2026 04:00:00 GMT-0300 (Brasilia Standard Time),16
XSP4,NA,J&T Slow,Wed Aug 19 2026 04:00:00 GMT-0300 (Brasilia Standard Time),254
XSP4,NA,J&T Slow,Thu Aug 20 2026 04:00:00 GMT-0300 (Brasilia Standard Time),217
XSP4,NA,J&T Slow,Fri Aug 21 2026 04:00:00 GMT-0300 (Brasilia Standard Time),39
XSP4,NA,J&T Slow,Sat Aug 22 2026 04:00:00 GMT-0300 (Brasilia Standard Time),15
XSP4,NA,J&T Slow,Tue Aug 25 2026 04:00:00 GMT-0300 (Brasilia Standard Time),12
XSP4,NA,J&T Slow,Wed Aug 26 2026 04:00:00 GMT-0300 (Brasilia Standard Time),6
XSP4,NA,J&T Slow,Thu Aug 27 2026 04:00:00 GMT-0300 (Brasilia Standard Time),3
XSP4,NA,J&T Slow,Fri Aug 28 2026 04:00:00 GMT-0300 (Brasilia Standard Time),7
XSP4,NA,J&T Slow,Tue Sep 01 2026 04:00:00 GMT-0300 (Brasilia Standard Time),1
XSP4,NA,Jad,Tue Aug 18 2026 04:00:00 GMT-0300 (Brasilia Standard Time),5
XSP4,NA,Jad,Wed Aug 19 2026 04:00:00 GMT-0300 (Brasilia Standard Time),3
XSP4,NA,Jad,Fri Aug 28 2026 04:00:00 GMT-0300 (Brasilia Standard Time),1
XSP4,NA,Loggi,Wed Aug 19 2026 04:00:00 GMT-0300 (Brasilia Standard Time),6
XSP4,NA,Loggi,Thu Aug 20 2026 04:00:00 GMT-0300 (Brasilia Standard Time),2
XSP4,NA,Loggi,Fri Aug 21 2026 04:00:00 GMT-0300 (Brasilia Standard Time),1
XSP4,NA,Loggi,Tue Aug 25 2026 04:00:00 GMT-0300 (Brasilia Standard Time),4
XSP4,OVERSIZE,J&T Slow,Tue Jul 21 2026 04:00:00 GMT-0300 (Brasilia Standard Time),4
XSP4,OVERSIZE,J&T Slow,Wed Jul 22 2026 04:00:00 GMT-0300 (Brasilia Standard Time),12
XSP4,OVERSIZE,J&T Slow,Thu Jul 23 2026 04:00:00 GMT-0300 (Brasilia Standard Time),3
XSP4,OVERSIZE,J&T Slow,Fri Jul 24 2026 04:00:00 GMT-0300 (Brasilia Standard Time),6
XSP4,OVERSIZE,J&T Slow,Sat Jul 25 2026 04:00:00 GMT-0300 (Brasilia Standard Time),1
XSP4,OVERSIZE,J&T Slow,Mon Jul 27 2026 04:00:00 GMT-0300 (Brasilia Standard Time),2
XSP4,OVERSIZE,J&T Slow,Tue Jul 28 2026 04:00:00 GMT-0300 (Brasilia Standard Time),4
XSP4,OVERSIZE,J&T Slow,Wed Jul 29 2026 04:00:00 GMT-0300 (Brasilia Standard Time),8
XSP4,OVERSIZE,J&T Slow,Thu Jul 30 2026 04:00:00 GMT-0300 (Brasilia Standard Time),7
XSP4,OVERSIZE,J&T Slow,Fri Jul 31 2026 04:00:00 GMT-0300 (Brasilia Standard Time),4
XSP4,OVERSIZE,J&T Slow,Sat Aug 01 2026 04:00:00 GMT-0300 (Brasilia Standard Time),4
XSP4,OVERSIZE,J&T Slow,Tue Aug 04 2026 04:00:00 GMT-0300 (Brasilia Standard Time),1
XSP4,OVERSIZE,J&T Slow,Fri Aug 07 2026 04:00:00 GMT-0300 (Brasilia Standard Time),1
XSP4,OVERSIZE,J&T Slow,Thu Aug 13 2026 04:00:00 GMT-0300 (Brasilia Standard Time),2
XSP4,OVERSIZE,J&T Slow,Wed Aug 19 2026 04:00:00 GMT-0300 (Brasilia Standard Time),1
XSP4,OVERSIZE,Jad,Tue Jul 21 2026 04:00:00 GMT-0300 (Brasilia Standard Time),50
XSP4,OVERSIZE,Jad,Wed Jul 22 2026 04:00:00 GMT-0300 (Brasilia Standard Time),29
XSP4,OVERSIZE,Jad,Thu Jul 23 2026 04:00:00 GMT-0300 (Brasilia Standard Time),9
XSP4,OVERSIZE,Jad,Fri Jul 24 2026 04:00:00 GMT-0300 (Brasilia Standard Time),18
XSP4,OVERSIZE,Jad,Sat Jul 25 2026 04:00:00 GMT-0300 (Brasilia Standard Time),18
XSP4,OVERSIZE,Jad,Tue Jul 28 2026 04:00:00 GMT-0300 (Brasilia Standard Time),27
XSP4,OVERSIZE,Jad,Wed Jul 29 2026 04:00:00 GMT-0300 (Brasilia Standard Time),21
XSP4,OVERSIZE,Jad,Thu Jul 30 2026 04:00:00 GMT-0300 (Brasilia Standard Time),15
XSP4,OVERSIZE,Jad,Fri Jul 31 2026 04:00:00 GMT-0300 (Brasilia Standard Time),17
XSP4,OVERSIZE,Jad,Sat Aug 01 2026 04:00:00 GMT-0300 (Brasilia Standard Time),14
XSP4,OVERSIZE,Jad,Tue Aug 04 2026 04:00:00 GMT-0300 (Brasilia Standard Time),25
XSP4,OVERSIZE,Jad,Wed Aug 05 2026 04:00:00 GMT-0300 (Brasilia Standard Time),21
XSP4,OVERSIZE,Jad,Thu Aug 06 2026 04:00:00 GMT-0300 (Brasilia Standard Time),26
XSP4,OVERSIZE,Jad,Fri Aug 07 2026 04:00:00 GMT-0300 (Brasilia Standard Time),16
XSP4,OVERSIZE,Jad,Sat Aug 08 2026 04:00:00 GMT-0300 (Brasilia Standard Time),17
XSP4,OVERSIZE,Jad,Tue Aug 11 2026 04:00:00 GMT-0300 (Brasilia Standard Time),39
XSP4,OVERSIZE,Jad,Wed Aug 12 2026 04:00:00 GMT-0300 (Brasilia Standard Time),22
XSP4,OVERSIZE,Jad,Thu Aug 13 2026 04:00:00 GMT-0300 (Brasilia Standard Time),28
XSP4,OVERSIZE,Jad,Fri Aug 14 2026 04:00:00 GMT-0300 (Brasilia Standard Time),35
XSP4,OVERSIZE,Jad,Sat Aug 15 2026 04:00:00 GMT-0300 (Brasilia Standard Time),27
XSP4,OVERSIZE,Jad,Tue Aug 18 2026 04:00:00 GMT-0300 (Brasilia Standard Time),43
XSP4,OVERSIZE,Jad,Wed Aug 19 2026 04:00:00 GMT-0300 (Brasilia Standard Time),12
XSP4,OVERSIZE,Loggi,Tue Jul 21 2026 04:00:00 GMT-0300 (Brasilia Standard Time),1
XSP4,OVERSIZE,Loggi,Thu Jul 23 2026 04:00:00 GMT-0300 (Brasilia Standard Time),2
XSP4,OVERSIZE,Loggi,Fri Jul 24 2026 04:00:00 GMT-0300 (Brasilia Standard Time),1
XSP4,OVERSIZE,Loggi,Fri Aug 07 2026 04:00:00 GMT-0300 (Brasilia Standard Time),2
XSP4,OVERSIZE,Loggi,Thu Aug 13 2026 04:00:00 GMT-0300 (Brasilia Standard Time),1
XSP4,OVERSIZE,Loggi,Sat Aug 15 2026 04:00:00 GMT-0300 (Brasilia Standard Time),1
XSP4,OVERSIZE,Loggi,Tue Aug 18 2026 04:00:00 GMT-0300 (Brasilia Standard Time),26
XSP4,OVERSIZE,Loggi,Wed Aug 19 2026 04:00:00 GMT-0300 (Brasilia Standard Time),3
XSP4,OVERSIZE,Loggi,Thu Aug 20 2026 04:00:00 GMT-0300 (Brasilia Standard Time),17
XVBA2,GM,J&T Nodos,Mon Jul 27 2026 04:00:00 GMT-0300 (Brasilia Standard Time),1
XVBA2,GM,J&T Nodos,Thu Jul 30 2026 04:00:00 GMT-0300 (Brasilia Standard Time),2
XVBA2,GM,J&T Nodos,Fri Jul 31 2026 04:00:00 GMT-0300 (Brasilia Standard Time),9
XVBA2,GM,J&T Nodos,Sat Aug 01 2026 04:00:00 GMT-0300 (Brasilia Standard Time),6
XVBA2,GM,J&T Nodos,Mon Aug 03 2026 04:00:00 GMT-0300 (Brasilia Standard Time),1
XVBA2,GM,J&T Nodos,Wed Aug 05 2026 04:00:00 GMT-0300 (Brasilia Standard Time),2
XVBA2,GM,J&T Nodos,Thu Aug 06 2026 04:00:00 GMT-0300 (Brasilia Standard Time),2
XVBA2,GM,J&T Nodos,Fri Aug 07 2026 04:00:00 GMT-0300 (Brasilia Standard Time),1
XVBA2,GM,J&T Nodos,Sat Aug 08 2026 04:00:00 GMT-0300 (Brasilia Standard Time),1
XVBA2,GM,J&T Slow,Wed Jul 29 2026 04:00:00 GMT-0300 (Brasilia Standard Time),1
XVBA2,GM,Loggi,Tue Aug 04 2026 04:00:00 GMT-0300 (Brasilia Standard Time),1
XVBA3,GM,J&T Nodos,Tue Jul 28 2026 04:00:00 GMT-0300 (Brasilia Standard Time),1
XVBA3,GM,J&T Nodos,Thu Jul 30 2026 04:00:00 GMT-0300 (Brasilia Standard Time),1
XVBA3,GM,J&T Nodos,Fri Jul 31 2026 04:00:00 GMT-0300 (Brasilia Standard Time),1
XVBA3,GM,J&T Nodos,Sat Aug 01 2026 04:00:00 GMT-0300 (Brasilia Standard Time),1
XVBA3,GM,J&T Nodos,Wed Aug 05 2026 04:00:00 GMT-0300 (Brasilia Standard Time),1
XVBA3,GM,J&T Nodos,Thu Aug 06 2026 04:00:00 GMT-0300 (Brasilia Standard Time),1
XVBA3,GM,J&T Nodos,Wed Aug 12 2026 04:00:00 GMT-0300 (Brasilia Standard Time),1
XVCVL1,GM,Carvalima,Mon Jul 27 2026 04:00:00 GMT-0300 (Brasilia Standard Time),8
XVCVL1,GM,Carvalima,Tue Jul 28 2026 04:00:00 GMT-0300 (Brasilia Standard Time),4
XVCVL1,GM,Carvalima,Wed Jul 29 2026 04:00:00 GMT-0300 (Brasilia Standard Time),5
XVCVL1,GM,Carvalima,Thu Jul 30 2026 04:00:00 GMT-0300 (Brasilia Standard Time),5
XVCVL1,GM,Carvalima,Sat Aug 01 2026 04:00:00 GMT-0300 (Brasilia Standard Time),7
XVCVL1,GM,Carvalima,Mon Aug 03 2026 04:00:00 GMT-0300 (Brasilia Standard Time),24
XVCVL1,GM,Carvalima,Tue Aug 04 2026 04:00:00 GMT-0300 (Brasilia Standard Time),6
XVCVL1,GM,Carvalima,Wed Aug 05 2026 04:00:00 GMT-0300 (Brasilia Standard Time),5
XVCVL1,GM,Carvalima,Thu Aug 06 2026 04:00:00 GMT-0300 (Brasilia Standard Time),5
XVCVL1,GM,Carvalima,Fri Aug 07 2026 04:00:00 GMT-0300 (Brasilia Standard Time),6
XVCVL1,GM,Carvalima,Sat Aug 08 2026 04:00:00 GMT-0300 (Brasilia Standard Time),1
XVCVL1,GM,Carvalima,Wed Aug 12 2026 04:00:00 GMT-0300 (Brasilia Standard Time),1
XVCVL1,GM,Carvalima,Thu Aug 13 2026 04:00:00 GMT-0300 (Brasilia Standard Time),1
XVCVL1,GM,Carvalima,Fri Aug 14 2026 04:00:00 GMT-0300 (Brasilia Standard Time),2
XVCVL1,GM,Jad,Thu Jul 30 2026 04:00:00 GMT-0300 (Brasilia Standard Time),1
XVCVL1,GM,Jad,Fri Jul 31 2026 04:00:00 GMT-0300 (Brasilia Standard Time),1
XVCVL1,GM,Jad,Thu Aug 06 2026 04:00:00 GMT-0300 (Brasilia Standard Time),1
XVCVL1,GM,Loggi,Sat Aug 01 2026 04:00:00 GMT-0300 (Brasilia Standard Time),1
XVCVL1,LARGE,Carvalima,Wed Jul 22 2026 04:00:00 GMT-0300 (Brasilia Standard Time),1
XVCVL1,LARGE,Carvalima,Thu Jul 23 2026 04:00:00 GMT-0300 (Brasilia Standard Time),1
XVCVL1,LARGE,Carvalima,Fri Jul 24 2026 04:00:00 GMT-0300 (Brasilia Standard Time),2
XVCVL1,LARGE,Carvalima,Mon Jul 27 2026 04:00:00 GMT-0300 (Brasilia Standard Time),1
XVCVL1,LARGE,Carvalima,Wed Jul 29 2026 04:00:00 GMT-0300 (Brasilia Standard Time),2
XVCVL1,LARGE,Carvalima,Mon Aug 03 2026 04:00:00 GMT-0300 (Brasilia Standard Time),2
XVCVL1,LARGE,Carvalima,Thu Aug 06 2026 04:00:00 GMT-0300 (Brasilia Standard Time),1
XVCVL1,LARGE,Carvalima,Mon Aug 10 2026 04:00:00 GMT-0300 (Brasilia Standard Time),1
XVCVL1,LARGE,Carvalima,Tue Aug 18 2026 04:00:00 GMT-0300 (Brasilia Standard Time),1
XVCVL1,LARGE,Jad,Thu Jul 30 2026 04:00:00 GMT-0300 (Brasilia Standard Time),1
XVCVL1,LARGE,Jad,Fri Jul 31 2026 04:00:00 GMT-0300 (Brasilia Standard Time),1
XVCVL1,OVERSIZE,Carvalima,Tue Jul 28 2026 04:00:00 GMT-0300 (Brasilia Standard Time),1
XVCVL1,OVERSIZE,Carvalima,Wed Jul 29 2026 04:00:00 GMT-0300 (Brasilia Standard Time),1
XVDOM1,GM,Dominalog,Fri Jul 24 2026 04:00:00 GMT-0300 (Brasilia Standard Time),3
XVDOM1,GM,Dominalog,Tue Jul 28 2026 04:00:00 GMT-0300 (Brasilia Standard Time),5
XVDOM1,GM,Dominalog,Thu Jul 30 2026 04:00:00 GMT-0300 (Brasilia Standard Time),4
XVDOM1,GM,Dominalog,Fri Jul 31 2026 04:00:00 GMT-0300 (Brasilia Standard Time),6
XVDOM1,GM,Dominalog,Sat Aug 01 2026 04:00:00 GMT-0300 (Brasilia Standard Time),1
XVDOM1,GM,Dominalog,Mon Aug 03 2026 04:00:00 GMT-0300 (Brasilia Standard Time),2
XVDOM1,GM,Dominalog,Tue Aug 04 2026 04:00:00 GMT-0300 (Brasilia Standard Time),2
XVDOM1,GM,Dominalog,Wed Aug 05 2026 04:00:00 GMT-0300 (Brasilia Standard Time),1
XVDOM1,GM,Dominalog,Thu Aug 06 2026 04:00:00 GMT-0300 (Brasilia Standard Time),1
XVDOM1,GM,Dominalog,Fri Aug 07 2026 04:00:00 GMT-0300 (Brasilia Standard Time),2
XVDOM1,GM,Jad,Mon Jul 27 2026 04:00:00 GMT-0300 (Brasilia Standard Time),3
XVDOM1,GM,Jad,Tue Jul 28 2026 04:00:00 GMT-0300 (Brasilia Standard Time),2
XVDOM1,GM,Jad,Fri Jul 31 2026 04:00:00 GMT-0300 (Brasilia Standard Time),1
XVDOM1,GM,Jad,Sat Aug 01 2026 04:00:00 GMT-0300 (Brasilia Standard Time),1
XVDOM1,GM,Jad,Mon Aug 03 2026 04:00:00 GMT-0300 (Brasilia Standard Time),1
XVDOM1,GM,Jad,Wed Aug 05 2026 04:00:00 GMT-0300 (Brasilia Standard Time),2
XVDOM1,GM,Loggi,Mon Jul 27 2026 04:00:00 GMT-0300 (Brasilia Standard Time),2
XVDOM1,GM,Loggi,Tue Jul 28 2026 04:00:00 GMT-0300 (Brasilia Standard Time),1
XVDOM1,GM,Loggi,Wed Jul 29 2026 04:00:00 GMT-0300 (Brasilia Standard Time),2
XVDOM1,GM,Loggi,Sat Aug 01 2026 04:00:00 GMT-0300 (Brasilia Standard Time),1
XVDOM1,GM,Loggi,Tue Aug 04 2026 04:00:00 GMT-0300 (Brasilia Standard Time),2
XVDOM1,LARGE,Dominalog,Fri Jul 24 2026 04:00:00 GMT-0300 (Brasilia Standard Time),6
XVDOM1,LARGE,Dominalog,Sat Jul 25 2026 04:00:00 GMT-0300 (Brasilia Standard Time),5
XVDOM1,LARGE,Dominalog,Mon Jul 27 2026 04:00:00 GMT-0300 (Brasilia Standard Time),6
XVDOM1,LARGE,Dominalog,Tue Jul 28 2026 04:00:00 GMT-0300 (Brasilia Standard Time),18
XVDOM1,LARGE,Dominalog,Wed Jul 29 2026 04:00:00 GMT-0300 (Brasilia Standard Time),4
XVDOM1,LARGE,Dominalog,Thu Jul 30 2026 04:00:00 GMT-0300 (Brasilia Standard Time),17
XVDOM1,LARGE,Dominalog,Fri Jul 31 2026 04:00:00 GMT-0300 (Brasilia Standard Time),10
XVDOM1,LARGE,Dominalog,Sat Aug 01 2026 04:00:00 GMT-0300 (Brasilia Standard Time),8
XVDOM1,LARGE,Dominalog,Mon Aug 03 2026 04:00:00 GMT-0300 (Brasilia Standard Time),6
XVDOM1,LARGE,Dominalog,Tue Aug 04 2026 04:00:00 GMT-0300 (Brasilia Standard Time),12
XVDOM1,LARGE,Dominalog,Wed Aug 05 2026 04:00:00 GMT-0300 (Brasilia Standard Time),15
XVDOM1,LARGE,Dominalog,Fri Aug 07 2026 04:00:00 GMT-0300 (Brasilia Standard Time),7
XVDOM1,LARGE,Dominalog,Mon Aug 17 2026 04:00:00 GMT-0300 (Brasilia Standard Time),1
XVDOM1,LARGE,Jad,Sat Jul 25 2026 04:00:00 GMT-0300 (Brasilia Standard Time),2
XVDOM1,LARGE,Jad,Mon Jul 27 2026 04:00:00 GMT-0300 (Brasilia Standard Time),2
XVDOM1,LARGE,Jad,Tue Jul 28 2026 04:00:00 GMT-0300 (Brasilia Standard Time),8
XVDOM1,LARGE,Jad,Wed Jul 29 2026 04:00:00 GMT-0300 (Brasilia Standard Time),5
XVDOM1,LARGE,Jad,Thu Jul 30 2026 04:00:00 GMT-0300 (Brasilia Standard Time),1
XVDOM1,LARGE,Jad,Fri Jul 31 2026 04:00:00 GMT-0300 (Brasilia Standard Time),2
XVDOM1,LARGE,Jad,Mon Aug 03 2026 04:00:00 GMT-0300 (Brasilia Standard Time),4
XVDOM1,LARGE,Jad,Tue Aug 04 2026 04:00:00 GMT-0300 (Brasilia Standard Time),3
XVDOM1,LARGE,Jad,Wed Aug 05 2026 04:00:00 GMT-0300 (Brasilia Standard Time),1
XVDOM1,LARGE,Loggi,Sat Jul 25 2026 04:00:00 GMT-0300 (Brasilia Standard Time),1
XVDOM1,LARGE,Loggi,Mon Jul 27 2026 04:00:00 GMT-0300 (Brasilia Standard Time),2
XVDOM1,LARGE,Loggi,Tue Jul 28 2026 04:00:00 GMT-0300 (Brasilia Standard Time),2
XVDOM1,LARGE,Loggi,Wed Jul 29 2026 04:00:00 GMT-0300 (Brasilia Standard Time),1
XVDOM1,LARGE,Loggi,Thu Jul 30 2026 04:00:00 GMT-0300 (Brasilia Standard Time),1
XVDOM1,LARGE,Loggi,Fri Jul 31 2026 04:00:00 GMT-0300 (Brasilia Standard Time),3
XVDOM1,LARGE,Loggi,Sat Aug 01 2026 04:00:00 GMT-0300 (Brasilia Standard Time),2
XVDOM1,LARGE,Loggi,Mon Aug 03 2026 04:00:00 GMT-0300 (Brasilia Standard Time),2
XVDOM1,LARGE,Loggi,Tue Aug 04 2026 04:00:00 GMT-0300 (Brasilia Standard Time),2
XVDOM1,OVERSIZE,Dominalog,Fri Jul 24 2026 04:00:00 GMT-0300 (Brasilia Standard Time),3
XVDOM1,OVERSIZE,Dominalog,Sat Jul 25 2026 04:00:00 GMT-0300 (Brasilia Standard Time),1
XVDOM1,OVERSIZE,Dominalog,Mon Jul 27 2026 04:00:00 GMT-0300 (Brasilia Standard Time),2
XVDOM1,OVERSIZE,Dominalog,Tue Jul 28 2026 04:00:00 GMT-0300 (Brasilia Standard Time),3
XVDOM1,OVERSIZE,Dominalog,Wed Jul 29 2026 04:00:00 GMT-0300 (Brasilia Standard Time),5
XVDOM1,OVERSIZE,Dominalog,Thu Jul 30 2026 04:00:00 GMT-0300 (Brasilia Standard Time),5
XVDOM1,OVERSIZE,Dominalog,Fri Jul 31 2026 04:00:00 GMT-0300 (Brasilia Standard Time),4
XVDOM1,OVERSIZE,Dominalog,Sat Aug 01 2026 04:00:00 GMT-0300 (Brasilia Standard Time),6
XVDOM1,OVERSIZE,Dominalog,Mon Aug 03 2026 04:00:00 GMT-0300 (Brasilia Standard Time),11
XVDOM1,OVERSIZE,Dominalog,Tue Aug 04 2026 04:00:00 GMT-0300 (Brasilia Standard Time),1
XVDOM1,OVERSIZE,Dominalog,Wed Aug 05 2026 04:00:00 GMT-0300 (Brasilia Standard Time),1
XVDOM1,OVERSIZE,Dominalog,Thu Aug 06 2026 04:00:00 GMT-0300 (Brasilia Standard Time),6
XVDOM1,OVERSIZE,Dominalog,Fri Aug 07 2026 04:00:00 GMT-0300 (Brasilia Standard Time),2
XVDOM1,OVERSIZE,Jad,Mon Jul 27 2026 04:00:00 GMT-0300 (Brasilia Standard Time),2
XVDOM1,OVERSIZE,Jad,Tue Jul 28 2026 04:00:00 GMT-0300 (Brasilia Standard Time),5
XVDOM1,OVERSIZE,Jad,Wed Jul 29 2026 04:00:00 GMT-0300 (Brasilia Standard Time),2
XVDOM1,OVERSIZE,Jad,Thu Jul 30 2026 04:00:00 GMT-0300 (Brasilia Standard Time),4
XVDOM1,OVERSIZE,Jad,Fri Jul 31 2026 04:00:00 GMT-0300 (Brasilia Standard Time),1
XVDOM1,OVERSIZE,Jad,Sat Aug 01 2026 04:00:00 GMT-0300 (Brasilia Standard Time),2
XVDOM1,OVERSIZE,Jad,Mon Aug 03 2026 04:00:00 GMT-0300 (Brasilia Standard Time),2
XVDOM1,OVERSIZE,Jad,Tue Aug 04 2026 04:00:00 GMT-0300 (Brasilia Standard Time),2
XVDOM1,OVERSIZE,Jad,Wed Aug 05 2026 04:00:00 GMT-0300 (Brasilia Standard Time),1
XVDOM1,OVERSIZE,Loggi,Fri Jul 31 2026 04:00:00 GMT-0300 (Brasilia Standard Time),1
XVDOM1,OVERSIZE,Loggi,Mon Aug 03 2026 04:00:00 GMT-0300 (Brasilia Standard Time),1
XVDOM1,OVERSIZE,Loggi,Tue Aug 04 2026 04:00:00 GMT-0300 (Brasilia Standard Time),1
XVJAD1,GM,Carvalima,Mon Aug 03 2026 04:00:00 GMT-0300 (Brasilia Standard Time),2
XVJAD1,GM,Carvalima,Wed Aug 05 2026 04:00:00 GMT-0300 (Brasilia Standard Time),1
XVJAD1,GM,Dominalog,Thu Jul 23 2026 04:00:00 GMT-0300 (Brasilia Standard Time),1
XVJAD1,GM,Dominalog,Tue Jul 28 2026 04:00:00 GMT-0300 (Brasilia Standard Time),1
XVJAD1,GM,Dominalog,Fri Jul 31 2026 04:00:00 GMT-0300 (Brasilia Standard Time),1
XVJAD1,GM,Jad,Tue Jul 21 2026 04:00:00 GMT-0300 (Brasilia Standard Time),1
XVJAD1,GM,Jad,Wed Jul 22 2026 04:00:00 GMT-0300 (Brasilia Standard Time),4
XVJAD1,GM,Jad,Thu Jul 23 2026 04:00:00 GMT-0300 (Brasilia Standard Time),1
XVJAD1,GM,Jad,Fri Jul 24 2026 04:00:00 GMT-0300 (Brasilia Standard Time),9
XVJAD1,GM,Jad,Sat Jul 25 2026 04:00:00 GMT-0300 (Brasilia Standard Time),21
XVJAD1,GM,Jad,Mon Jul 27 2026 04:00:00 GMT-0300 (Brasilia Standard Time),10
XVJAD1,GM,Jad,Tue Jul 28 2026 04:00:00 GMT-0300 (Brasilia Standard Time),20
XVJAD1,GM,Jad,Wed Jul 29 2026 04:00:00 GMT-0300 (Brasilia Standard Time),17
XVJAD1,GM,Jad,Thu Jul 30 2026 04:00:00 GMT-0300 (Brasilia Standard Time),19
XVJAD1,GM,Jad,Fri Jul 31 2026 04:00:00 GMT-0300 (Brasilia Standard Time),22
XVJAD1,GM,Jad,Sat Aug 01 2026 04:00:00 GMT-0300 (Brasilia Standard Time),14
XVJAD1,GM,Jad,Mon Aug 03 2026 04:00:00 GMT-0300 (Brasilia Standard Time),13
XVJAD1,GM,Jad,Tue Aug 04 2026 04:00:00 GMT-0300 (Brasilia Standard Time),20
XVJAD1,GM,Jad,Wed Aug 05 2026 04:00:00 GMT-0300 (Brasilia Standard Time),18
XVJAD1,GM,Jad,Thu Aug 06 2026 04:00:00 GMT-0300 (Brasilia Standard Time),3
XVJAD1,GM,Jad,Fri Aug 07 2026 04:00:00 GMT-0300 (Brasilia Standard Time),4
XVJAD1,GM,Jad,Sat Aug 15 2026 04:00:00 GMT-0300 (Brasilia Standard Time),1
XVJAD1,GM,Loggi,Sat Jul 25 2026 04:00:00 GMT-0300 (Brasilia Standard Time),1
XVJAD1,GM,Loggi,Tue Jul 28 2026 04:00:00 GMT-0300 (Brasilia Standard Time),1
XVJAD1,GM,Loggi,Wed Jul 29 2026 04:00:00 GMT-0300 (Brasilia Standard Time),2
XVJAD1,GM,Loggi,Thu Jul 30 2026 04:00:00 GMT-0300 (Brasilia Standard Time),1
XVJAD1,GM,Loggi,Fri Jul 31 2026 04:00:00 GMT-0300 (Brasilia Standard Time),1
XVJAD1,LARGE,Dominalog,Fri Jul 24 2026 04:00:00 GMT-0300 (Brasilia Standard Time),1
XVJAD1,LARGE,Dominalog,Mon Jul 27 2026 04:00:00 GMT-0300 (Brasilia Standard Time),1
XVJAD1,LARGE,Dominalog,Tue Jul 28 2026 04:00:00 GMT-0300 (Brasilia Standard Time),2
XVJAD1,LARGE,Dominalog,Wed Jul 29 2026 04:00:00 GMT-0300 (Brasilia Standard Time),1
XVJAD1,LARGE,Dominalog,Fri Jul 31 2026 04:00:00 GMT-0300 (Brasilia Standard Time),4
XVJAD1,LARGE,Dominalog,Sat Aug 01 2026 04:00:00 GMT-0300 (Brasilia Standard Time),2
XVJAD1,LARGE,Dominalog,Mon Aug 03 2026 04:00:00 GMT-0300 (Brasilia Standard Time),4
XVJAD1,LARGE,Jad,Thu Jul 23 2026 04:00:00 GMT-0300 (Brasilia Standard Time),1
XVJAD1,LARGE,Jad,Fri Jul 24 2026 04:00:00 GMT-0300 (Brasilia Standard Time),22
XVJAD1,LARGE,Jad,Sat Jul 25 2026 04:00:00 GMT-0300 (Brasilia Standard Time),49
XVJAD1,LARGE,Jad,Mon Jul 27 2026 04:00:00 GMT-0300 (Brasilia Standard Time),7
XVJAD1,LARGE,Jad,Tue Jul 28 2026 04:00:00 GMT-0300 (Brasilia Standard Time),53
XVJAD1,LARGE,Jad,Wed Jul 29 2026 04:00:00 GMT-0300 (Brasilia Standard Time),34
XVJAD1,LARGE,Jad,Thu Jul 30 2026 04:00:00 GMT-0300 (Brasilia Standard Time),44
XVJAD1,LARGE,Jad,Fri Jul 31 2026 04:00:00 GMT-0300 (Brasilia Standard Time),33
XVJAD1,LARGE,Jad,Sat Aug 01 2026 04:00:00 GMT-0300 (Brasilia Standard Time),22
XVJAD1,LARGE,Jad,Mon Aug 03 2026 04:00:00 GMT-0300 (Brasilia Standard Time),9
XVJAD1,LARGE,Jad,Tue Aug 04 2026 04:00:00 GMT-0300 (Brasilia Standard Time),147
XVJAD1,LARGE,Jad,Wed Aug 05 2026 04:00:00 GMT-0300 (Brasilia Standard Time),48
XVJAD1,LARGE,Jad,Thu Aug 06 2026 04:00:00 GMT-0300 (Brasilia Standard Time),3
XVJAD1,LARGE,Jad,Fri Aug 07 2026 04:00:00 GMT-0300 (Brasilia Standard Time),6
XVJAD1,LARGE,Jad,Sat Aug 08 2026 04:00:00 GMT-0300 (Brasilia Standard Time),1
XVJAD1,LARGE,Jad,Sat Aug 15 2026 04:00:00 GMT-0300 (Brasilia Standard Time),1
XVJAD1,LARGE,Loggi,Thu Jul 30 2026 04:00:00 GMT-0300 (Brasilia Standard Time),1
XVJAD1,LARGE,Loggi,Sat Aug 01 2026 04:00:00 GMT-0300 (Brasilia Standard Time),1
XVJAD1,LARGE,Loggi,Mon Aug 03 2026 04:00:00 GMT-0300 (Brasilia Standard Time),1
XVJAD1,OVERSIZE,Dominalog,Sat Jul 25 2026 04:00:00 GMT-0300 (Brasilia Standard Time),1
XVJAD1,OVERSIZE,Dominalog,Mon Jul 27 2026 04:00:00 GMT-0300 (Brasilia Standard Time),1
XVJAD1,OVERSIZE,Dominalog,Tue Jul 28 2026 04:00:00 GMT-0300 (Brasilia Standard Time),1
XVJAD1,OVERSIZE,Dominalog,Wed Jul 29 2026 04:00:00 GMT-0300 (Brasilia Standard Time),1
XVJAD1,OVERSIZE,Dominalog,Fri Jul 31 2026 04:00:00 GMT-0300 (Brasilia Standard Time),4
XVJAD1,OVERSIZE,Dominalog,Sat Aug 01 2026 04:00:00 GMT-0300 (Brasilia Standard Time),3
XVJAD1,OVERSIZE,Dominalog,Mon Aug 03 2026 04:00:00 GMT-0300 (Brasilia Standard Time),2
XVJAD1,OVERSIZE,Dominalog,Wed Aug 05 2026 04:00:00 GMT-0300 (Brasilia Standard Time),2
XVJAD1,OVERSIZE,Jad,Fri Jul 24 2026 04:00:00 GMT-0300 (Brasilia Standard Time),5
XVJAD1,OVERSIZE,Jad,Sat Jul 25 2026 04:00:00 GMT-0300 (Brasilia Standard Time),4
XVJAD1,OVERSIZE,Jad,Mon Jul 27 2026 04:00:00 GMT-0300 (Brasilia Standard Time),2
XVJAD1,OVERSIZE,Jad,Tue Jul 28 2026 04:00:00 GMT-0300 (Brasilia Standard Time),14
XVJAD1,OVERSIZE,Jad,Wed Jul 29 2026 04:00:00 GMT-0300 (Brasilia Standard Time),6
XVJAD1,OVERSIZE,Jad,Thu Jul 30 2026 04:00:00 GMT-0300 (Brasilia Standard Time),11
XVJAD1,OVERSIZE,Jad,Fri Jul 31 2026 04:00:00 GMT-0300 (Brasilia Standard Time),7
XVJAD1,OVERSIZE,Jad,Sat Aug 01 2026 04:00:00 GMT-0300 (Brasilia Standard Time),3
XVJAD1,OVERSIZE,Jad,Mon Aug 03 2026 04:00:00 GMT-0300 (Brasilia Standard Time),11
XVJAD1,OVERSIZE,Jad,Tue Aug 04 2026 04:00:00 GMT-0300 (Brasilia Standard Time),6
XVJAD1,OVERSIZE,Jad,Wed Aug 05 2026 04:00:00 GMT-0300 (Brasilia Standard Time),6
XVJAD1,OVERSIZE,Jad,Fri Aug 07 2026 04:00:00 GMT-0300 (Brasilia Standard Time),3
XVJAD1,OVERSIZE,Loggi,Sat Jul 25 2026 04:00:00 GMT-0300 (Brasilia Standard Time),1
XVJAD1,OVERSIZE,Loggi,Tue Jul 28 2026 04:00:00 GMT-0300 (Brasilia Standard Time),1
XVJAD1,OVERSIZE,Loggi,Thu Jul 30 2026 04:00:00 GMT-0300 (Brasilia Standard Time),1
XVLOG1,GM,Carvalima,Fri Jul 24 2026 04:00:00 GMT-0300 (Brasilia Standard Time),1
XVLOG1,GM,Carvalima,Tue Jul 28 2026 04:00:00 GMT-0300 (Brasilia Standard Time),1
XVLOG1,GM,Carvalima,Thu Jul 30 2026 04:00:00 GMT-0300 (Brasilia Standard Time),1
XVLOG1,GM,Carvalima,Fri Jul 31 2026 04:00:00 GMT-0300 (Brasilia Standard Time),3
XVLOG1,GM,Carvalima,Mon Aug 03 2026 04:00:00 GMT-0300 (Brasilia Standard Time),1
XVLOG1,GM,Carvalima,Tue Aug 04 2026 04:00:00 GMT-0300 (Brasilia Standard Time),1
XVLOG1,GM,Dominalog,Fri Jul 24 2026 04:00:00 GMT-0300 (Brasilia Standard Time),1
XVLOG1,GM,Dominalog,Sat Jul 25 2026 04:00:00 GMT-0300 (Brasilia Standard Time),2
XVLOG1,GM,Dominalog,Tue Jul 28 2026 04:00:00 GMT-0300 (Brasilia Standard Time),3
XVLOG1,GM,Dominalog,Wed Jul 29 2026 04:00:00 GMT-0300 (Brasilia Standard Time),5
XVLOG1,GM,Dominalog,Thu Jul 30 2026 04:00:00 GMT-0300 (Brasilia Standard Time),1
XVLOG1,GM,Dominalog,Sat Aug 01 2026 04:00:00 GMT-0300 (Brasilia Standard Time),5
XVLOG1,GM,Dominalog,Mon Aug 03 2026 04:00:00 GMT-0300 (Brasilia Standard Time),2
XVLOG1,GM,Dominalog,Tue Aug 04 2026 04:00:00 GMT-0300 (Brasilia Standard Time),5
XVLOG1,GM,Dominalog,Wed Aug 05 2026 04:00:00 GMT-0300 (Brasilia Standard Time),3
XVLOG1,GM,Imile Fast,Sat Aug 01 2026 04:00:00 GMT-0300 (Brasilia Standard Time),1
XVLOG1,GM,Jad,Fri Jul 24 2026 04:00:00 GMT-0300 (Brasilia Standard Time),2
XVLOG1,GM,Jad,Sat Jul 25 2026 04:00:00 GMT-0300 (Brasilia Standard Time),6
XVLOG1,GM,Jad,Mon Jul 27 2026 04:00:00 GMT-0300 (Brasilia Standard Time),7
XVLOG1,GM,Jad,Tue Jul 28 2026 04:00:00 GMT-0300 (Brasilia Standard Time),14
XVLOG1,GM,Jad,Wed Jul 29 2026 04:00:00 GMT-0300 (Brasilia Standard Time),12
XVLOG1,GM,Jad,Thu Jul 30 2026 04:00:00 GMT-0300 (Brasilia Standard Time),20
XVLOG1,GM,Jad,Fri Jul 31 2026 04:00:00 GMT-0300 (Brasilia Standard Time),4
XVLOG1,GM,Jad,Sat Aug 01 2026 04:00:00 GMT-0300 (Brasilia Standard Time),1
XVLOG1,GM,Jad,Mon Aug 03 2026 04:00:00 GMT-0300 (Brasilia Standard Time),14
XVLOG1,GM,Jad,Tue Aug 04 2026 04:00:00 GMT-0300 (Brasilia Standard Time),6
XVLOG1,GM,Jad,Wed Aug 05 2026 04:00:00 GMT-0300 (Brasilia Standard Time),7
XVLOG1,GM,Jad,Thu Aug 06 2026 04:00:00 GMT-0300 (Brasilia Standard Time),3
XVLOG1,GM,Loggi,Wed Jul 22 2026 04:00:00 GMT-0300 (Brasilia Standard Time),1
XVLOG1,GM,Loggi,Fri Jul 24 2026 04:00:00 GMT-0300 (Brasilia Standard Time),1
XVLOG1,GM,Loggi,Mon Jul 27 2026 04:00:00 GMT-0300 (Brasilia Standard Time),3
XVLOG1,GM,Loggi,Tue Jul 28 2026 04:00:00 GMT-0300 (Brasilia Standard Time),6
XVLOG1,GM,Loggi,Wed Jul 29 2026 04:00:00 GMT-0300 (Brasilia Standard Time),3
XVLOG1,GM,Loggi,Thu Jul 30 2026 04:00:00 GMT-0300 (Brasilia Standard Time),5
XVLOG1,GM,Loggi,Fri Jul 31 2026 04:00:00 GMT-0300 (Brasilia Standard Time),9
XVLOG1,GM,Loggi,Sat Aug 01 2026 04:00:00 GMT-0300 (Brasilia Standard Time),3
XVLOG1,GM,Loggi,Mon Aug 03 2026 04:00:00 GMT-0300 (Brasilia Standard Time),7
XVLOG1,GM,Loggi,Tue Aug 04 2026 04:00:00 GMT-0300 (Brasilia Standard Time),8
XVLOG1,GM,Loggi,Wed Aug 05 2026 04:00:00 GMT-0300 (Brasilia Standard Time),10
XVLOG1,GM,Loggi,Thu Aug 06 2026 04:00:00 GMT-0300 (Brasilia Standard Time),9
XVLOG1,GM,Loggi,Fri Aug 07 2026 04:00:00 GMT-0300 (Brasilia Standard Time),43
XVLOG1,GM,Loggi,Sat Aug 08 2026 04:00:00 GMT-0300 (Brasilia Standard Time),3
XVLOG1,LARGE,Carvalima,Fri Jul 24 2026 04:00:00 GMT-0300 (Brasilia Standard Time),2
XVLOG1,LARGE,Carvalima,Sat Jul 25 2026 04:00:00 GMT-0300 (Brasilia Standard Time),1
XVLOG1,LARGE,Carvalima,Tue Jul 28 2026 04:00:00 GMT-0300 (Brasilia Standard Time),1
XVLOG1,LARGE,Carvalima,Thu Jul 30 2026 04:00:00 GMT-0300 (Brasilia Standard Time),1
XVLOG1,LARGE,Carvalima,Mon Aug 03 2026 04:00:00 GMT-0300 (Brasilia Standard Time),5
XVLOG1,LARGE,Carvalima,Tue Aug 04 2026 04:00:00 GMT-0300 (Brasilia Standard Time),5
XVLOG1,LARGE,Carvalima,Wed Aug 05 2026 04:00:00 GMT-0300 (Brasilia Standard Time),2
XVLOG1,LARGE,Dominalog,Fri Jul 24 2026 04:00:00 GMT-0300 (Brasilia Standard Time),9
XVLOG1,LARGE,Dominalog,Sat Jul 25 2026 04:00:00 GMT-0300 (Brasilia Standard Time),21
XVLOG1,LARGE,Dominalog,Mon Jul 27 2026 04:00:00 GMT-0300 (Brasilia Standard Time),5
XVLOG1,LARGE,Dominalog,Tue Jul 28 2026 04:00:00 GMT-0300 (Brasilia Standard Time),12
XVLOG1,LARGE,Dominalog,Wed Jul 29 2026 04:00:00 GMT-0300 (Brasilia Standard Time),6
XVLOG1,LARGE,Dominalog,Thu Jul 30 2026 04:00:00 GMT-0300 (Brasilia Standard Time),13
XVLOG1,LARGE,Dominalog,Fri Jul 31 2026 04:00:00 GMT-0300 (Brasilia Standard Time),6
XVLOG1,LARGE,Dominalog,Sat Aug 01 2026 04:00:00 GMT-0300 (Brasilia Standard Time),7
XVLOG1,LARGE,Dominalog,Mon Aug 03 2026 04:00:00 GMT-0300 (Brasilia Standard Time),5
XVLOG1,LARGE,Dominalog,Tue Aug 04 2026 04:00:00 GMT-0300 (Brasilia Standard Time),30
XVLOG1,LARGE,Dominalog,Wed Aug 05 2026 04:00:00 GMT-0300 (Brasilia Standard Time),31
XVLOG1,LARGE,Dominalog,Thu Aug 06 2026 04:00:00 GMT-0300 (Brasilia Standard Time),2
XVLOG1,LARGE,Dominalog,Fri Aug 07 2026 04:00:00 GMT-0300 (Brasilia Standard Time),2
XVLOG1,LARGE,Jad,Thu Jul 23 2026 04:00:00 GMT-0300 (Brasilia Standard Time),1
XVLOG1,LARGE,Jad,Fri Jul 24 2026 04:00:00 GMT-0300 (Brasilia Standard Time),7
XVLOG1,LARGE,Jad,Sat Jul 25 2026 04:00:00 GMT-0300 (Brasilia Standard Time),22
XVLOG1,LARGE,Jad,Mon Jul 27 2026 04:00:00 GMT-0300 (Brasilia Standard Time),3
XVLOG1,LARGE,Jad,Tue Jul 28 2026 04:00:00 GMT-0300 (Brasilia Standard Time),32
XVLOG1,LARGE,Jad,Wed Jul 29 2026 04:00:00 GMT-0300 (Brasilia Standard Time),27
XVLOG1,LARGE,Jad,Thu Jul 30 2026 04:00:00 GMT-0300 (Brasilia Standard Time),13
XVLOG1,LARGE,Jad,Fri Jul 31 2026 04:00:00 GMT-0300 (Brasilia Standard Time),14
XVLOG1,LARGE,Jad,Sat Aug 01 2026 04:00:00 GMT-0300 (Brasilia Standard Time),10
XVLOG1,LARGE,Jad,Mon Aug 03 2026 04:00:00 GMT-0300 (Brasilia Standard Time),2
XVLOG1,LARGE,Jad,Tue Aug 04 2026 04:00:00 GMT-0300 (Brasilia Standard Time),50
XVLOG1,LARGE,Jad,Wed Aug 05 2026 04:00:00 GMT-0300 (Brasilia Standard Time),14
XVLOG1,LARGE,Jad,Fri Aug 07 2026 04:00:00 GMT-0300 (Brasilia Standard Time),2
XVLOG1,LARGE,Loggi,Sat Jul 25 2026 04:00:00 GMT-0300 (Brasilia Standard Time),1
XVLOG1,LARGE,Loggi,Mon Jul 27 2026 04:00:00 GMT-0300 (Brasilia Standard Time),1
XVLOG1,LARGE,Loggi,Tue Jul 28 2026 04:00:00 GMT-0300 (Brasilia Standard Time),2
XVLOG1,LARGE,Loggi,Wed Jul 29 2026 04:00:00 GMT-0300 (Brasilia Standard Time),1
XVLOG1,LARGE,Loggi,Thu Jul 30 2026 04:00:00 GMT-0300 (Brasilia Standard Time),2
XVLOG1,LARGE,Loggi,Fri Jul 31 2026 04:00:00 GMT-0300 (Brasilia Standard Time),3
XVLOG1,LARGE,Loggi,Mon Aug 03 2026 04:00:00 GMT-0300 (Brasilia Standard Time),2
XVLOG1,LARGE,Loggi,Tue Aug 04 2026 04:00:00 GMT-0300 (Brasilia Standard Time),2
XVLOG1,LARGE,Loggi,Wed Aug 05 2026 04:00:00 GMT-0300 (Brasilia Standard Time),6
XVLOG1,LARGE,Loggi,Thu Aug 06 2026 04:00:00 GMT-0300 (Brasilia Standard Time),41
XVLOG1,LARGE,Loggi,Fri Aug 07 2026 04:00:00 GMT-0300 (Brasilia Standard Time),64
XVLOG1,LARGE,Loggi,Sat Aug 08 2026 04:00:00 GMT-0300 (Brasilia Standard Time),7
XVLOG1,LARGE,Loggi,Tue Aug 11 2026 04:00:00 GMT-0300 (Brasilia Standard Time),2
XVLOG1,OVERSIZE,Carvalima,Wed Aug 05 2026 04:00:00 GMT-0300 (Brasilia Standard Time),1
XVLOG1,OVERSIZE,Dominalog,Fri Jul 24 2026 04:00:00 GMT-0300 (Brasilia Standard Time),5
XVLOG1,OVERSIZE,Dominalog,Sat Jul 25 2026 04:00:00 GMT-0300 (Brasilia Standard Time),5
XVLOG1,OVERSIZE,Dominalog,Mon Jul 27 2026 04:00:00 GMT-0300 (Brasilia Standard Time),1
XVLOG1,OVERSIZE,Dominalog,Tue Jul 28 2026 04:00:00 GMT-0300 (Brasilia Standard Time),5
XVLOG1,OVERSIZE,Dominalog,Wed Jul 29 2026 04:00:00 GMT-0300 (Brasilia Standard Time),15
XVLOG1,OVERSIZE,Dominalog,Thu Jul 30 2026 04:00:00 GMT-0300 (Brasilia Standard Time),13
XVLOG1,OVERSIZE,Dominalog,Fri Jul 31 2026 04:00:00 GMT-0300 (Brasilia Standard Time),5
XVLOG1,OVERSIZE,Dominalog,Sat Aug 01 2026 04:00:00 GMT-0300 (Brasilia Standard Time),8
XVLOG1,OVERSIZE,Dominalog,Mon Aug 03 2026 04:00:00 GMT-0300 (Brasilia Standard Time),1
XVLOG1,OVERSIZE,Dominalog,Tue Aug 04 2026 04:00:00 GMT-0300 (Brasilia Standard Time),3
XVLOG1,OVERSIZE,Dominalog,Wed Aug 05 2026 04:00:00 GMT-0300 (Brasilia Standard Time),5
XVLOG1,OVERSIZE,Dominalog,Fri Aug 07 2026 04:00:00 GMT-0300 (Brasilia Standard Time),2
XVLOG1,OVERSIZE,Jad,Fri Jul 24 2026 04:00:00 GMT-0300 (Brasilia Standard Time),1
XVLOG1,OVERSIZE,Jad,Mon Jul 27 2026 04:00:00 GMT-0300 (Brasilia Standard Time),1
XVLOG1,OVERSIZE,Jad,Tue Jul 28 2026 04:00:00 GMT-0300 (Brasilia Standard Time),7
XVLOG1,OVERSIZE,Jad,Wed Jul 29 2026 04:00:00 GMT-0300 (Brasilia Standard Time),4
XVLOG1,OVERSIZE,Jad,Thu Jul 30 2026 04:00:00 GMT-0300 (Brasilia Standard Time),3
XVLOG1,OVERSIZE,Jad,Fri Jul 31 2026 04:00:00 GMT-0300 (Brasilia Standard Time),1
XVLOG1,OVERSIZE,Jad,Sat Aug 01 2026 04:00:00 GMT-0300 (Brasilia Standard Time),1
XVLOG1,OVERSIZE,Jad,Tue Aug 04 2026 04:00:00 GMT-0300 (Brasilia Standard Time),1
XVLOG1,OVERSIZE,Jad,Wed Aug 05 2026 04:00:00 GMT-0300 (Brasilia Standard Time),3
XVLOG1,OVERSIZE,Jad,Thu Aug 06 2026 04:00:00 GMT-0300 (Brasilia Standard Time),1
XVLOG1,OVERSIZE,Loggi,Fri Jul 24 2026 04:00:00 GMT-0300 (Brasilia Standard Time),1
XVLOG1,OVERSIZE,Loggi,Sat Jul 25 2026 04:00:00 GMT-0300 (Brasilia Standard Time),1
XVLOG1,OVERSIZE,Loggi,Mon Jul 27 2026 04:00:00 GMT-0300 (Brasilia Standard Time),1
XVLOG1,OVERSIZE,Loggi,Fri Jul 31 2026 04:00:00 GMT-0300 (Brasilia Standard Time),2
XVLOG1,OVERSIZE,Loggi,Mon Aug 03 2026 04:00:00 GMT-0300 (Brasilia Standard Time),2
XVLOG1,OVERSIZE,Loggi,Thu Aug 06 2026 04:00:00 GMT-0300 (Brasilia Standard Time),1
XVRD1,GM,Carvalima,Tue Jul 28 2026 04:00:00 GMT-0300 (Brasilia Standard Time),5
XVRD1,GM,Carvalima,Wed Jul 29 2026 04:00:00 GMT-0300 (Brasilia Standard Time),1
XVRD1,GM,J&T Nodos,Wed Jul 29 2026 04:00:00 GMT-0300 (Brasilia Standard Time),1
XVRD1,GM,J&T Nodos,Fri Jul 31 2026 04:00:00 GMT-0300 (Brasilia Standard Time),1
XVRD1,GM,J&T Nodos,Sat Aug 01 2026 04:00:00 GMT-0300 (Brasilia Standard Time),1
XVRD1,GM,J&T Nodos,Tue Aug 04 2026 04:00:00 GMT-0300 (Brasilia Standard Time),2
XVRD1,GM,J&T Nodos,Wed Aug 05 2026 04:00:00 GMT-0300 (Brasilia Standard Time),4
XVRD1,GM,J&T Nodos,Thu Aug 06 2026 04:00:00 GMT-0300 (Brasilia Standard Time),2
XVRD1,GM,J&T Nodos,Fri Aug 07 2026 04:00:00 GMT-0300 (Brasilia Standard Time),1
XVRD1,GM,J&T Nodos,Sat Aug 08 2026 04:00:00 GMT-0300 (Brasilia Standard Time),1
XVRD1,GM,J&T Nodos,Mon Aug 10 2026 04:00:00 GMT-0300 (Brasilia Standard Time),1
XVRD1,GM,J&T Nodos,Wed Aug 12 2026 04:00:00 GMT-0300 (Brasilia Standard Time),4
XVRD1,GM,J&T Nodos,Thu Aug 13 2026 04:00:00 GMT-0300 (Brasilia Standard Time),6
XVRD1,GM,Loggi,Wed Jul 29 2026 04:00:00 GMT-0300 (Brasilia Standard Time),1
XVRD1,GM,Loggi,Thu Jul 30 2026 04:00:00 GMT-0300 (Brasilia Standard Time),3
XVSP02,GM,Carvalima,Mon Jul 27 2026 04:00:00 GMT-0300 (Brasilia Standard Time),1
XVSP02,GM,Carvalima,Tue Jul 28 2026 04:00:00 GMT-0300 (Brasilia Standard Time),1
XVSP02,GM,Carvalima,Mon Aug 03 2026 04:00:00 GMT-0300 (Brasilia Standard Time),1
XVSP02,GM,J&T Slow,Sat Jul 25 2026 04:00:00 GMT-0300 (Brasilia Standard Time),7
XVSP02,GM,J&T Slow,Mon Jul 27 2026 04:00:00 GMT-0300 (Brasilia Standard Time),9
XVSP02,GM,J&T Slow,Tue Jul 28 2026 04:00:00 GMT-0300 (Brasilia Standard Time),22
XVSP02,GM,J&T Slow,Wed Jul 29 2026 04:00:00 GMT-0300 (Brasilia Standard Time),12
XVSP02,GM,J&T Slow,Thu Jul 30 2026 04:00:00 GMT-0300 (Brasilia Standard Time),14
XVSP02,GM,J&T Slow,Fri Jul 31 2026 04:00:00 GMT-0300 (Brasilia Standard Time),19
XVSP02,GM,J&T Slow,Sat Aug 01 2026 04:00:00 GMT-0300 (Brasilia Standard Time),11
XVSP02,GM,J&T Slow,Mon Aug 03 2026 04:00:00 GMT-0300 (Brasilia Standard Time),8
XVSP02,GM,J&T Slow,Tue Aug 04 2026 04:00:00 GMT-0300 (Brasilia Standard Time),8
XVSP02,GM,J&T Slow,Wed Aug 05 2026 04:00:00 GMT-0300 (Brasilia Standard Time),18
XVSP02,GM,J&T Slow,Thu Aug 06 2026 04:00:00 GMT-0300 (Brasilia Standard Time),13
XVSP02,GM,J&T Slow,Fri Aug 07 2026 04:00:00 GMT-0300 (Brasilia Standard Time),7
XVSP02,GM,J&T Slow,Sat Aug 08 2026 04:00:00 GMT-0300 (Brasilia Standard Time),1
XVSP04,GM,J&T Slow,Fri Jul 24 2026 04:00:00 GMT-0300 (Brasilia Standard Time),2
XVSP04,GM,J&T Slow,Sat Jul 25 2026 04:00:00 GMT-0300 (Brasilia Standard Time),9
XVSP04,GM,J&T Slow,Mon Jul 27 2026 04:00:00 GMT-0300 (Brasilia Standard Time),6
XVSP04,GM,J&T Slow,Tue Jul 28 2026 04:00:00 GMT-0300 (Brasilia Standard Time),10
XVSP04,GM,J&T Slow,Wed Jul 29 2026 04:00:00 GMT-0300 (Brasilia Standard Time),15
XVSP04,GM,J&T Slow,Thu Jul 30 2026 04:00:00 GMT-0300 (Brasilia Standard Time),4
XVSP04,GM,J&T Slow,Fri Jul 31 2026 04:00:00 GMT-0300 (Brasilia Standard Time),6
XVSP04,GM,J&T Slow,Sat Aug 01 2026 04:00:00 GMT-0300 (Brasilia Standard Time),6
XVSP04,GM,J&T Slow,Mon Aug 03 2026 04:00:00 GMT-0300 (Brasilia Standard Time),7
XVSP04,GM,J&T Slow,Tue Aug 04 2026 04:00:00 GMT-0300 (Brasilia Standard Time),5
XVSP04,GM,J&T Slow,Wed Aug 05 2026 04:00:00 GMT-0300 (Brasilia Standard Time),9
XVSP04,GM,J&T Slow,Thu Aug 06 2026 04:00:00 GMT-0300 (Brasilia Standard Time),11
XVSP04,GM,Jad,Fri Jul 24 2026 04:00:00 GMT-0300 (Brasilia Standard Time),13
XVSP04,GM,Jad,Sat Jul 25 2026 04:00:00 GMT-0300 (Brasilia Standard Time),41
XVSP04,GM,Jad,Mon Jul 27 2026 04:00:00 GMT-0300 (Brasilia Standard Time),3
XVSP04,GM,Jad,Tue Jul 28 2026 04:00:00 GMT-0300 (Brasilia Standard Time),3
XVSP04,GM,Jad,Fri Jul 31 2026 04:00:00 GMT-0300 (Brasilia Standard Time),1
XVSP04,GM,Jad,Sat Aug 15 2026 04:00:00 GMT-0300 (Brasilia Standard Time),1
XVSP14,GM,Carvalima,Mon Jul 27 2026 04:00:00 GMT-0300 (Brasilia Standard Time),4
XVSP14,GM,Carvalima,Tue Jul 28 2026 04:00:00 GMT-0300 (Brasilia Standard Time),1
XVSP14,GM,Carvalima,Wed Jul 29 2026 04:00:00 GMT-0300 (Brasilia Standard Time),1
XVSP14,GM,Carvalima,Mon Aug 03 2026 04:00:00 GMT-0300 (Brasilia Standard Time),5
XVSP14,GM,J&T Slow,Sat Jul 25 2026 04:00:00 GMT-0300 (Brasilia Standard Time),2
XVSP14,GM,J&T Slow,Mon Jul 27 2026 04:00:00 GMT-0300 (Brasilia Standard Time),4
XVSP14,GM,J&T Slow,Tue Jul 28 2026 04:00:00 GMT-0300 (Brasilia Standard Time),3
XVSP14,GM,J&T Slow,Wed Jul 29 2026 04:00:00 GMT-0300 (Brasilia Standard Time),9
XVSP14,GM,J&T Slow,Thu Jul 30 2026 04:00:00 GMT-0300 (Brasilia Standard Time),8
XVSP14,GM,J&T Slow,Fri Jul 31 2026 04:00:00 GMT-0300 (Brasilia Standard Time),7
XVSP14,GM,J&T Slow,Sat Aug 01 2026 04:00:00 GMT-0300 (Brasilia Standard Time),5
XVSP14,GM,J&T Slow,Mon Aug 03 2026 04:00:00 GMT-0300 (Brasilia Standard Time),5
XVSP14,GM,J&T Slow,Tue Aug 04 2026 04:00:00 GMT-0300 (Brasilia Standard Time),7
XVSP14,GM,J&T Slow,Wed Aug 05 2026 04:00:00 GMT-0300 (Brasilia Standard Time),7
XVSP14,GM,J&T Slow,Thu Aug 06 2026 04:00:00 GMT-0300 (Brasilia Standard Time),2
XVSP14,GM,J&T Slow,Fri Aug 07 2026 04:00:00 GMT-0300 (Brasilia Standard Time),2
XVXSP9,GM,Carvalima,Sat Jul 25 2026 04:00:00 GMT-0300 (Brasilia Standard Time),1
XVXSP9,GM,Carvalima,Mon Jul 27 2026 04:00:00 GMT-0300 (Brasilia Standard Time),2
XVXSP9,GM,Carvalima,Tue Jul 28 2026 04:00:00 GMT-0300 (Brasilia Standard Time),1
XVXSP9,GM,J&T Slow,Sat Jul 25 2026 04:00:00 GMT-0300 (Brasilia Standard Time),1
XVXSP9,GM,J&T Slow,Tue Jul 28 2026 04:00:00 GMT-0300 (Brasilia Standard Time),1
XVXSP9,GM,J&T Slow,Wed Jul 29 2026 04:00:00 GMT-0300 (Brasilia Standard Time),6
XVXSP9,GM,J&T Slow,Fri Jul 31 2026 04:00:00 GMT-0300 (Brasilia Standard Time),1
XVXSP9,GM,J&T Slow,Sat Aug 01 2026 04:00:00 GMT-0300 (Brasilia Standard Time),1
XVXSP9,GM,J&T Slow,Mon Aug 03 2026 04:00:00 GMT-0300 (Brasilia Standard Time),1
XVXSP9,GM,J&T Slow,Wed Aug 05 2026 04:00:00 GMT-0300 (Brasilia Standard Time),1
XVXSP9,GM,J&T Slow,Wed Aug 12 2026 04:00:00 GMT-0300 (Brasilia Standard Time),1
XVXSP9,GM,Jad,Mon Jul 27 2026 04:00:00 GMT-0300 (Brasilia Standard Time),1
XVXSP9,GM,Loggi,Mon Jul 27 2026 04:00:00 GMT-0300 (Brasilia Standard Time),1
XVXSP9,GM,Loggi,Tue Jul 28 2026 04:00:00 GMT-0300 (Brasilia Standard Time),4
XVXSP9,GM,Loggi,Wed Jul 29 2026 04:00:00 GMT-0300 (Brasilia Standard Time),5
XVXSP9,GM,Loggi,Thu Jul 30 2026 04:00:00 GMT-0300 (Brasilia Standard Time),5
XVXSP9,GM,Loggi,Fri Jul 31 2026 04:00:00 GMT-0300 (Brasilia Standard Time),2
XVXSP9,GM,Loggi,Sat Aug 01 2026 04:00:00 GMT-0300 (Brasilia Standard Time),3
XVXSP9,GM,Loggi,Mon Aug 03 2026 04:00:00 GMT-0300 (Brasilia Standard Time),1
XVXSP9,GM,Loggi,Tue Aug 04 2026 04:00:00 GMT-0300 (Brasilia Standard Time),3
XVXSP9,GM,Loggi,Wed Aug 05 2026 04:00:00 GMT-0300 (Brasilia Standard Time),1
XVXSP9,GM,Loggi,Thu Aug 06 2026 04:00:00 GMT-0300 (Brasilia Standard Time),1
XVXSP9,LARGE,Jad,Fri Jul 24 2026 04:00:00 GMT-0300 (Brasilia Standard Time),1
XVXSP9,LARGE,Jad,Sat Aug 01 2026 04:00:00 GMT-0300 (Brasilia Standard Time),1
XVXSP9,LARGE,Jad,Mon Aug 03 2026 04:00:00 GMT-0300 (Brasilia Standard Time),1